game_pk,game_date,game_type,away,home,away_runs,home_runs,home_win,starter_away,starter_home,home_starter_rest_days,home_starter_last_ip,home_bullpen_era_14,home_bullpen_ip_yesterday,home_rs_14,home_ra_14,away_starter_rest_days,away_starter_last_ip,away_bullpen_era_14,away_bullpen_ip_yesterday,away_rs_14,away_ra_14,home_won_game1,home_starter_k_pct,away_starter_k_pct,home_starter_bb_pct,away_starter_bb_pct,home_lineup_ops_vs_hand,away_lineup_ops_vs_hand
778563,2025-03-18,R,Los Angeles Dodgers,Chicago Cubs,4,1,0,Yoshinobu Yamamoto,Shota Imanaga,,,,0.0,0.0,0.0,,,,0.0,0.0,0.0,0,,,,,,
778564,2025-03-19,R,Los Angeles Dodgers,Chicago Cubs,6,3,0,Roki Sasaki,Justin Steele,,,5.4,5.0,1.0,4.0,,,0.0,4.0,4.0,1.0,0,,,,,,
778545,2025-03-27,R,Atlanta Braves,San Diego Padres,4,7,1,Chris Sale,Michael King,,,,0.0,0.0,0.0,,,,0.0,0.0,0.0,0,,,,,,
778546,2025-03-27,R,Detroit Tigers,Los Angeles Dodgers,4,5,1,Tarik Skubal,Blake Snell,,,1.8,0.0,10.0,4.0,,,,0.0,0.0,0.0,0,,,,,,
778547,2025-03-27,R,Athletics,Seattle Mariners,2,4,1,Luis Severino,Logan Gilbert,,,,0.0,0.0,0.0,,,,0.0,0.0,0.0,0,,,,,,
778551,2025-03-27,R,Minnesota Twins,St. Louis Cardinals,3,5,1,Pablo López,Sonny Gray,,,,0.0,0.0,0.0,,,,0.0,0.0,0.0,0,,,,,,
778552,2025-03-27,R,Chicago Cubs,Arizona Diamondbacks,10,6,0,Justin Steele,Zac Gallen,,,,0.0,0.0,0.0,8.0,4.0,3.6,0.0,4.0,10.0,0,,,,,,
778553,2025-03-27,R,Boston Red Sox,Texas Rangers,5,2,0,Garrett Crochet,Nathan Eovaldi,,,,0.0,0.0,0.0,,,,0.0,0.0,0.0,0,,,,,,
778554,2025-03-27,R,Los Angeles Angels,Chicago White Sox,1,8,1,Yusei Kikuchi,Sean Burke,,,,0.0,0.0,0.0,,,,0.0,0.0,0.0,0,,,,,,
778555,2025-03-27,R,Philadelphia Phillies,Washington Nationals,7,3,0,Zack Wheeler,MacKenzie Gore,,,,0.0,0.0,0.0,,,,0.0,0.0,0.0,0,,,,,,
778556,2025-03-27,R,Baltimore Orioles,Toronto Blue Jays,12,2,0,Zach Eflin,José Berríos,,,,0.0,0.0,0.0,,,,0.0,0.0,0.0,0,,,,,,
778557,2025-03-27,R,Milwaukee Brewers,New York Yankees,2,4,1,Freddy Peralta,Carlos Rodón,,,,0.0,0.0,0.0,,,,0.0,0.0,0.0,0,,,,,,
778558,2025-03-27,R,Cleveland Guardians,Kansas City Royals,7,4,0,Ben Lively,Cole Ragans,,,,0.0,0.0,0.0,,,,0.0,0.0,0.0,0,,,,,,
778559,2025-03-27,R,New York Mets,Houston Astros,1,3,1,Clay Holmes,Framber Valdez,,,,0.0,0.0,0.0,,,,0.0,0.0,0.0,0,,,,,,
778561,2025-03-27,R,San Francisco Giants,Cincinnati Reds,6,4,0,Logan Webb,Hunter Greene,,,,0.0,0.0,0.0,,,,0.0,0.0,0.0,0,,,,,,
778562,2025-03-27,R,Pittsburgh Pirates,Miami Marlins,4,5,1,Paul Skenes,Sandy Alcantara,,,,0.0,0.0,0.0,,,,0.0,0.0,0.0,0,,,,,,
778518,2025-03-28,R,New York Mets,Houston Astros,3,1,0,Tylor Megill,Hunter Brown,,,4.5,2.0,3.0,1.0,,,0.0,3.3333333333333335,1.0,3.0,1,,,,,,
778541,2025-03-28,R,Athletics,Seattle Mariners,7,0,0,Jeffrey Springs,Luis Castillo,,,4.5,2.0,4.0,2.0,,,13.5,2.0,2.0,4.0,1,,,,,,
778542,2025-03-28,R,Atlanta Braves,San Diego Padres,3,4,1,Reynaldo López,Dylan Cease,,,1.4210526315789473,6.333333333333333,7.0,4.0,,,12.0,3.0,4.0,7.0,1,,,,,,
778543,2025-03-28,R,Chicago Cubs,Arizona Diamondbacks,1,8,1,Jameson Taillon,Merrill Kelly,,,10.8,5.0,6.0,10.0,,,4.5,4.0,14.0,16.0,0,,,,,,
778544,2025-03-28,R,Detroit Tigers,Los Angeles Dodgers,5,8,1,Jack Flaherty,Yoshinobu Yamamoto,10.0,5.0,2.5714285714285716,4.0,15.0,8.0,,,3.0,3.0,4.0,5.0,1,,,,,,
778548,2025-03-28,R,Pittsburgh Pirates,Miami Marlins,4,3,0,Mitch Keller,Connor Gillispie,,,4.153846153846154,4.333333333333333,5.0,4.0,,,10.125,2.6666666666666665,4.0,5.0,1,,,,,,
778549,2025-03-28,R,Baltimore Orioles,Toronto Blue Jays,2,8,1,Charlie Morton,Kevin Gausman,,,13.5,4.0,2.0,12.0,,,0.0,3.0,12.0,2.0,0,,,,,,
778550,2025-03-28,R,Boston Red Sox,Texas Rangers,1,4,1,Tanner Houck,Jack Leiter,,,9.0,3.0,2.0,5.0,,,0.0,4.0,5.0,2.0,0,,,,,,
778560,2025-03-28,R,Colorado Rockies,Tampa Bay Rays,2,3,1,Kyle Freeland,Ryan Pepiot,,,,0.0,0.0,0.0,,,,0.0,0.0,0.0,0,,,,,,
778520,2025-03-29,R,Atlanta Braves,San Diego Padres,0,1,1,Spencer Schwellenbach,Randy Vásquez,,,0.8181818181818182,4.666666666666667,11.0,7.0,,,7.5,3.0,7.0,11.0,1,,,,,,
778521,2025-03-29,R,Athletics,Seattle Mariners,4,2,0,Osvaldo Bido,Bryce Miller,,,9.0,4.0,4.0,9.0,,,5.4,3.0,9.0,4.0,1,,,,,,
778528,2025-03-29,R,Minnesota Twins,St. Louis Cardinals,1,5,1,Joe Ryan,Erick Fedde,,,2.25,0.0,5.0,3.0,,,3.0,0.0,3.0,5.0,1,,,,,,
778529,2025-03-29,R,Cleveland Guardians,Kansas City Royals,3,4,1,Gavin Williams,Seth Lugo,,,5.4,0.0,4.0,7.0,,,1.8,0.0,7.0,4.0,0,,,,,,
778530,2025-03-29,R,New York Mets,Houston Astros,1,2,1,Griffin Canning,Spencer Arrighetti,,,1.8,3.0,4.0,4.0,,,0.0,4.0,4.0,4.0,1,,,,,,
778531,2025-03-29,R,Boston Red Sox,Texas Rangers,3,4,1,Walker Buehler,Tyler Mahle,,,3.857142857142857,4.0,6.0,6.0,,,0.0,2.3333333333333335,6.0,6.0,0,,,,,,
778532,2025-03-29,R,Chicago Cubs,Arizona Diamondbacks,4,3,0,Shota Imanaga,Brandon Pfaadt,,,6.230769230769231,3.6666666666666665,14.0,11.0,11.0,4.0,4.584905660377358,3.6666666666666665,15.0,24.0,0,,,,,,
778533,2025-03-29,R,Detroit Tigers,Los Angeles Dodgers,3,7,1,Reese Olson,Roki Sasaki,10.0,3.0,2.8421052631578947,5.0,23.0,13.0,,,8.1,3.6666666666666665,9.0,13.0,1,,,,,,
778534,2025-03-29,R,Los Angeles Angels,Chicago White Sox,1,0,0,José Soriano,Jonathan Cannon,,,3.0,0.0,8.0,1.0,,,22.5,0.0,1.0,8.0,1,,,,,,
778535,2025-03-29,R,Philadelphia Phillies,Washington Nationals,11,6,0,Jesús Luzardo,Jake Irvin,,,13.5,0.0,3.0,7.0,,,4.5,0.0,7.0,3.0,0,,,,,,
778536,2025-03-29,R,Baltimore Orioles,Toronto Blue Jays,9,5,0,Dean Kremer,Max Scherzer,,,7.714285714285714,3.0,10.0,14.0,,,3.5217391304347827,4.666666666666667,14.0,10.0,0,,,,,,
778537,2025-03-29,R,Colorado Rockies,Tampa Bay Rays,2,1,0,Antonio Senzatela,Zack Littell,,,0.0,3.0,3.0,2.0,,,13.5,2.0,2.0,3.0,1,,,,,,
778538,2025-03-29,R,Milwaukee Brewers,New York Yankees,9,20,1,Nestor Cortes,Max Fried,,,2.4545454545454546,0.0,4.0,2.0,,,6.0,0.0,2.0,4.0,1,,,,,,
778539,2025-03-29,R,Pittsburgh Pirates,Miami Marlins,4,5,1,Bailey Falter,Valente Bellozo,,,2.16,4.0,8.0,8.0,,,7.9411764705882355,3.0,8.0,8.0,1,,,,,,
778540,2025-03-29,R,San Francisco Giants,Cincinnati Reds,2,3,1,Justin Verlander,Nick Lodolo,,,9.0,0.0,4.0,6.0,,,2.25,0.0,6.0,4.0,0,,,,,,
778510,2025-03-30,R,Cleveland Guardians,Kansas City Royals,6,2,0,Tanner Bibee,Michael Wacha,,,3.0,4.0,8.0,10.0,,,3.375,3.0,10.0,8.0,0,,,,,,
778513,2025-03-30,R,Athletics,Seattle Mariners,1,2,1,JP Sears,Bryan Woo,,,5.785714285714286,3.3333333333333335,6.0,13.0,,,3.0,4.0,13.0,6.0,1,,,,,,
778514,2025-03-30,R,Atlanta Braves,San Diego Padres,0,5,1,AJ Smith-Shawver,Nick Pivetta,,,0.6428571428571429,3.0,12.0,7.0,,,6.75,2.0,7.0,12.0,1,,,,,,
778515,2025-03-30,R,Chicago Cubs,Arizona Diamondbacks,6,10,1,Matthew Boyd,Eduardo Rodriguez,,,5.4,3.0,17.0,15.0,,,5.033898305084746,2.0,19.0,27.0,0,,,,,,
778516,2025-03-30,R,Boston Red Sox,Texas Rangers,2,3,1,Richard Fitts,Jacob deGrom,,,3.13953488372093,7.333333333333333,10.0,9.0,,,0.0,3.6666666666666665,9.0,10.0,0,,,,,,
778517,2025-03-30,R,Minnesota Twins,St. Louis Cardinals,2,9,1,Bailey Ober,Andre Pallante,,,1.2857142857142858,3.0,10.0,4.0,,,7.5,3.0,4.0,10.0,1,,,,,,
778519,2025-03-30,R,Pittsburgh Pirates,Miami Marlins,2,3,1,Andrew Heaney,Max Meyer,,,1.6875,7.666666666666667,13.0,12.0,,,4.909090909090909,5.333333333333333,12.0,13.0,1,,,,,,
778522,2025-03-30,R,San Francisco Giants,Cincinnati Reds,6,3,0,Robbie Ray,Nick Martinez,,,5.142857142857143,3.0,7.0,8.0,,,2.5714285714285716,3.0,8.0,7.0,0,,,,,,
778523,2025-03-30,R,Milwaukee Brewers,New York Yankees,3,12,1,Aaron Civale,Marcus Stroman,,,4.5,4.333333333333333,24.0,11.0,,,12.0,6.0,11.0,24.0,1,,,,,,
778524,2025-03-30,R,Colorado Rockies,Tampa Bay Rays,4,6,1,Ryan Feltner,Taj Bradley,,,1.5,3.0,4.0,4.0,,,5.4,4.666666666666667,4.0,4.0,1,,,,,,
778525,2025-03-30,R,Baltimore Orioles,Toronto Blue Jays,1,3,1,Tomoyuki Sugano,Chris Bassitt,,,9.0,6.0,15.0,23.0,,,2.3823529411764706,3.6666666666666665,23.0,15.0,0,,,,,,
778526,2025-03-30,R,Philadelphia Phillies,Washington Nationals,1,5,1,Aaron Nola,Mitchell Parker,,,16.875,4.0,9.0,18.0,,,6.75,4.0,18.0,9.0,0,,,,,,
778527,2025-03-30,R,Los Angeles Angels,Chicago White Sox,3,2,0,Jack Kochanowicz,Davis Martin,,,2.5714285714285716,4.0,8.0,2.0,,,11.25,2.0,2.0,8.0,1,,,,,,
778496,2025-03-31,R,Detroit Tigers,Seattle Mariners,9,6,0,Jackson Jobe,Emerson Hancock,,,4.378378378378378,3.0,8.0,14.0,,,8.1,0.0,12.0,20.0,0,,,,,,
778499,2025-03-31,R,Cleveland Guardians,San Diego Padres,2,7,1,Luis Ortiz,Kyle Hart,,,0.5625,2.0,17.0,7.0,,,2.3823529411764706,3.3333333333333335,16.0,10.0,0,,,,,,
778500,2025-03-31,R,Atlanta Braves,Los Angeles Dodgers,1,6,1,Grant Holmes,Tyler Glasnow,,,2.392405063291139,0.0,30.0,16.0,,,6.75,4.0,7.0,17.0,0,,,,,,
778501,2025-03-31,R,Chicago Cubs,Athletics,18,3,0,Ben Brown,Joey Estes,,,2.6129032258064515,1.3333333333333333,14.0,8.0,,,8.338235294117647,3.0,25.0,37.0,0,,,,,,
778502,2025-03-31,R,Colorado Rockies,Philadelphia Phillies,1,6,1,Germán Márquez,Cristopher Sánchez,,,5.0625,2.6666666666666665,19.0,14.0,,,7.448275862068965,3.0,8.0,10.0,0,,,,,,
778503,2025-03-31,R,Los Angeles Angels,St. Louis Cardinals,5,4,0,Tyler Anderson,Miles Mikolas,,,0.8181818181818182,4.0,19.0,6.0,,,6.428571428571429,3.0,5.0,10.0,0,,,,,,
778504,2025-03-31,R,Kansas City Royals,Milwaukee Brewers,11,1,0,Kris Bubic,Elvin Rodríguez,,,12.214285714285714,5.0,14.0,36.0,,,5.142857142857143,5.0,10.0,16.0,0,,,,,,
778505,2025-03-31,R,San Francisco Giants,Houston Astros,7,2,0,Jordan Hicks,Ronel Blanco,,,1.125,0.0,6.0,5.0,,,1.6875,3.6666666666666665,14.0,10.0,0,,,,,,
778506,2025-03-31,R,Minnesota Twins,Chicago White Sox,0,9,1,Chris Paddack,Martín Pérez,,,2.7,3.0,10.0,5.0,,,4.764705882352941,5.333333333333333,6.0,19.0,0,,,,,,
778507,2025-03-31,R,Washington Nationals,Toronto Blue Jays,2,5,1,Michael Soroka,Bowden Francis,,,7.3125,3.0,18.0,24.0,,,13.5,2.6666666666666665,14.0,19.0,0,,,,,,
778508,2025-03-31,R,Pittsburgh Pirates,Tampa Bay Rays,1,6,1,Carmen Mlodzinski,Drew Rasmussen,,,3.0,3.0,10.0,8.0,,,4.5,3.0,14.0,16.0,0,,,,,,
778509,2025-03-31,R,New York Mets,Miami Marlins,10,4,0,David Peterson,Cal Quantrill,,,1.396551724137931,3.3333333333333335,16.0,14.0,,,0.0,0.0,5.0,6.0,0,,,,,,
778511,2025-03-31,R,Texas Rangers,Cincinnati Reds,3,14,1,Kumar Rocker,Brady Singer,,,3.6,3.0,10.0,14.0,,,2.9454545454545453,4.0,13.0,11.0,0,,,,,,
778512,2025-03-31,R,Boston Red Sox,Baltimore Orioles,5,8,1,Sean Newcomb,Cade Povich,,,2.347826086956522,4.0,24.0,18.0,,,0.0,2.0,11.0,13.0,0,,,,,,
778485,2025-04-01,R,Cleveland Guardians,San Diego Padres,0,7,1,Logan Allen,Michael King,5.0,2.6666666666666665,0.45,4.0,24.0,9.0,,,1.8409090909090908,3.3333333333333335,18.0,17.0,1,,,,,,
778486,2025-04-01,R,Detroit Tigers,Seattle Mariners,4,1,0,Casey Mize,Logan Gilbert,5.0,7.0,3.9193548387096775,8.333333333333334,14.0,23.0,,,7.2,5.0,21.0,26.0,0,,,,,,
778487,2025-04-01,R,Atlanta Braves,Los Angeles Dodgers,1,3,1,Chris Sale,Dustin May,,,2.3736263736263736,4.0,36.0,17.0,5.0,5.0,6.1875,4.0,8.0,23.0,1,,,,,,
778488,2025-04-01,R,Kansas City Royals,Milwaukee Brewers,0,5,1,Michael Lorenzen,Chad Patrick,,,12.31578947368421,5.0,15.0,47.0,,,4.764705882352941,3.0,21.0,17.0,0,,,,,,
778489,2025-04-01,R,San Francisco Giants,Houston Astros,3,1,0,Logan Webb,Hayden Wesneski,,,3.75,4.0,8.0,12.0,5.0,5.0,2.6341463414634148,3.0,21.0,12.0,0,,,,,,
778490,2025-04-01,R,Minnesota Twins,Chicago White Sox,8,3,0,Simeon Woods Richardson,Shane Smith,,,2.076923076923077,3.0,19.0,5.0,,,3.375,4.666666666666667,6.0,28.0,1,,,,,,
778491,2025-04-01,R,Washington Nationals,Toronto Blue Jays,3,5,1,Trevor Williams,José Berríos,5.0,5.0,6.157894736842105,3.0,23.0,26.0,,,11.195121951219512,3.0,16.0,24.0,1,,,,,,
778492,2025-04-01,R,Arizona Diamondbacks,New York Yankees,7,5,0,Corbin Burnes,Will Warren,,,2.918918918918919,0.0,36.0,14.0,,,5.869565217391305,0.0,27.0,21.0,0,,,,,,
778493,2025-04-01,R,Pittsburgh Pirates,Tampa Bay Rays,0,7,1,Thomas Harrington,Shane Baz,,,2.769230769230769,4.0,16.0,9.0,,,4.418181818181818,4.333333333333333,15.0,22.0,1,,,,,,
778494,2025-04-01,R,Chicago Cubs,Athletics,7,4,0,Justin Steele,Luis Severino,5.0,6.0,7.630434782608695,5.0,17.0,26.0,5.0,5.0,7.0875,4.0,43.0,40.0,0,,,,,,
778495,2025-04-01,R,Los Angeles Angels,St. Louis Cardinals,9,7,0,Kyle Hendricks,Matthew Liberatore,,,1.7234042553191489,4.666666666666667,23.0,11.0,,,3.75,5.0,10.0,14.0,0,,,,,,
778497,2025-04-01,R,New York Mets,Miami Marlins,2,4,1,Kodai Senga,Sandy Alcantara,5.0,4.666666666666667,2.589041095890411,5.0,20.0,24.0,,,1.4210526315789473,3.0,15.0,10.0,0,,,,,,
778498,2025-04-01,R,Texas Rangers,Cincinnati Reds,1,0,0,Nathan Eovaldi,Carson Spiers,,,5.25,2.0,24.0,17.0,5.0,6.0,3.857142857142857,5.0,16.0,25.0,1,,,,,,
778469,2025-04-02,R,Detroit Tigers,Seattle Mariners,2,3,1,Tarik Skubal,Luis Castillo,5.0,5.0,3.6486486486486487,4.0,15.0,27.0,6.0,5.0,6.381818181818182,3.3333333333333335,25.0,27.0,0,,,,,,
778471,2025-04-02,R,Chicago Cubs,Athletics,10,2,0,Jameson Taillon,Jeffrey Springs,5.0,6.0,6.872727272727273,3.0,21.0,33.0,5.0,4.333333333333333,6.75,2.3333333333333335,49.0,40.0,0,,,,,,
778472,2025-04-02,R,Atlanta Braves,Los Angeles Dodgers,5,6,1,Bryce Elder,Blake Snell,6.0,5.0,2.3736263736263736,4.0,35.0,17.0,,,5.2105263157894735,3.0,9.0,26.0,1,,,,,,
778473,2025-04-02,R,Los Angeles Angels,St. Louis Cardinals,5,12,1,Yusei Kikuchi,Sonny Gray,6.0,5.0,3.0483870967741935,5.0,30.0,20.0,6.0,6.0,3.7058823529411766,5.0,19.0,21.0,0,,,,,,
778474,2025-04-02,R,Minnesota Twins,Chicago White Sox,6,1,0,Pablo López,Sean Burke,6.0,6.0,4.959183673469388,3.3333333333333335,22.0,13.0,6.0,5.0,3.0,5.0,14.0,31.0,1,,,,,,
778475,2025-04-02,R,San Francisco Giants,Houston Astros,6,3,0,Landen Roupp,Framber Valdez,6.0,7.0,2.8125,4.0,9.0,15.0,,,2.297872340425532,2.0,24.0,13.0,0,,,,,,
778476,2025-04-02,R,Cleveland Guardians,San Diego Padres,2,5,1,Ben Lively,Dylan Cease,5.0,4.333333333333333,0.375,4.0,31.0,9.0,6.0,5.0,2.076923076923077,2.6666666666666665,18.0,24.0,1,,,,,,
778477,2025-04-02,R,Kansas City Royals,Milwaukee Brewers,2,3,1,Cole Ragans,Freddy Peralta,6.0,5.0,10.028571428571428,4.333333333333333,20.0,47.0,6.0,5.0,4.576271186440678,2.6666666666666665,21.0,22.0,0,,,,,,
778478,2025-04-02,R,Washington Nationals,Toronto Blue Jays,2,4,1,MacKenzie Gore,Easton Lucas,,,5.641791044776119,3.3333333333333335,28.0,29.0,6.0,6.0,9.18,3.0,19.0,29.0,1,,,,,,
778479,2025-04-02,R,Pittsburgh Pirates,Tampa Bay Rays,4,2,0,Paul Skenes,Ryan Pepiot,5.0,6.0,2.25,3.0,23.0,9.0,6.0,5.333333333333333,4.029850746268656,4.0,15.0,29.0,1,,,,,,
778480,2025-04-02,R,Texas Rangers,Cincinnati Reds,1,0,0,Jack Leiter,Hunter Greene,6.0,5.0,4.2,3.0,24.0,18.0,5.0,5.0,3.857142857142857,0.0,17.0,25.0,1,,,,,,
778481,2025-04-02,R,New York Mets,Miami Marlins,6,5,0,Clay Holmes,Connor Gillispie,5.0,5.0,2.223529411764706,4.0,24.0,26.0,6.0,4.666666666666667,1.148936170212766,3.0,17.0,14.0,0,,,,,,
778482,2025-04-02,R,Colorado Rockies,Philadelphia Phillies,1,5,1,Kyle Freeland,Zack Wheeler,6.0,6.0,3.7674418604651163,0.0,25.0,15.0,5.0,6.0,10.8,0.0,9.0,16.0,1,,,,,,
778483,2025-04-02,R,Boston Red Sox,Baltimore Orioles,3,0,0,Garrett Crochet,Zach Eflin,6.0,6.0,2.7,0.0,32.0,23.0,6.0,5.0,2.25,0.0,16.0,21.0,1,,,,,,
778484,2025-04-02,R,Arizona Diamondbacks,New York Yankees,4,3,0,Zac Gallen,Carlos Rodón,6.0,5.333333333333333,4.959183673469388,4.0,41.0,21.0,6.0,4.0,4.95,4.666666666666667,34.0,26.0,0,,,,,,
778462,2025-04-03,R,Houston Astros,Minnesota Twins,5,2,0,Hunter Brown,Joe Ryan,5.0,5.0,2.739130434782609,2.0,20.0,32.0,6.0,6.0,2.7,4.0,12.0,21.0,0,,,,,,
778466,2025-04-03,R,Arizona Diamondbacks,New York Yankees,7,9,1,Merrill Kelly,Carlos Carrasco,,,4.189655172413793,3.0,44.0,25.0,6.0,5.333333333333333,5.641791044776119,2.3333333333333335,38.0,29.0,0,,,,,,
778467,2025-04-03,R,Colorado Rockies,Philadelphia Phillies,1,3,1,Antonio Senzatela,Taijuan Walker,,,3.306122448979592,2.0,30.0,16.0,5.0,4.333333333333333,11.076923076923077,1.3333333333333333,10.0,21.0,1,,,,,,
778468,2025-04-03,R,Cincinnati Reds,Milwaukee Brewers,0,1,1,Nick Lodolo,Nestor Cortes,5.0,2.0,8.886075949367088,3.0,23.0,49.0,5.0,6.0,3.7058823529411766,2.0,24.0,19.0,0,,,,,,
778470,2025-04-03,R,Boston Red Sox,Baltimore Orioles,8,4,0,Tanner Houck,Charlie Morton,6.0,3.3333333333333335,2.347826086956522,3.0,32.0,26.0,6.0,5.666666666666667,2.1176470588235294,1.0,19.0,21.0,1,,,,,,
778444,2025-04-04,R,Seattle Mariners,San Francisco Giants,9,10,1,Luis F. Castillo,Justin Verlander,6.0,5.0,1.7419354838709677,0.0,30.0,16.0,,,3.375,0.0,18.0,29.0,0,,,,,,
778447,2025-04-04,R,Cleveland Guardians,Los Angeles Angels,8,6,0,Gavin Williams,José Soriano,6.0,7.0,7.105263157894737,0.0,24.0,33.0,6.0,5.0,2.142857142857143,0.0,20.0,29.0,0,,,,,,
778453,2025-04-04,R,Cincinnati Reds,Milwaukee Brewers,2,3,1,Nick Martinez,Tyler Alexander,,,7.9772727272727275,3.0,24.0,49.0,5.0,6.0,3.4363636363636365,1.3333333333333333,24.0,20.0,1,,,,,,
778454,2025-04-04,R,Tampa Bay Rays,Texas Rangers,2,5,1,Zack Littell,Tyler Mahle,6.0,1.6666666666666667,3.292682926829268,0.0,18.0,25.0,6.0,6.0,2.7,0.0,25.0,13.0,0,,,,,,
778455,2025-04-04,R,Baltimore Orioles,Kansas City Royals,2,8,1,Dean Kremer,Seth Lugo,6.0,5.0,3.6,0.0,23.0,25.0,6.0,5.333333333333333,3.0,4.0,36.0,34.0,0,,,,,,
778456,2025-04-04,R,Athletics,Colorado Rockies,6,3,0,Osvaldo Bido,Ryan Feltner,5.0,5.0,9.76595744680851,2.6666666666666665,11.0,24.0,6.0,5.0,7.027397260273973,0.0,23.0,43.0,0,,,,,,
778457,2025-04-04,R,Arizona Diamondbacks,Washington Nationals,6,4,0,Brandon Pfaadt,Jake Irvin,6.0,5.0,7.779661016949152,0.0,21.0,33.0,6.0,6.0,4.725,4.333333333333333,45.0,38.0,0,,,,,,
778458,2025-04-04,R,Chicago White Sox,Detroit Tigers,4,7,1,Jonathan Cannon,Jack Flaherty,7.0,5.666666666666667,5.661290322580645,0.0,27.0,30.0,6.0,5.0,3.857142857142857,0.0,23.0,19.0,0,,,,,,
778459,2025-04-04,R,Los Angeles Dodgers,Philadelphia Phillies,2,3,1,Yoshinobu Yamamoto,Jesús Luzardo,6.0,5.0,3.2586206896551726,3.0,33.0,17.0,7.0,5.0,1.8409090909090908,0.0,35.0,19.0,0,,,,,,
778460,2025-04-04,R,San Diego Padres,Chicago Cubs,1,3,1,Randy Vásquez,Shota Imanaga,6.0,7.0,6.954545454545454,0.0,56.0,36.0,6.0,6.0,0.675,0.0,36.0,11.0,0,,,,,,
778461,2025-04-04,R,New York Yankees,Pittsburgh Pirates,9,4,0,Max Fried,Mitch Keller,7.0,6.0,4.068493150684931,0.0,19.0,31.0,6.0,4.666666666666667,5.086956521739131,3.6666666666666665,53.0,32.0,0,,,,,,
778463,2025-04-04,R,St. Louis Cardinals,Boston Red Sox,9,13,1,Erick Fedde,Walker Buehler,6.0,4.333333333333333,2.0454545454545454,5.0,27.0,25.0,6.0,6.0,2.6619718309859155,0.0,42.0,25.0,0,,,,,,
778464,2025-04-04,R,Miami Marlins,Atlanta Braves,0,10,1,Max Meyer,Spencer Schwellenbach,6.0,6.0,5.4,0.0,14.0,32.0,5.0,5.666666666666667,2.621359223300971,0.0,29.0,32.0,0,,,,,,
778465,2025-04-04,R,Toronto Blue Jays,New York Mets,0,5,1,Kevin Gausman,Tylor Megill,7.0,5.0,1.6363636363636365,0.0,23.0,19.0,7.0,6.0,5.468354430379747,0.0,32.0,31.0,0,,,,,,
778436,2025-04-05,R,Seattle Mariners,San Francisco Giants,1,4,1,Bryce Miller,Robbie Ray,6.0,5.333333333333333,1.8409090909090908,8.666666666666666,40.0,25.0,7.0,5.666666666666667,4.194174757281553,7.666666666666667,27.0,39.0,1,,,,,,
778437,2025-04-05,R,Cleveland Guardians,Los Angeles Angels,4,10,1,Tanner Bibee,Jack Kochanowicz,6.0,6.0,7.147058823529412,3.6666666666666665,30.0,41.0,6.0,5.666666666666667,2.3333333333333335,6.0,28.0,35.0,0,,,,,,
778438,2025-04-05,R,Tampa Bay Rays,Texas Rangers,4,6,1,Taj Bradley,Jacob deGrom,6.0,5.0,3.4468085106382977,4.0,23.0,27.0,6.0,6.0,2.5714285714285716,1.0,27.0,18.0,1,,,,,,
778439,2025-04-05,R,Cincinnati Reds,Milwaukee Brewers,11,7,0,Brady Singer,Elvin Rodríguez,5.0,4.0,7.163265306122449,3.3333333333333335,27.0,51.0,5.0,7.0,2.9076923076923076,3.3333333333333335,26.0,23.0,1,,,,,,
778440,2025-04-05,R,Houston Astros,Minnesota Twins,1,6,1,Spencer Arrighetti,Bailey Ober,6.0,2.6666666666666665,2.6666666666666665,0.0,22.0,37.0,7.0,6.0,2.347826086956522,0.0,17.0,23.0,0,,,,,,
778441,2025-04-05,R,Baltimore Orioles,Kansas City Royals,8,1,0,Tomoyuki Sugano,Michael Wacha,6.0,4.0,3.2142857142857144,3.0,31.0,27.0,6.0,4.0,4.108695652173913,3.6666666666666665,38.0,42.0,1,,,,,,
778442,2025-04-05,R,Athletics,Colorado Rockies,7,4,0,JP Sears,Germán Márquez,5.0,6.0,7.892307692307693,6.0,14.0,30.0,6.0,6.666666666666667,5.934065934065934,6.0,29.0,46.0,0,,,,,,
778445,2025-04-05,R,Chicago White Sox,Detroit Tigers,2,7,1,Davis Martin,Reese Olson,7.0,4.666666666666667,6.0,3.3333333333333335,34.0,34.0,6.0,6.0,4.618421052631579,4.333333333333333,27.0,26.0,1,,,,,,
778446,2025-04-05,R,Toronto Blue Jays,New York Mets,2,3,1,Chris Bassitt,Griffin Canning,7.0,5.666666666666667,1.4025974025974026,3.6666666666666665,28.0,19.0,6.0,6.0,5.586206896551724,2.6666666666666665,32.0,36.0,1,,,,,,
778448,2025-04-05,R,Los Angeles Dodgers,Philadelphia Phillies,3,1,0,Roki Sasaki,Aaron Nola,6.0,5.333333333333333,3.796875,2.0,36.0,19.0,7.0,1.6666666666666667,2.297872340425532,2.0,37.0,22.0,1,,,,,,
778449,2025-04-05,R,New York Yankees,Pittsburgh Pirates,10,4,0,Marcus Stroman,Bailey Falter,7.0,6.0,3.943820224719101,5.333333333333333,23.0,40.0,6.0,4.666666666666667,5.468354430379747,3.3333333333333335,62.0,36.0,0,,,,,,
778450,2025-04-05,R,San Diego Padres,Chicago Cubs,1,7,1,Nick Pivetta,Matthew Boyd,6.0,5.0,6.464788732394366,1.6666666666666667,59.0,37.0,6.0,7.0,0.6,3.3333333333333335,37.0,14.0,1,,,,,,
778451,2025-04-05,R,Miami Marlins,Atlanta Braves,4,0,0,Cal Quantrill,AJ Smith-Shawver,6.0,4.0,5.178082191780822,1.0,24.0,32.0,5.0,4.0,4.2110091743119265,2.0,29.0,42.0,1,,,,,,
778452,2025-04-05,R,Arizona Diamondbacks,Washington Nationals,3,4,1,Eduardo Rodriguez,Mitchell Parker,6.0,6.333333333333333,7.225352112676056,4.0,25.0,39.0,6.0,5.333333333333333,4.247191011235955,3.0,51.0,42.0,0,,,,,,
778419,2025-04-06,R,Houston Astros,Minnesota Twins,9,7,0,Ronel Blanco,Chris Paddack,6.0,3.3333333333333335,2.25,5.0,28.0,38.0,6.0,5.0,1.975609756097561,4.333333333333333,18.0,29.0,0,,,,,,
778420,2025-04-06,R,Tampa Bay Rays,Texas Rangers,3,4,1,Drew Rasmussen,Kumar Rocker,6.0,3.0,3.1153846153846154,3.3333333333333335,29.0,31.0,6.0,5.0,3.0,3.0,31.0,24.0,1,,,,,,
778421,2025-04-06,R,Cincinnati Reds,Milwaukee Brewers,2,8,1,Carson Spiers,Chad Patrick,5.0,4.666666666666667,7.363636363636363,4.0,34.0,62.0,5.0,6.0,3.155844155844156,4.0,37.0,30.0,1,,,,,,
778422,2025-04-06,R,Baltimore Orioles,Kansas City Royals,1,4,1,Cade Povich,Kris Bubic,6.0,6.0,4.0212765957446805,3.3333333333333335,32.0,35.0,6.0,4.333333333333333,3.6699029126213594,3.6666666666666665,46.0,43.0,1,,,,,,
778423,2025-04-06,R,Athletics,Colorado Rockies,5,12,1,Joey Estes,Chase Dollander,,,7.714285714285714,4.0,18.0,37.0,6.0,4.0,5.7272727272727275,2.6666666666666665,36.0,50.0,0,,,,,,
778425,2025-04-06,R,Cleveland Guardians,Los Angeles Angels,2,6,1,Luis Ortiz,Tyler Anderson,6.0,5.0,6.4125,4.0,40.0,45.0,6.0,4.666666666666667,2.903225806451613,4.0,32.0,45.0,0,,,,,,
778427,2025-04-06,R,Seattle Mariners,San Francisco Giants,4,5,1,Bryan Woo,Jordan Hicks,6.0,6.0,1.6701030927835052,3.0,44.0,26.0,7.0,6.0,3.891891891891892,2.6666666666666665,28.0,43.0,1,,,,,,
778428,2025-04-06,R,New York Yankees,Pittsburgh Pirates,4,5,1,Will Warren,Andrew Heaney,7.0,5.0,4.153846153846154,5.0,27.0,50.0,5.0,5.0,4.595744680851064,5.0,72.0,40.0,0,,,,,,
778429,2025-04-06,R,Arizona Diamondbacks,Washington Nationals,4,5,1,Corbin Burnes,Trevor Williams,5.0,5.0,7.0875,3.0,29.0,42.0,5.0,4.333333333333333,3.857142857142857,3.0,54.0,46.0,0,,,,,,
778430,2025-04-06,R,San Diego Padres,Chicago Cubs,8,7,0,Kyle Hart,Ben Brown,6.0,5.0,6.075,3.0,66.0,38.0,6.0,5.0,1.542857142857143,5.0,38.0,21.0,1,,,,,,
778433,2025-04-06,R,Chicago White Sox,Detroit Tigers,3,4,1,Martín Pérez,Jackson Jobe,6.0,4.0,5.333333333333333,3.0,41.0,36.0,6.0,6.0,4.129411764705883,3.0,29.0,33.0,1,,,,,,
778434,2025-04-06,R,Los Angeles Dodgers,Philadelphia Phillies,7,8,1,Tyler Glasnow,Cristopher Sánchez,6.0,5.333333333333333,3.328767123287671,3.0,37.0,22.0,6.0,5.0,1.981651376146789,5.0,40.0,23.0,1,,,,,,
778435,2025-04-06,R,Toronto Blue Jays,New York Mets,1,2,1,Bowden Francis,David Peterson,6.0,6.0,1.4673913043478262,5.0,31.0,21.0,6.0,6.0,6.096774193548387,2.0,34.0,39.0,1,,,,,,
778443,2025-04-06,R,St. Louis Cardinals,Boston Red Sox,4,5,1,Andre Pallante,Sean Newcomb,6.0,4.0,2.769230769230769,0.0,40.0,34.0,7.0,5.0,4.395348837209302,0.0,51.0,38.0,1,,,,,,
778432,2025-04-06,R,St. Louis Cardinals,Boston Red Sox,7,18,1,Miles Mikolas,Hunter Dobbins,,,3.1595744680851063,0.0,45.0,38.0,6.0,5.333333333333333,4.2772277227722775,0.0,55.0,43.0,1,,,,,,
778405,2025-04-07,R,Houston Astros,Seattle Mariners,3,4,1,Hayden Wesneski,Logan Gilbert,6.0,5.0,3.857142857142857,2.6666666666666665,32.0,48.0,6.0,5.0,2.2710280373831777,8.333333333333334,27.0,36.0,0,,,,,,
778410,2025-04-07,R,Cincinnati Reds,San Francisco Giants,2,0,0,Hunter Greene,Logan Webb,6.0,7.0,1.75,3.6666666666666665,49.0,30.0,5.0,7.0,3.857142857142857,4.666666666666667,39.0,38.0,0,,,,,,
778411,2025-04-07,R,Texas Rangers,Chicago Cubs,0,7,1,Nathan Eovaldi,Justin Steele,6.0,6.666666666666667,5.684210526315789,5.0,73.0,46.0,6.0,9.0,3.2586206896551726,4.0,33.0,34.0,0,,,,,,
778412,2025-04-07,R,Minnesota Twins,Kansas City Royals,2,4,1,Simeon Woods Richardson,Michael Lorenzen,6.0,5.333333333333333,3.742574257425743,2.3333333333333335,36.0,36.0,6.0,4.0,2.8421052631578947,6.0,35.0,47.0,0,,,,,,
778413,2025-04-07,R,Baltimore Orioles,Arizona Diamondbacks,5,1,0,Zach Eflin,Zac Gallen,5.0,6.666666666666667,3.7850467289719627,3.0,58.0,51.0,5.0,6.0,3.467889908256881,2.0,47.0,47.0,0,,,,,,
778414,2025-04-07,R,San Diego Padres,Athletics,5,4,0,Michael King,Luis Severino,6.0,6.0,6.394736842105263,5.0,41.0,62.0,6.0,5.0,1.6615384615384616,8.333333333333334,46.0,28.0,0,,,,,,
778415,2025-04-07,R,St. Louis Cardinals,Pittsburgh Pirates,4,8,1,Matthew Liberatore,Carmen Mlodzinski,7.0,3.6666666666666665,4.422413793103448,4.0,32.0,54.0,6.0,6.0,5.3076923076923075,10.333333333333334,62.0,61.0,0,,,,,,
778416,2025-04-07,R,Miami Marlins,New York Mets,0,2,1,Valente Bellozo,Kodai Senga,6.0,5.0,1.2857142857142858,4.333333333333333,33.0,22.0,9.0,4.333333333333333,3.793388429752066,0.0,33.0,42.0,0,,,,,,
778418,2025-04-07,R,Los Angeles Dodgers,Washington Nationals,4,6,1,Dustin May,MacKenzie Gore,5.0,5.0,6.456521739130435,4.0,34.0,46.0,6.0,5.0,2.338582677165354,6.0,47.0,31.0,0,,,,,,
778424,2025-04-07,R,New York Yankees,Detroit Tigers,2,6,1,Carlos Rodón,Casey Mize,6.0,5.666666666666667,4.645161290322581,4.0,45.0,39.0,5.0,6.0,3.8230088495575223,6.333333333333333,76.0,45.0,0,,,,,,
778426,2025-04-07,R,Toronto Blue Jays,Boston Red Sox,6,2,0,José Berríos,Richard Fitts,8.0,6.0,3.5660377358490565,9.333333333333334,63.0,45.0,6.0,5.666666666666667,5.6138613861386135,2.6666666666666665,35.0,41.0,0,,,,,,
778394,2025-04-08,R,Milwaukee Brewers,Colorado Rockies,7,1,0,Freddy Peralta,Kyle Freeland,6.0,6.666666666666667,6.977528089887641,0.0,30.0,42.0,6.0,8.0,6.917355371900826,0.0,42.0,64.0,0,,,,,,
778395,2025-04-08,R,San Diego Padres,Athletics,4,10,1,Dylan Cease,Jeffrey Springs,6.0,3.0,6.075,2.0,45.0,67.0,6.0,6.333333333333333,1.7357142857142858,3.3333333333333335,51.0,32.0,0,,,,,,
778396,2025-04-08,R,Baltimore Orioles,Arizona Diamondbacks,3,4,1,Charlie Morton,Merrill Kelly,5.0,3.6666666666666665,3.375,4.333333333333333,59.0,56.0,5.0,5.0,3.2033898305084745,3.0,52.0,48.0,0,,,,,,
778397,2025-04-08,R,Cincinnati Reds,San Francisco Giants,1,0,0,Nick Lodolo,Landen Roupp,6.0,4.0,2.1315789473684212,2.0,49.0,32.0,5.0,6.666666666666667,3.8152173913043477,0.3333333333333333,41.0,38.0,0,,,,,,
778398,2025-04-08,R,Houston Astros,Seattle Mariners,2,1,0,Framber Valdez,Luis Castillo,6.0,7.0,3.558139534883721,3.3333333333333335,36.0,51.0,6.0,5.0,2.7,1.0,30.0,40.0,1,,,,,,
778400,2025-04-08,R,Minnesota Twins,Kansas City Royals,1,2,1,Pablo López,Cole Ragans,6.0,5.0,3.6818181818181817,3.0,40.0,38.0,6.0,7.0,2.677685950413223,2.3333333333333335,37.0,51.0,1,,,,,,
778401,2025-04-08,R,Texas Rangers,Chicago Cubs,6,10,1,Patrick Corbin,Jameson Taillon,6.0,6.0,5.346534653465347,2.0,80.0,46.0,,,3.857142857142857,3.3333333333333335,33.0,41.0,1,,,,,,
778402,2025-04-08,R,Chicago White Sox,Cleveland Guardians,0,1,1,Shane Smith,Ben Lively,6.0,4.333333333333333,3.0,0.0,34.0,51.0,7.0,5.666666666666667,4.747252747252747,0.0,32.0,37.0,0,,,,,,
778403,2025-04-08,R,New York Yankees,Detroit Tigers,0,5,1,Carlos Carrasco,Tarik Skubal,6.0,5.666666666666667,4.235294117647059,3.0,51.0,41.0,5.0,5.333333333333333,3.630252100840336,2.0,78.0,51.0,1,,,,,,
778404,2025-04-08,R,Toronto Blue Jays,Boston Red Sox,6,1,0,Easton Lucas,Garrett Crochet,6.0,8.0,3.991304347826087,3.0,65.0,51.0,6.0,5.0,5.299065420560748,2.0,41.0,43.0,0,,,,,,
778406,2025-04-08,R,Philadelphia Phillies,Atlanta Braves,5,7,1,Zack Wheeler,Chris Sale,7.0,5.0,4.709302325581396,0.0,24.0,36.0,6.0,7.0,3.9036144578313254,0.0,45.0,29.0,0,,,,,,
778407,2025-04-08,R,Miami Marlins,New York Mets,5,10,1,Connor Gillispie,Clay Holmes,6.0,4.666666666666667,1.1538461538461537,4.0,35.0,22.0,6.0,5.0,3.626865671641791,4.333333333333333,33.0,44.0,1,,,,,,
778408,2025-04-08,R,St. Louis Cardinals,Pittsburgh Pirates,5,3,0,Sonny Gray,Paul Skenes,6.0,7.0,4.640625,4.0,40.0,58.0,6.0,6.0,5.754098360655738,1.6666666666666667,66.0,69.0,1,,,,,,
778409,2025-04-08,R,Los Angeles Dodgers,Washington Nationals,2,8,1,Justin Wrobleski,Brad Lord,,,6.415841584158416,3.0,40.0,50.0,,,2.8421052631578947,2.0,51.0,37.0,1,,,,,,
778417,2025-04-08,R,Los Angeles Angels,Tampa Bay Rays,4,3,0,Kyle Hendricks,Shane Baz,7.0,6.0,3.253012048192771,0.0,34.0,28.0,7.0,6.0,5.576086956521739,0.0,46.0,47.0,0,,,,,,
778376,2025-04-09,R,Cincinnati Reds,San Francisco Giants,6,8,1,Nick Martinez,Justin Verlander,5.0,2.3333333333333335,1.975609756097561,3.0,49.0,33.0,5.0,4.666666666666667,3.4752475247524752,3.0,42.0,38.0,0,,,,,,
778379,2025-04-09,R,Milwaukee Brewers,Colorado Rockies,17,2,0,Tyler Alexander,Antonio Senzatela,6.0,5.333333333333333,6.958762886597938,2.6666666666666665,31.0,49.0,5.0,5.666666666666667,6.293233082706767,4.0,49.0,65.0,0,,,,,,
778380,2025-04-09,R,Baltimore Orioles,Arizona Diamondbacks,0,9,1,Dean Kremer,Brandon Pfaadt,5.0,6.0,3.13953488372093,3.0,63.0,59.0,5.0,4.333333333333333,2.9763779527559056,3.0,55.0,52.0,0,,,,,,
778381,2025-04-09,R,San Diego Padres,Athletics,2,1,0,Randy Vásquez,Osvaldo Bido,5.0,5.0,5.651162790697675,3.0,55.0,71.0,5.0,4.666666666666667,1.7763157894736843,4.0,55.0,42.0,0,,,,,,
778383,2025-04-09,R,Houston Astros,Seattle Mariners,6,7,1,Hunter Brown,Luis F. Castillo,5.0,3.0,3.06,7.0,37.0,53.0,6.0,6.0,2.53125,6.0,32.0,41.0,1,,,,,,
778385,2025-04-09,R,Texas Rangers,Chicago Cubs,6,2,0,Tyler Mahle,Shota Imanaga,5.0,7.333333333333333,5.6454545454545455,3.0,90.0,52.0,5.0,5.0,4.108695652173913,4.0,39.0,51.0,1,,,,,,
778386,2025-04-09,R,Toronto Blue Jays,Boston Red Sox,2,1,0,Kevin Gausman,Tanner Houck,6.0,4.0,4.104,3.3333333333333335,66.0,57.0,5.0,5.333333333333333,5.033898305084746,3.6666666666666665,47.0,44.0,0,,,,,,
778387,2025-04-09,R,New York Yankees,Detroit Tigers,4,3,0,Max Fried,Jack Flaherty,5.0,5.666666666666667,3.891891891891892,3.0,56.0,41.0,5.0,5.666666666666667,3.5307692307692307,3.6666666666666665,78.0,56.0,1,,,,,,
778388,2025-04-09,R,Minnesota Twins,Kansas City Royals,4,0,0,Joe Ryan,Seth Lugo,5.0,6.0,3.403361344537815,3.0,42.0,39.0,6.0,5.0,2.4732824427480917,3.3333333333333335,38.0,53.0,1,,,,,,
778389,2025-04-09,R,St. Louis Cardinals,Pittsburgh Pirates,1,2,1,Erick Fedde,Mitch Keller,5.0,3.6666666666666665,4.335766423357664,3.0,43.0,63.0,5.0,3.0,5.641791044776119,4.0,71.0,72.0,1,,,,,,
778390,2025-04-09,R,Miami Marlins,New York Mets,5,0,0,Max Meyer,Tylor Megill,5.0,5.333333333333333,1.265625,3.6666666666666665,45.0,27.0,5.0,6.0,4.2534246575342465,4.0,38.0,54.0,1,,,,,,
778391,2025-04-09,R,Chicago White Sox,Cleveland Guardians,2,3,1,Sean Burke,Logan Allen,8.0,5.333333333333333,2.675675675675676,4.0,35.0,51.0,7.0,4.333333333333333,4.731958762886598,2.0,32.0,38.0,1,,,,,,
778392,2025-04-09,R,Los Angeles Dodgers,Washington Nationals,6,5,0,Landon Knack,Jake Irvin,5.0,5.0,5.899159663865547,6.0,48.0,52.0,,,2.6619718309859155,3.0,53.0,45.0,1,,,,,,
778393,2025-04-09,R,Philadelphia Phillies,Atlanta Braves,4,3,0,Taijuan Walker,Grant Holmes,9.0,4.0,4.090909090909091,4.333333333333333,31.0,41.0,6.0,6.0,4.153846153846154,2.6666666666666665,50.0,36.0,1,,,,,,
778399,2025-04-09,R,Los Angeles Angels,Tampa Bay Rays,4,5,1,Yusei Kikuchi,Ryan Pepiot,7.0,5.0,3.640449438202247,2.0,37.0,32.0,7.0,6.0,5.711538461538462,4.0,50.0,50.0,0,,,,,,
778371,2025-04-10,R,Milwaukee Brewers,Colorado Rockies,2,7,1,Quinn Priester,Ryan Feltner,6.0,5.0,6.8108108108108105,4.666666666666667,33.0,66.0,,,5.617449664429531,5.333333333333333,66.0,67.0,0,,,,,,
778373,2025-04-10,R,Minnesota Twins,Kansas City Royals,2,3,1,Bailey Ober,Michael Wacha,5.0,5.666666666666667,3.558139534883721,3.3333333333333335,42.0,43.0,5.0,4.0,2.3649635036496353,2.0,42.0,53.0,1,,,,,,
778377,2025-04-10,R,Toronto Blue Jays,Boston Red Sox,3,4,1,Chris Bassitt,Walker Buehler,6.0,5.0,3.717391304347826,4.333333333333333,67.0,59.0,5.0,6.666666666666667,4.677165354330708,3.0,49.0,45.0,0,,,,,,
778378,2025-04-10,R,Chicago White Sox,Cleveland Guardians,1,6,1,Jonathan Cannon,Gavin Williams,6.0,3.0,2.6129032258064515,4.333333333333333,38.0,53.0,6.0,3.6666666666666665,4.098214285714286,5.0,34.0,41.0,1,,,,,,
778382,2025-04-10,R,Los Angeles Angels,Tampa Bay Rays,11,1,0,José Soriano,Zack Littell,6.0,7.0,3.4752475247524752,4.0,42.0,36.0,6.0,5.333333333333333,5.6454545454545455,2.0,54.0,55.0,0,,,,,,
778384,2025-04-10,R,Philadelphia Phillies,Atlanta Braves,2,4,1,Jesús Luzardo,Spencer Schwellenbach,6.0,8.0,4.5,5.0,34.0,45.0,6.0,7.0,4.413461538461538,4.333333333333333,54.0,39.0,1,,,,,,
778356,2025-04-11,R,Chicago Cubs,Los Angeles Dodgers,0,3,1,Matthew Boyd,Yoshinobu Yamamoto,7.0,6.0,2.16,0.0,54.0,46.0,6.0,6.0,5.154545454545454,0.0,82.0,52.0,0,,,,,,
778358,2025-04-11,R,New York Mets,Athletics,7,6,0,Griffin Canning,JP Sears,6.0,6.333333333333333,4.8,0.0,54.0,69.0,6.0,4.0,1.8270676691729324,0.0,44.0,29.0,0,,,,,,
778360,2025-04-11,R,Texas Rangers,Seattle Mariners,3,5,1,Jacob deGrom,Bryce Miller,6.0,5.333333333333333,3.056603773584906,0.0,40.0,57.0,6.0,5.666666666666667,3.8,0.0,43.0,48.0,0,,,,,,
778361,2025-04-11,R,Colorado Rockies,San Diego Padres,0,8,1,Germán Márquez,Nick Pivetta,6.0,3.0,1.6758620689655173,0.0,50.0,39.0,6.0,5.0,6.525,3.0,40.0,68.0,0,,,,,,
778363,2025-04-11,R,Detroit Tigers,Minnesota Twins,7,6,0,Reese Olson,David Festa,,,2.6194029850746268,2.0,41.0,51.0,6.0,6.0,4.300884955752212,0.0,55.0,40.0,0,,,,,,
778364,2025-04-11,R,Milwaukee Brewers,Arizona Diamondbacks,7,0,0,Jose Quintana,Eduardo Rodriguez,6.0,5.0,1.975609756097561,0.0,66.0,49.0,,,6.342281879194631,3.0,66.0,70.0,0,,,,,,
778365,2025-04-11,R,Philadelphia Phillies,St. Louis Cardinals,0,2,1,Aaron Nola,Andre Pallante,5.0,4.333333333333333,5.170212765957447,0.0,67.0,71.0,6.0,6.0,4.413461538461538,4.0,49.0,40.0,0,,,,,,
778366,2025-04-11,R,Boston Red Sox,Chicago White Sox,1,11,1,Sean Newcomb,Davis Martin,6.0,5.0,3.891891891891892,2.6666666666666665,27.0,46.0,5.0,4.666666666666667,3.9416058394160585,3.6666666666666665,66.0,60.0,0,,,,,,
778367,2025-04-11,R,Atlanta Braves,Tampa Bay Rays,3,6,1,Bryce Elder,Taj Bradley,6.0,5.0,3.7241379310344827,5.0,43.0,47.0,9.0,4.0,3.375,5.0,34.0,40.0,0,,,,,,
778368,2025-04-11,R,Los Angeles Angels,Houston Astros,3,14,1,Jack Kochanowicz,Ronel Blanco,5.0,1.6666666666666667,3.7384615384615385,0.0,35.0,47.0,6.0,5.0,4.5,1.3333333333333333,64.0,48.0,0,,,,,,
778369,2025-04-11,R,Washington Nationals,Miami Marlins,7,4,0,Mitchell Parker,Edward Cabrera,,,4.0212765957446805,0.0,38.0,50.0,6.0,6.0,5.120689655172414,0.0,50.0,51.0,0,,,,,,
778370,2025-04-11,R,San Francisco Giants,New York Yankees,9,1,0,Robbie Ray,Marcus Stroman,6.0,4.0,4.104,0.0,78.0,57.0,6.0,6.0,1.7419354838709677,0.0,51.0,35.0,0,,,,,,
778374,2025-04-11,R,Pittsburgh Pirates,Cincinnati Reds,3,5,1,Bailey Falter,Brady Singer,6.0,5.0,3.24,0.0,44.0,40.0,6.0,4.0,3.5136986301369864,0.0,41.0,59.0,0,,,,,,
778375,2025-04-11,R,Kansas City Royals,Cleveland Guardians,0,7,1,Kris Bubic,Tanner Bibee,6.0,4.0,2.4545454545454546,4.0,37.0,50.0,5.0,6.666666666666667,3.024,3.6666666666666665,41.0,38.0,0,,,,,,
778341,2025-04-12,R,Texas Rangers,Seattle Mariners,2,9,1,Kumar Rocker,Bryan Woo,6.0,6.0,2.547169811320755,4.0,45.0,53.0,6.0,5.0,4.2,4.0,42.0,52.0,1,,,,,,
778345,2025-04-12,R,Chicago Cubs,Los Angeles Dodgers,16,0,0,Ben Brown,Roki Sasaki,7.0,4.0,1.875,3.0,49.0,41.0,6.0,4.0,4.885714285714286,2.0,81.0,47.0,1,,,,,,
778346,2025-04-12,R,New York Mets,Athletics,1,3,1,David Peterson,J.T. Ginn,,,4.787234042553192,5.0,53.0,76.0,6.0,4.666666666666667,2.25,3.6666666666666665,48.0,34.0,0,,,,,,
778347,2025-04-12,R,Philadelphia Phillies,St. Louis Cardinals,4,1,0,Cristopher Sánchez,Miles Mikolas,6.0,2.6666666666666665,4.959183673469388,2.0,69.0,71.0,6.0,5.666666666666667,4.061946902654867,3.0,49.0,42.0,1,,,,,,
778348,2025-04-12,R,Detroit Tigers,Minnesota Twins,4,0,0,Jackson Jobe,Chris Paddack,6.0,4.0,3.306122448979592,4.333333333333333,47.0,58.0,6.0,5.0,3.4913793103448274,4.666666666666667,57.0,38.0,0,,,,,,
778349,2025-04-12,R,Boston Red Sox,Chicago White Sox,2,3,1,Richard Fitts,Martín Pérez,6.0,6.333333333333333,3.6,3.0,38.0,47.0,5.0,6.0,4.373239436619718,4.0,66.0,67.0,1,,,,,,
778350,2025-04-12,R,Milwaukee Brewers,Arizona Diamondbacks,4,5,1,Chad Patrick,Corbin Burnes,6.0,5.0,2.925,2.6666666666666665,58.0,55.0,6.0,5.333333333333333,6.096774193548387,2.0,73.0,70.0,0,,,,,,
778351,2025-04-12,R,Los Angeles Angels,Houston Astros,4,1,0,Tyler Anderson,Ryan Gusto,,,3.857142857142857,4.0,48.0,47.0,6.0,5.0,5.9491525423728815,3.3333333333333335,67.0,62.0,1,,,,,,
778352,2025-04-12,R,Colorado Rockies,San Diego Padres,0,2,1,Chase Dollander,Kyle Hart,6.0,0.6666666666666666,1.7737226277372262,2.0,54.0,36.0,6.0,5.0,6.096774193548387,3.3333333333333335,38.0,73.0,1,,,,,,
778353,2025-04-12,R,Atlanta Braves,Tampa Bay Rays,5,4,0,AJ Smith-Shawver,Drew Rasmussen,6.0,5.0,4.189655172413793,3.0,46.0,48.0,7.0,4.666666666666667,3.4615384615384617,2.0,34.0,42.0,1,,,,,,
778354,2025-04-12,R,Washington Nationals,Miami Marlins,6,7,1,Trevor Williams,Sandy Alcantara,11.0,5.0,5.0503597122302155,3.3333333333333335,39.0,53.0,6.0,5.0,4.752,3.0,57.0,55.0,0,,,,,,
778355,2025-04-12,R,San Francisco Giants,New York Yankees,4,8,1,Jordan Hicks,Will Warren,6.0,4.0,4.435714285714286,5.0,79.0,66.0,6.0,5.333333333333333,1.7007874015748032,1.0,60.0,36.0,0,,,,,,
778357,2025-04-12,R,Pittsburgh Pirates,Cincinnati Reds,2,5,1,Andrew Heaney,Andrew Abbott,,,2.892857142857143,4.0,49.0,43.0,6.0,7.0,3.143835616438356,3.0,40.0,61.0,1,,,,,,
778359,2025-04-12,R,Kansas City Royals,Cleveland Guardians,3,6,1,Michael Lorenzen,Luis Ortiz,6.0,6.0,2.216417910447761,4.333333333333333,44.0,50.0,5.0,6.0,3.2977099236641223,2.0,41.0,45.0,1,,,,,,
778362,2025-04-12,R,Toronto Blue Jays,Baltimore Orioles,4,5,1,Bowden Francis,Tomoyuki Sugano,7.0,5.333333333333333,3.3157894736842106,0.0,41.0,51.0,6.0,5.333333333333333,3.889830508474576,0.0,42.0,35.0,0,,,,,,
778329,2025-04-13,R,Los Angeles Angels,Houston Astros,3,7,1,Kyle Hendricks,Hayden Wesneski,6.0,7.0,3.884892086330935,5.0,47.0,50.0,5.0,5.0,5.975409836065574,3.3333333333333335,70.0,63.0,1,,,,,,
778330,2025-04-13,R,Colorado Rockies,San Diego Padres,0,6,1,Kyle Freeland,Michael King,6.0,5.666666666666667,1.7737226277372262,3.0,55.0,36.0,5.0,6.333333333333333,6.230769230769231,2.3333333333333335,36.0,74.0,1,,,,,,
778331,2025-04-13,R,Chicago Cubs,Los Angeles Dodgers,4,2,0,Colin Rea,Tyler Glasnow,7.0,2.0,4.835820895522388,4.0,42.0,54.0,,,4.25,3.0,93.0,44.0,1,,,,,,
778332,2025-04-13,R,Milwaukee Brewers,Arizona Diamondbacks,2,5,1,Freddy Peralta,Zac Gallen,6.0,4.666666666666667,2.925,3.0,60.0,55.0,5.0,5.0,5.4,4.333333333333333,68.0,55.0,0,,,,,,
778333,2025-04-13,R,New York Mets,Athletics,8,0,0,Kodai Senga,Luis Severino,6.0,7.0,4.821428571428571,3.6666666666666665,52.0,75.0,6.0,5.0,2.4732824427480917,2.0,48.0,35.0,0,,,,,,
778334,2025-04-13,R,Texas Rangers,Seattle Mariners,1,3,1,Nathan Eovaldi,Logan Gilbert,6.0,5.666666666666667,2.7870967741935484,2.0,52.0,51.0,6.0,4.666666666666667,5.102362204724409,4.666666666666667,40.0,58.0,1,,,,,,
778335,2025-04-13,R,Detroit Tigers,Minnesota Twins,1,5,1,Casey Mize,Simeon Woods Richardson,6.0,5.666666666666667,2.88,4.0,46.0,57.0,6.0,6.0,2.8173913043478263,3.0,58.0,31.0,0,,,,,,
778336,2025-04-13,R,Philadelphia Phillies,St. Louis Cardinals,0,7,1,Zack Wheeler,Matthew Liberatore,6.0,6.333333333333333,5.04,4.0,65.0,74.0,5.0,5.333333333333333,3.220183486238532,2.6666666666666665,42.0,37.0,1,,,,,,
778337,2025-04-13,R,Washington Nationals,Miami Marlins,4,11,1,MacKenzie Gore,Cal Quantrill,8.0,5.0,5.785714285714286,3.3333333333333335,41.0,55.0,6.0,6.0,3.073170731707317,3.3333333333333335,57.0,51.0,0,,,,,,
778338,2025-04-13,R,Boston Red Sox,Chicago White Sox,3,1,0,Garrett Crochet,Shane Smith,5.0,6.0,3.347107438016529,4.333333333333333,41.0,48.0,5.0,5.666666666666667,4.9787234042553195,3.3333333333333335,65.0,66.0,1,,,,,,
778339,2025-04-13,R,San Francisco Giants,New York Yankees,5,4,0,Logan Webb,Carlos Rodón,6.0,6.0,3.884892086330935,4.0,67.0,61.0,6.0,7.0,1.6615384615384616,4.0,62.0,41.0,0,,,,,,
778340,2025-04-13,R,Atlanta Braves,Tampa Bay Rays,3,8,1,Chris Sale,Joe Boyle,,,4.991596638655462,4.0,49.0,51.0,5.0,4.666666666666667,3.5121951219512195,4.0,39.0,45.0,1,,,,,,
778342,2025-04-13,R,Kansas City Royals,Cleveland Guardians,4,2,0,Cole Ragans,Ben Lively,5.0,5.0,2.2,3.3333333333333335,47.0,49.0,5.0,6.0,4.071428571428571,2.3333333333333335,40.0,48.0,1,,,,,,
778343,2025-04-13,R,Pittsburgh Pirates,Cincinnati Reds,0,4,1,Carmen Mlodzinski,Hunter Greene,6.0,8.666666666666666,3.0521739130434784,4.0,51.0,43.0,6.0,5.0,3.375,2.0,38.0,61.0,1,,,,,,
778344,2025-04-13,R,Toronto Blue Jays,Baltimore Orioles,7,6,0,José Berríos,Cade Povich,7.0,6.0,3.4913793103448274,4.333333333333333,37.0,50.0,6.0,7.0,2.5233644859813085,2.3333333333333335,41.0,31.0,1,,,,,,
778315,2025-04-14,R,Chicago Cubs,San Diego Padres,4,10,1,Jameson Taillon,Dylan Cease,6.0,4.0,1.8549618320610688,0.0,56.0,36.0,6.0,6.0,1.8782608695652174,5.333333333333333,91.0,36.0,0,,,,,,
778320,2025-04-14,R,San Francisco Giants,Philadelphia Phillies,10,4,0,Landen Roupp,Taijuan Walker,5.0,4.666666666666667,4.037383177570093,2.0,41.0,39.0,6.0,6.0,1.8549618320610688,4.0,61.0,42.0,0,,,,,,
778321,2025-04-14,R,Washington Nationals,Pittsburgh Pirates,3,10,1,Brad Lord,Paul Skenes,6.0,6.0,3.130434782608696,3.6666666666666665,36.0,62.0,6.0,3.0,4.462809917355372,2.0,56.0,61.0,0,,,,,,
778322,2025-04-14,R,Atlanta Braves,Toronto Blue Jays,8,4,0,Grant Holmes,Easton Lucas,6.0,5.333333333333333,2.3893805309734515,5.0,45.0,36.0,5.0,4.0,3.762295081967213,3.6666666666666665,42.0,48.0,0,,,,,,
778323,2025-04-14,R,Detroit Tigers,Milwaukee Brewers,9,1,0,Tarik Skubal,Tyler Alexander,5.0,3.6666666666666665,4.531468531468532,2.6666666666666665,67.0,48.0,6.0,6.0,2.877049180327869,2.3333333333333335,59.0,36.0,0,,,,,,
778324,2025-04-14,R,New York Mets,Minnesota Twins,5,1,0,Clay Holmes,Joe Ryan,5.0,7.0,2.7739726027397262,4.0,49.0,49.0,6.0,5.333333333333333,2.3649635036496353,2.0,56.0,35.0,0,,,,,,
778325,2025-04-14,R,Houston Astros,St. Louis Cardinals,3,8,1,Framber Valdez,Sonny Gray,6.0,5.0,5.142857142857143,3.0,63.0,72.0,6.0,6.0,3.6486486486486487,3.0,54.0,53.0,0,,,,,,
778326,2025-04-14,R,Colorado Rockies,Los Angeles Dodgers,3,5,1,Antonio Senzatela,Dustin May,7.0,6.0,4.909090909090909,3.0,44.0,58.0,5.0,4.333333333333333,5.538461538461538,3.0,32.0,74.0,0,,,,,,
778327,2025-04-14,R,Kansas City Royals,New York Yankees,1,4,1,Seth Lugo,Carlos Carrasco,6.0,4.333333333333333,3.9705882352941178,3.3333333333333335,59.0,63.0,5.0,5.666666666666667,3.2869565217391306,1.3333333333333333,42.0,44.0,0,,,,,,
778328,2025-04-14,R,Boston Red Sox,Tampa Bay Rays,1,16,1,Tanner Houck,Shane Baz,6.0,7.0,4.426229508196721,4.0,51.0,50.0,5.0,6.666666666666667,5.014285714285714,1.6666666666666667,66.0,64.0,0,,,,,,
778302,2025-04-15,R,Colorado Rockies,Los Angeles Dodgers,2,6,1,Ryan Feltner,Landon Knack,6.0,2.3333333333333335,5.207142857142857,3.0,43.0,60.0,5.0,6.0,3.9836065573770494,3.6666666666666665,34.0,73.0,1,,,,,,
778305,2025-04-15,R,Chicago Cubs,San Diego Padres,2,1,0,Shota Imanaga,Randy Vásquez,6.0,5.0,2.0930232558139537,3.3333333333333335,59.0,38.0,6.0,5.0,3.891891891891892,2.6666666666666665,77.0,43.0,1,,,,,,
778306,2025-04-15,R,Los Angeles Angels,Texas Rangers,0,4,1,Yusei Kikuchi,Tyler Mahle,6.0,7.0,4.706422018348624,0.0,35.0,45.0,6.0,6.0,7.118181818181818,0.0,65.0,64.0,0,,,,,,
778307,2025-04-15,R,New York Mets,Minnesota Twins,3,6,1,Tylor Megill,Bailey Ober,5.0,6.0,3.375,4.0,50.0,45.0,6.0,4.0,1.9285714285714286,4.0,51.0,32.0,0,,,,,,
778308,2025-04-15,R,Houston Astros,St. Louis Cardinals,2,0,0,Hunter Brown,Erick Fedde,6.0,6.0,5.633093525179856,2.0,67.0,70.0,6.0,6.0,3.1013513513513513,4.0,55.0,54.0,1,,,,,,
778309,2025-04-15,R,Athletics,Chicago White Sox,12,3,0,Jeffrey Springs,Sean Burke,6.0,3.0,3.6160714285714284,0.0,31.0,48.0,7.0,6.0,4.32824427480916,0.0,48.0,63.0,0,,,,,,
778310,2025-04-15,R,Detroit Tigers,Milwaukee Brewers,0,5,1,Jack Flaherty,Quinn Priester,5.0,5.0,3.3986013986013988,5.0,67.0,46.0,6.0,5.333333333333333,2.6283185840707963,2.0,59.0,31.0,0,,,,,,
778311,2025-04-15,R,Atlanta Braves,Toronto Blue Jays,3,6,1,Spencer Schwellenbach,Kevin Gausman,6.0,8.0,2.3275862068965516,4.0,44.0,42.0,5.0,6.0,3.789473684210526,1.3333333333333333,49.0,46.0,0,,,,,,
778312,2025-04-15,R,Kansas City Royals,New York Yankees,2,4,1,Michael Wacha,Max Fried,6.0,7.0,3.6486486486486487,4.0,63.0,64.0,5.0,5.333333333333333,3.190909090909091,1.3333333333333333,32.0,47.0,1,,,,,,
778313,2025-04-15,R,San Francisco Giants,Philadelphia Phillies,4,6,1,Justin Verlander,Jesús Luzardo,5.0,6.0,5.0,4.0,39.0,48.0,6.0,5.666666666666667,1.4104477611940298,4.0,64.0,44.0,0,,,,,,
778314,2025-04-15,R,Washington Nationals,Pittsburgh Pirates,3,0,0,Jake Irvin,Mitch Keller,6.0,7.333333333333333,3.0223880597014925,3.0,45.0,59.0,6.0,6.0,5.487804878048781,3.6666666666666665,57.0,66.0,1,,,,,,
778316,2025-04-15,R,Seattle Mariners,Cincinnati Reds,4,8,1,Luis Castillo,Nick Lodolo,7.0,6.0,2.547169811320755,0.0,38.0,34.0,7.0,5.0,2.6390977443609023,0.0,47.0,42.0,0,,,,,,
778317,2025-04-15,R,Cleveland Guardians,Baltimore Orioles,6,3,0,Logan Allen,Charlie Morton,7.0,5.0,4.0754716981132075,0.0,34.0,49.0,6.0,4.666666666666667,2.3951612903225805,0.0,41.0,44.0,0,,,,,,
778318,2025-04-15,R,Arizona Diamondbacks,Miami Marlins,10,4,0,Merrill Kelly,Connor Gillispie,7.0,4.0,5.734513274336283,0.0,45.0,47.0,7.0,6.0,2.288135593220339,0.0,55.0,51.0,0,,,,,,
778319,2025-04-15,R,Boston Red Sox,Tampa Bay Rays,7,4,0,Walker Buehler,Ryan Pepiot,6.0,5.0,4.310924369747899,3.0,61.0,50.0,5.0,6.333333333333333,4.841379310344828,5.666666666666667,62.0,72.0,1,,,,,,
778287,2025-04-16,R,Colorado Rockies,Los Angeles Dodgers,7,8,1,Germán Márquez,Bobby Miller,,,5.133802816901408,4.666666666666667,46.0,61.0,5.0,4.666666666666667,3.717391304347826,5.333333333333333,36.0,79.0,1,,,,,,
778288,2025-04-16,R,Chicago Cubs,San Diego Padres,2,4,1,Matthew Boyd,Nick Pivetta,5.0,7.0,2.0454545454545454,5.0,53.0,40.0,5.0,6.0,3.630252100840336,5.0,72.0,40.0,1,,,,,,
778289,2025-04-16,R,Los Angeles Angels,Texas Rangers,1,3,1,José Soriano,Patrick Corbin,8.0,4.0,4.3474576271186445,3.0,38.0,45.0,6.0,7.666666666666667,7.752475247524752,2.0,56.0,61.0,1,,,,,,
778290,2025-04-16,R,Houston Astros,St. Louis Cardinals,1,4,1,Ronel Blanco,Steven Matz,,,5.2781954887218046,3.0,60.0,63.0,5.0,5.0,3.1655172413793102,3.0,56.0,51.0,1,,,,,,
778293,2025-04-16,R,Washington Nationals,Pittsburgh Pirates,1,6,1,Mitchell Parker,Bailey Falter,5.0,5.0,2.885496183206107,3.0,45.0,55.0,5.0,6.0,5.625,2.0,57.0,61.0,1,,,,,,
778294,2025-04-16,R,Athletics,Chicago White Sox,3,1,0,Osvaldo Bido,Jonathan Cannon,6.0,5.333333333333333,3.630252100840336,5.666666666666667,31.0,52.0,7.0,5.0,4.029850746268656,4.0,56.0,59.0,0,,,,,,
778295,2025-04-16,R,Detroit Tigers,Milwaukee Brewers,1,5,1,Keider Montero,Jose Quintana,5.0,7.0,3.4225352112676055,4.0,67.0,46.0,,,2.3893805309734515,3.3333333333333335,55.0,35.0,0,,,,,,
778296,2025-04-16,R,San Francisco Giants,Philadelphia Phillies,11,4,0,Robbie Ray,Aaron Nola,5.0,5.0,4.764705882352941,3.6666666666666665,45.0,52.0,5.0,4.0,1.8,2.3333333333333335,65.0,49.0,0,,,,,,
778297,2025-04-16,R,Atlanta Braves,Toronto Blue Jays,1,3,1,Spencer Strider,Chris Bassitt,6.0,5.666666666666667,2.347826086956522,3.0,45.0,42.0,,,3.756521739130435,3.3333333333333335,51.0,49.0,0,,,,,,
778298,2025-04-16,R,Boston Red Sox,Tampa Bay Rays,1,0,0,Sean Newcomb,Zack Littell,6.0,4.0,4.53781512605042,3.0,58.0,57.0,5.0,4.0,4.8152866242038215,4.0,69.0,76.0,1,,,,,,
778299,2025-04-16,R,New York Mets,Minnesota Twins,3,4,1,Huascar Brazobán,David Festa,5.0,4.666666666666667,3.3503649635036497,2.6666666666666665,48.0,45.0,,,2.3142857142857145,3.0,52.0,34.0,0,,,,,,
778300,2025-04-16,R,Kansas City Royals,New York Yankees,3,4,1,Kris Bubic,Clarke Schmidt,,,2.832167832167832,2.3333333333333335,62.0,59.0,5.0,6.0,3.220183486238532,2.3333333333333335,34.0,46.0,1,,,,,,
778301,2025-04-16,R,Cleveland Guardians,Baltimore Orioles,1,9,1,Gavin Williams,Dean Kremer,7.0,4.666666666666667,3.889830508474576,4.0,37.0,55.0,6.0,5.0,2.7857142857142856,3.3333333333333335,47.0,40.0,0,,,,,,
778303,2025-04-16,R,Arizona Diamondbacks,Miami Marlins,6,2,0,Brandon Pfaadt,Max Meyer,7.0,6.333333333333333,6.212389380530974,4.0,45.0,55.0,7.0,6.0,2.8672566371681416,3.0,58.0,50.0,0,,,,,,
778304,2025-04-16,R,Seattle Mariners,Cincinnati Reds,5,3,0,Bryce Miller,Nick Martinez,7.0,5.666666666666667,2.4545454545454546,4.333333333333333,46.0,37.0,5.0,5.0,2.8636363636363638,3.6666666666666665,50.0,46.0,1,,,,,,
778278,2025-04-17,R,St. Louis Cardinals,New York Mets,1,4,1,Andre Pallante,Griffin Canning,6.0,5.333333333333333,2.420689655172414,8.0,49.0,33.0,6.0,7.0,5.161764705882353,4.0,52.0,59.0,0,,,,,,
778279,2025-04-17,R,San Francisco Giants,Philadelphia Phillies,4,6,1,Jordan Hicks,Cristopher Sánchez,5.0,6.333333333333333,5.443548387096774,3.6666666666666665,44.0,62.0,5.0,4.0,1.8,5.0,70.0,50.0,0,,,,,,
778280,2025-04-17,R,Washington Nationals,Pittsburgh Pirates,0,1,1,Trevor Williams,Andrew Heaney,5.0,6.0,2.885496183206107,2.0,47.0,54.0,5.0,4.666666666666667,6.923076923076923,2.0,56.0,63.0,1,,,,,,
778281,2025-04-17,R,Los Angeles Angels,Texas Rangers,3,5,1,Jack Kochanowicz,Kumar Rocker,5.0,3.3333333333333335,4.384615384615385,3.6666666666666665,40.0,46.0,6.0,4.666666666666667,5.5588235294117645,2.3333333333333335,52.0,52.0,1,,,,,,
778282,2025-04-17,R,New York Yankees,Tampa Bay Rays,6,3,0,Will Warren,Taj Bradley,6.0,6.0,4.189655172413793,3.0,56.0,54.0,5.0,5.0,2.8125,3.3333333333333335,63.0,58.0,0,,,,,,
778283,2025-04-17,R,Athletics,Chicago White Sox,8,0,0,JP Sears,Davis Martin,6.0,6.0,4.310924369747899,4.666666666666667,31.0,49.0,6.0,4.0,3.2142857142857144,3.3333333333333335,57.0,50.0,0,,,,,,
778285,2025-04-17,R,Seattle Mariners,Cincinnati Reds,11,7,0,Emerson Hancock,Brady Singer,6.0,5.0,2.5384615384615383,4.333333333333333,49.0,41.0,17.0,0.6666666666666666,3.3260869565217392,4.0,52.0,47.0,1,,,,,,
778286,2025-04-17,R,Kansas City Royals,Detroit Tigers,1,6,1,Michael Lorenzen,Reese Olson,6.0,4.333333333333333,2.347826086956522,3.0,54.0,37.0,5.0,5.666666666666667,3.742574257425743,2.6666666666666665,35.0,47.0,0,,,,,,
778291,2025-04-17,R,Arizona Diamondbacks,Miami Marlins,6,4,0,Eduardo Rodriguez,Edward Cabrera,6.0,5.666666666666667,6.75,3.0,42.0,55.0,6.0,6.333333333333333,2.3275862068965516,3.3333333333333335,60.0,49.0,0,,,,,,
778292,2025-04-17,R,Cleveland Guardians,Baltimore Orioles,2,6,1,Tanner Bibee,Tomoyuki Sugano,5.0,4.666666666666667,3.825,3.6666666666666665,46.0,53.0,6.0,4.666666666666667,3.630252100840336,1.3333333333333333,46.0,44.0,0,,,,,,
778260,2025-04-18,R,San Francisco Giants,Los Angeles Angels,0,2,1,Logan Webb,Tyler Anderson,6.0,5.666666666666667,5.303571428571429,3.3333333333333335,55.0,57.0,5.0,5.0,1.9565217391304348,1.0,74.0,56.0,0,,,,,,
778261,2025-04-18,R,Athletics,Milwaukee Brewers,3,5,1,J.T. Ginn,Freddy Peralta,5.0,5.333333333333333,3.626865671641791,0.0,68.0,45.0,6.0,5.333333333333333,3.0,3.0,65.0,50.0,0,,,,,,
778263,2025-04-18,R,Los Angeles Dodgers,Texas Rangers,3,0,0,Yoshinobu Yamamoto,Jacob deGrom,7.0,4.0,4.170731707317073,2.0,45.0,49.0,7.0,6.0,5.213793103448276,0.0,48.0,63.0,0,,,,,,
778268,2025-04-18,R,Arizona Diamondbacks,Chicago Cubs,11,13,1,Corbin Burnes,Colin Rea,5.0,3.6666666666666665,4.11864406779661,0.0,64.0,42.0,6.0,6.0,2.6052631578947367,3.6666666666666665,59.0,44.0,0,,,,,,
778269,2025-04-18,R,San Diego Padres,Houston Astros,4,6,1,Kyle Hart,Ryan Gusto,6.0,4.0,3.2481203007518795,0.0,49.0,47.0,6.0,6.0,2.030075187969925,0.0,52.0,40.0,0,,,,,,
778270,2025-04-18,R,St. Louis Cardinals,New York Mets,4,5,1,Miles Mikolas,David Peterson,6.0,6.0,2.279220779220779,3.0,53.0,34.0,6.0,5.0,4.943661971830986,2.0,53.0,63.0,1,,,,,,
778271,2025-04-18,R,Cleveland Guardians,Pittsburgh Pirates,10,7,0,Luis Ortiz,Carmen Mlodzinski,5.0,4.333333333333333,2.7794117647058822,1.6666666666666667,48.0,54.0,6.0,5.666666666666667,3.4285714285714284,2.3333333333333335,48.0,50.0,0,,,,,,
778272,2025-04-18,R,New York Yankees,Tampa Bay Rays,1,0,0,Carlos Rodón,Drew Rasmussen,6.0,5.0,3.826771653543307,3.6666666666666665,59.0,60.0,5.0,5.666666666666667,2.264516129032258,7.333333333333333,60.0,54.0,0,,,,,,
778273,2025-04-18,R,Seattle Mariners,Toronto Blue Jays,1,3,1,Bryan Woo,Bowden Francis,6.0,5.666666666666667,2.1130434782608694,0.0,44.0,41.0,6.0,7.0,3.8823529411764706,5.0,63.0,54.0,0,,,,,,
778274,2025-04-18,R,Miami Marlins,Philadelphia Phillies,2,7,1,Sandy Alcantara,Zack Wheeler,5.0,6.0,5.578512396694215,2.0,47.0,65.0,6.0,5.666666666666667,6.126050420168068,5.0,46.0,61.0,0,,,,,,
778275,2025-04-18,R,Chicago White Sox,Boston Red Sox,3,10,1,Martín Pérez,Hunter Dobbins,12.0,5.0,4.796052631578948,0.0,59.0,72.0,6.0,4.666666666666667,4.776923076923077,3.6666666666666665,31.0,57.0,0,,,,,,
778276,2025-04-18,R,Cincinnati Reds,Baltimore Orioles,8,3,0,Andrew Abbott,Cade Povich,5.0,4.666666666666667,3.3157894736842106,2.0,48.0,47.0,6.0,5.0,2.9076923076923076,5.666666666666667,56.0,51.0,0,,,,,,
778277,2025-04-18,R,Kansas City Royals,Detroit Tigers,3,7,1,Cole Ragans,Jackson Jobe,6.0,6.0,2.338582677165354,4.0,60.0,38.0,5.0,7.666666666666667,3.891891891891892,3.3333333333333335,36.0,53.0,1,,,,,,
778284,2025-04-18,R,Minnesota Twins,Atlanta Braves,4,6,1,Chris Paddack,Bryce Elder,7.0,6.0,3.4054054054054053,0.0,47.0,46.0,6.0,5.0,3.7720588235294117,0.0,44.0,42.0,0,,,,,,
778243,2025-04-19,R,San Francisco Giants,Los Angeles Angels,3,2,0,Landen Roupp,Kyle Hendricks,6.0,4.0,4.663636363636364,3.0,51.0,49.0,5.0,5.0,1.8305084745762712,2.0,64.0,49.0,1,,,,,,
778247,2025-04-19,R,Washington Nationals,Colorado Rockies,12,11,0,MacKenzie Gore,Chase Dollander,7.0,5.666666666666667,3.1153846153846154,0.0,38.0,73.0,6.0,6.0,6.631578947368421,0.0,52.0,58.0,0,,,,,,
778251,2025-04-19,R,Los Angeles Dodgers,Texas Rangers,3,4,1,Roki Sasaki,Nathan Eovaldi,6.0,5.0,4.384615384615385,2.0,40.0,50.0,7.0,5.0,4.841379310344828,2.0,49.0,60.0,0,,,,,,
778252,2025-04-19,R,Miami Marlins,Philadelphia Phillies,10,11,1,Cal Quantrill,Taijuan Walker,5.0,5.0,5.132231404958677,2.0,51.0,65.0,6.0,5.0,4.32824427480916,6.0,48.0,58.0,1,,,,,,
778253,2025-04-19,R,Athletics,Milwaukee Brewers,3,1,0,Luis Severino,Chad Patrick,7.0,4.333333333333333,4.169117647058823,4.0,70.0,46.0,6.0,5.666666666666667,2.9763779527559056,3.3333333333333335,62.0,52.0,1,,,,,,
778254,2025-04-19,R,Cleveland Guardians,Pittsburgh Pirates,3,0,0,Ben Lively,Paul Skenes,5.0,6.0,3.4,5.0,51.0,55.0,6.0,6.0,4.275,4.0,50.0,51.0,0,,,,,,
778255,2025-04-19,R,New York Yankees,Tampa Bay Rays,8,10,1,Carlos Carrasco,Shane Baz,5.0,6.0,3.626865671641791,3.3333333333333335,57.0,56.0,5.0,5.0,1.7532467532467533,3.0,52.0,50.0,0,,,,,,
778256,2025-04-19,R,St. Louis Cardinals,New York Mets,0,3,1,Matthew Liberatore,Kodai Senga,6.0,7.0,2.4545454545454546,3.6666666666666665,53.0,38.0,6.0,6.0,4.138686131386861,3.3333333333333335,48.0,55.0,1,,,,,,
778257,2025-04-19,R,Arizona Diamondbacks,Chicago Cubs,2,6,1,Zac Gallen,Ben Brown,7.0,6.0,6.0,4.333333333333333,74.0,52.0,6.0,6.0,5.351351351351352,2.0,64.0,53.0,1,,,,,,
778258,2025-04-19,R,Seattle Mariners,Toronto Blue Jays,8,4,0,Logan Gilbert,José Berríos,6.0,5.0,1.6293103448275863,3.0,47.0,37.0,6.0,5.0,3.2481203007518795,1.0,55.0,47.0,1,,,,,,
778259,2025-04-19,R,San Diego Padres,Houston Astros,2,3,1,Michael King,Hayden Wesneski,6.0,6.0,3.3517241379310345,4.0,55.0,51.0,6.0,9.0,2.25,3.0,55.0,43.0,1,,,,,,
778262,2025-04-19,R,Cincinnati Reds,Baltimore Orioles,5,9,1,Hunter Greene,Brandon Young,,,2.025,5.666666666666667,49.0,47.0,6.0,7.0,3.3488372093023258,3.0,62.0,51.0,0,,,,,,
778264,2025-04-19,R,Chicago White Sox,Boston Red Sox,3,4,1,Shane Smith,Garrett Crochet,6.0,7.333333333333333,4.530201342281879,3.0,56.0,66.0,6.0,6.0,5.113636363636363,5.0,30.0,60.0,1,,,,,,
778265,2025-04-19,R,Kansas City Royals,Detroit Tigers,1,3,1,Seth Lugo,Casey Mize,6.0,5.666666666666667,1.8837209302325582,4.0,60.0,37.0,5.0,6.666666666666667,4.2631578947368425,4.0,31.0,58.0,1,,,,,,
778267,2025-04-19,R,Minnesota Twins,Atlanta Braves,3,4,1,Justin Topa,Chris Sale,6.0,4.333333333333333,3.15,4.0,43.0,50.0,,,4.468965517241379,3.0,48.0,48.0,1,,,,,,
778232,2025-04-20,R,San Francisco Giants,Los Angeles Angels,4,5,1,Justin Verlander,Yusei Kikuchi,5.0,6.0,4.418181818181818,4.0,43.0,48.0,5.0,5.666666666666667,1.8782608695652174,2.0,63.0,50.0,1,,,,,,
778234,2025-04-20,R,Los Angeles Dodgers,Texas Rangers,1,0,0,Tyler Glasnow,Tyler Mahle,5.0,6.0,4.422413793103448,3.0,38.0,49.0,7.0,6.0,5.5588235294117645,2.0,49.0,63.0,0,,,,,,
778235,2025-04-20,R,Washington Nationals,Colorado Rockies,3,2,0,Jake Irvin,Kyle Freeland,7.0,5.0,3.045112781954887,5.0,45.0,78.0,5.0,7.0,8.289473684210526,3.0,60.0,66.0,0,,,,,,
778236,2025-04-20,R,Arizona Diamondbacks,Chicago Cubs,3,2,0,Merrill Kelly,Jameson Taillon,6.0,5.333333333333333,5.7272727272727275,5.0,73.0,53.0,5.0,6.0,5.5,2.0,63.0,55.0,1,,,,,,
778237,2025-04-20,R,San Diego Padres,Houston Astros,3,2,0,Dylan Cease,Framber Valdez,6.0,4.0,3.375,4.0,57.0,47.0,6.0,5.666666666666667,1.7419354838709677,2.3333333333333335,56.0,39.0,1,,,,,,
778239,2025-04-20,R,Athletics,Milwaukee Brewers,1,14,1,Jeffrey Springs,Logan Henderson,,,3.654135338345865,3.0,64.0,38.0,5.0,5.0,2.877049180327869,1.0,58.0,49.0,1,,,,,,
778240,2025-04-20,R,New York Yankees,Tampa Bay Rays,4,0,0,Max Fried,Ryan Pepiot,5.0,6.0,3.537931034482759,6.666666666666667,63.0,58.0,5.0,6.666666666666667,2.4545454545454546,5.0,50.0,56.0,0,,,,,,
778241,2025-04-20,R,Seattle Mariners,Toronto Blue Jays,8,3,0,Luis Castillo,Easton Lucas,6.0,5.0,1.6875,6.0,49.0,42.0,5.0,4.333333333333333,3.122448979591837,7.333333333333333,62.0,47.0,1,,,,,,
778242,2025-04-20,R,Cleveland Guardians,Pittsburgh Pirates,5,4,0,Logan Allen,Mitch Keller,5.0,6.0,3.2142857142857144,2.0,47.0,48.0,5.0,5.666666666666667,3.630252100840336,3.6666666666666665,49.0,41.0,0,,,,,,
778244,2025-04-20,R,St. Louis Cardinals,New York Mets,4,7,1,Sonny Gray,Clay Holmes,6.0,5.0,2.3557046979865772,3.3333333333333335,53.0,36.0,6.0,7.0,4.212765957446808,1.3333333333333333,48.0,58.0,1,,,,,,
778245,2025-04-20,R,Chicago White Sox,Boston Red Sox,8,4,0,Sean Burke,Tanner Houck,6.0,2.3333333333333335,4.695652173913044,4.0,60.0,69.0,5.0,3.3333333333333335,4.927007299270073,4.666666666666667,31.0,57.0,1,,,,,,
778246,2025-04-20,R,Kansas City Royals,Detroit Tigers,4,3,0,Michael Wacha,Tarik Skubal,6.0,7.0,1.9285714285714286,2.0,56.0,36.0,5.0,5.666666666666667,3.5,1.3333333333333333,31.0,53.0,1,,,,,,
778248,2025-04-20,R,Miami Marlins,Philadelphia Phillies,7,5,0,Connor Gillispie,Jesús Luzardo,5.0,5.333333333333333,6.803149606299213,5.0,61.0,72.0,5.0,5.0,5.075187969924812,4.666666666666667,54.0,69.0,1,,,,,,
778249,2025-04-20,R,Minnesota Twins,Atlanta Braves,2,6,1,Joe Ryan,Grant Holmes,6.0,7.666666666666667,3.12396694214876,4.666666666666667,47.0,49.0,6.0,5.0,4.827814569536423,7.0,45.0,51.0,1,,,,,,
778250,2025-04-20,R,Cincinnati Reds,Baltimore Orioles,24,2,0,Brent Suter,Charlie Morton,5.0,5.0,2.3951612903225805,5.0,50.0,51.0,,,3.6818181818181817,5.0,56.0,53.0,0,,,,,,
778266,2025-04-20,R,Washington Nationals,Colorado Rockies,1,3,1,Brad Lord,Antonio Senzatela,6.0,4.333333333333333,2.6298701298701297,5.0,47.0,81.0,6.0,4.333333333333333,7.745901639344262,3.0,63.0,68.0,0,,,,,,
778225,2025-04-21,R,Philadelphia Phillies,New York Mets,4,5,1,Aaron Nola,Tylor Megill,6.0,5.0,2.9793103448275864,3.0,58.0,39.0,5.0,5.333333333333333,7.071428571428571,3.0,58.0,72.0,0,,,,,,
778226,2025-04-21,R,Milwaukee Brewers,San Francisco Giants,2,5,1,Quinn Priester,Robbie Ray,5.0,4.0,2.675675675675676,2.3333333333333335,62.0,51.0,6.0,5.0,3.50381679389313,3.0,70.0,37.0,0,,,,,,
778227,2025-04-21,R,New York Yankees,Cleveland Guardians,4,6,1,Clarke Schmidt,Gavin Williams,5.0,6.666666666666667,3.857142857142857,4.333333333333333,52.0,39.0,5.0,5.666666666666667,2.7194244604316546,1.3333333333333333,50.0,51.0,0,,,,,,
778228,2025-04-21,R,San Diego Padres,Detroit Tigers,4,6,1,Randy Vásquez,Keider Montero,5.0,5.0,1.8837209302325582,5.0,55.0,37.0,6.0,5.0,1.4594594594594594,4.0,51.0,34.0,0,,,,,,
778230,2025-04-21,R,Cincinnati Reds,Miami Marlins,3,6,1,Nick Lodolo,Max Meyer,5.0,6.0,4.743243243243243,5.0,61.0,74.0,6.0,4.666666666666667,2.9779411764705883,6.0,78.0,47.0,0,,,,,,
778231,2025-04-21,R,Toronto Blue Jays,Houston Astros,0,7,1,Kevin Gausman,Hunter Brown,6.0,6.0,3.375,3.0,50.0,43.0,6.0,6.0,1.9014084507042253,7.333333333333333,51.0,48.0,0,,,,,,
778233,2025-04-21,R,St. Louis Cardinals,Atlanta Braves,6,7,1,Erick Fedde,Spencer Schwellenbach,6.0,4.666666666666667,3.0916030534351147,3.3333333333333335,53.0,51.0,6.0,6.0,3.956896551724138,2.0,41.0,42.0,0,,,,,,
778238,2025-04-21,R,Chicago White Sox,Boston Red Sox,2,4,1,Jonathan Cannon,Walker Buehler,6.0,5.0,5.133802816901408,3.0,41.0,66.0,5.0,4.333333333333333,4.153846153846154,4.0,36.0,57.0,1,,,,,,
778210,2025-04-22,R,Milwaukee Brewers,San Francisco Giants,11,3,0,Jose Quintana,Jordan Hicks,5.0,7.0,2.076923076923077,4.0,67.0,51.0,6.0,5.666666666666667,3.7762237762237763,4.0,72.0,42.0,1,,,,,,
778211,2025-04-22,R,Pittsburgh Pirates,Los Angeles Angels,9,3,0,Bailey Falter,José Soriano,6.0,5.666666666666667,5.201834862385321,0.0,42.0,50.0,6.0,7.0,2.5384615384615383,0.0,38.0,45.0,0,,,,,,
778212,2025-04-22,R,Tampa Bay Rays,Arizona Diamondbacks,1,5,1,Zack Littell,Brandon Pfaadt,6.0,5.666666666666667,5.5588235294117645,0.0,61.0,47.0,6.0,6.0,3.3986013986013988,0.0,60.0,58.0,0,,,,,,
778213,2025-04-22,R,Texas Rangers,Athletics,8,5,0,Patrick Corbin,Osvaldo Bido,6.0,5.666666666666667,3.2033898305084745,0.0,50.0,46.0,6.0,5.333333333333333,3.78,0.0,34.0,40.0,0,,,,,,
778215,2025-04-22,R,Colorado Rockies,Kansas City Royals,3,4,1,Ryan Feltner,Kris Bubic,6.0,5.333333333333333,3.5660377358490565,0.0,27.0,53.0,7.0,2.6666666666666665,2.5033112582781456,0.0,38.0,77.0,0,,,,,,
778216,2025-04-22,R,Chicago White Sox,Minnesota Twins,2,4,1,Davis Martin,Bailey Ober,7.0,6.333333333333333,4.6,0.0,38.0,44.0,5.0,5.333333333333333,3.9865771812080535,2.0,38.0,61.0,0,,,,,,
778217,2025-04-22,R,Toronto Blue Jays,Houston Astros,1,5,1,Chris Bassitt,Ronel Blanco,6.0,5.0,2.885496183206107,2.0,54.0,39.0,6.0,5.0,2.471830985915493,2.0,45.0,53.0,1,,,,,,
778218,2025-04-22,R,New York Yankees,Cleveland Guardians,2,3,1,Will Warren,Tanner Bibee,5.0,5.666666666666667,4.029850746268656,2.6666666666666665,58.0,43.0,5.0,1.6666666666666667,2.793103448275862,4.0,52.0,51.0,1,,,,,,
778219,2025-04-22,R,Cincinnati Reds,Miami Marlins,3,4,1,Nick Martinez,Edward Cabrera,5.0,4.0,5.25,3.0,67.0,75.0,6.0,4.666666666666667,3.4225352112676055,2.3333333333333335,79.0,53.0,1,,,,,,
778220,2025-04-22,R,Los Angeles Dodgers,Chicago Cubs,10,11,1,Dustin May,Shota Imanaga,7.0,5.0,5.441860465116279,0.0,61.0,48.0,8.0,6.0,4.677165354330708,0.0,39.0,49.0,0,,,,,,
778221,2025-04-22,R,San Diego Padres,Detroit Tigers,2,0,0,Nick Pivetta,Jack Flaherty,7.0,4.666666666666667,1.8134328358208955,4.666666666666667,55.0,39.0,6.0,6.0,1.134453781512605,6.0,50.0,36.0,1,,,,,,
778222,2025-04-22,R,Baltimore Orioles,Washington Nationals,0,7,1,Dean Kremer,Mitchell Parker,6.0,6.0,7.884955752212389,0.0,53.0,63.0,6.0,5.333333333333333,5.8604651162790695,0.0,46.0,70.0,0,,,,,,
778223,2025-04-22,R,Philadelphia Phillies,New York Mets,1,5,1,Cristopher Sánchez,Griffin Canning,5.0,6.0,3.75,3.6666666666666665,61.0,43.0,5.0,7.0,7.00763358778626,1.6666666666666667,62.0,77.0,1,,,,,,
778224,2025-04-22,R,Seattle Mariners,Boston Red Sox,3,8,1,Bryce Miller,Brayan Bello,,,4.856115107913669,2.0,43.0,62.0,6.0,5.0,3.0638297872340425,0.0,62.0,42.0,0,,,,,,
778229,2025-04-22,R,St. Louis Cardinals,Atlanta Braves,10,4,0,Andre Pallante,Scott Blewett,,,3.5474452554744524,2.0,60.0,57.0,5.0,6.0,4.384615384615385,2.0,43.0,41.0,1,,,,,,
778197,2025-04-23,R,Texas Rangers,Athletics,2,5,1,Kumar Rocker,JP Sears,6.0,6.0,3.15,3.6666666666666665,45.0,50.0,6.0,7.0,3.78,4.0,36.0,35.0,0,,,,,,
778198,2025-04-23,R,Milwaukee Brewers,San Francisco Giants,2,4,1,Freddy Peralta,Logan Webb,5.0,6.0,2.7,4.0,70.0,61.0,5.0,5.0,4.242857142857143,3.0,76.0,44.0,1,,,,,,
778199,2025-04-23,R,Tampa Bay Rays,Arizona Diamondbacks,7,6,0,Taj Bradley,Eduardo Rodriguez,6.0,5.333333333333333,5.5588235294117645,3.0,62.0,45.0,6.0,5.333333333333333,3.3986013986013988,2.0,58.0,59.0,1,,,,,,
778200,2025-04-23,R,Toronto Blue Jays,Houston Astros,1,3,1,Bowden Francis,Ryan Gusto,5.0,5.0,2.925,2.3333333333333335,57.0,39.0,5.0,6.0,2.5251798561151078,2.6666666666666665,40.0,57.0,1,,,,,,
778201,2025-04-23,R,Chicago White Sox,Minnesota Twins,3,6,1,Bryse Wilson,David Festa,7.0,4.333333333333333,4.835820895522388,3.0,41.0,44.0,,,4.0855263157894735,3.0,40.0,64.0,1,,,,,,
778202,2025-04-23,R,Pittsburgh Pirates,Los Angeles Angels,3,0,0,Andrew Heaney,Jack Kochanowicz,6.0,4.666666666666667,5.2105263157894735,5.666666666666667,41.0,56.0,6.0,7.333333333333333,2.4146341463414633,5.0,44.0,43.0,0,,,,,,
778203,2025-04-23,R,Philadelphia Phillies,New York Mets,3,4,1,Zack Wheeler,David Peterson,5.0,5.333333333333333,3.537931034482759,4.0,56.0,39.0,5.0,7.0,6.702127659574468,6.0,58.0,75.0,1,,,,,,
778204,2025-04-23,R,Baltimore Orioles,Washington Nationals,3,4,1,Tomoyuki Sugano,Trevor Williams,6.0,5.0,8.540816326530612,1.0,52.0,61.0,6.0,7.0,6.1171875,2.6666666666666665,43.0,73.0,1,,,,,,
778205,2025-04-23,R,Los Angeles Dodgers,Chicago Cubs,6,7,1,Ben Casparius,Matthew Boyd,7.0,5.333333333333333,5.481203007518797,4.333333333333333,62.0,52.0,,,5.1923076923076925,4.0,47.0,52.0,1,,,,,,
778206,2025-04-23,R,New York Yankees,Cleveland Guardians,5,1,0,Carlos Rodón,Luis Ortiz,5.0,5.0,4.122137404580153,3.0,60.0,45.0,5.0,6.0,2.832167832167832,3.0,54.0,49.0,1,,,,,,
778207,2025-04-23,R,Seattle Mariners,Boston Red Sox,8,5,0,Emerson Hancock,Sean Newcomb,7.0,4.666666666666667,4.787234042553192,4.0,50.0,59.0,6.0,5.0,3.9461538461538463,3.3333333333333335,64.0,48.0,1,,,,,,
778208,2025-04-23,R,Cincinnati Reds,Miami Marlins,5,2,0,Brady Singer,Sandy Alcantara,5.0,2.0,4.3125,4.0,66.0,68.0,6.0,4.333333333333333,3.664285714285714,2.3333333333333335,81.0,57.0,1,,,,,,
778209,2025-04-23,R,San Diego Padres,Detroit Tigers,0,6,1,Kyle Hart,Reese Olson,6.0,5.0,1.8134328358208955,3.0,50.0,41.0,5.0,5.0,0.9557522123893806,2.0,48.0,26.0,1,,,,,,
778214,2025-04-23,R,St. Louis Cardinals,Atlanta Braves,1,4,1,Miles Mikolas,Bryce Elder,5.0,5.0,4.943661971830986,6.0,57.0,62.0,5.0,4.666666666666667,3.857142857142857,4.666666666666667,48.0,42.0,1,,,,,,
778188,2025-04-24,R,Tampa Bay Rays,Arizona Diamondbacks,7,4,0,Drew Rasmussen,Corbin Burnes,6.0,6.0,5.8584905660377355,4.333333333333333,59.0,52.0,6.0,5.666666666666667,3.5136986301369864,5.0,60.0,61.0,1,,,,,,
778189,2025-04-24,R,Chicago White Sox,Minnesota Twins,3,0,0,Shane Smith,Chris Paddack,6.0,5.0,4.72027972027972,5.0,43.0,47.0,5.0,4.666666666666667,4.9411764705882355,5.333333333333333,41.0,67.0,1,,,,,,
778190,2025-04-24,R,Colorado Rockies,Kansas City Royals,4,7,1,Germán Márquez,Cole Ragans,6.0,4.0,4.090909090909091,0.0,29.0,51.0,8.0,0.6666666666666666,2.152173913043478,0.0,38.0,57.0,1,,,,,,
778191,2025-04-24,R,Pittsburgh Pirates,Los Angeles Angels,3,4,1,Carmen Mlodzinski,Tyler Anderson,6.0,6.0,5.076923076923077,3.0,37.0,54.0,6.0,4.0,2.582608695652174,3.0,45.0,42.0,0,,,,,,
778192,2025-04-24,R,Texas Rangers,Athletics,3,4,1,Jacob deGrom,J.T. Ginn,6.0,4.666666666666667,3.15,4.0,49.0,50.0,6.0,7.0,3.106194690265487,6.333333333333333,32.0,38.0,0,,,,,,
778193,2025-04-24,R,Baltimore Orioles,Washington Nationals,2,1,0,Cade Povich,MacKenzie Gore,5.0,6.0,8.287128712871286,4.0,51.0,58.0,6.0,3.3333333333333335,6.024793388429752,1.0,46.0,68.0,1,,,,,,
778194,2025-04-24,R,Milwaukee Brewers,San Francisco Giants,5,6,1,Tobias Myers,Landen Roupp,5.0,7.0,3.2869565217391306,2.6666666666666665,66.0,57.0,,,4.466165413533835,3.0,61.0,46.0,1,,,,,,
778196,2025-04-24,R,Seattle Mariners,Boston Red Sox,4,3,0,Bryan Woo,Garrett Crochet,5.0,6.0,5.207142857142857,4.0,54.0,65.0,6.0,7.0,4.354838709677419,3.0,65.0,47.0,1,,,,,,
778195,2025-04-24,R,Colorado Rockies,Kansas City Royals,2,6,1,Chase Dollander,Michael Lorenzen,7.0,4.666666666666667,3.4615384615384617,0.0,36.0,55.0,5.0,4.0,2.16,0.0,42.0,64.0,1,,,,,,
778171,2025-04-25,R,Texas Rangers,San Francisco Giants,2,0,0,Nathan Eovaldi,Justin Verlander,5.0,6.0,2.885496183206107,5.333333333333333,72.0,62.0,6.0,6.0,3.073170731707317,3.3333333333333335,35.0,42.0,0,,,,,,
778172,2025-04-25,R,Tampa Bay Rays,San Diego Padres,1,0,0,Shane Baz,Michael King,6.0,5.666666666666667,1.9285714285714286,0.0,46.0,31.0,6.0,3.3333333333333335,2.958904109589041,5.0,66.0,54.0,0,,,,,,
778175,2025-04-25,R,Miami Marlins,Seattle Mariners,8,4,0,Cal Quantrill,Logan Gilbert,6.0,4.666666666666667,4.2631578947368425,3.0,69.0,50.0,6.0,3.3333333333333335,4.655172413793103,0.0,63.0,73.0,0,,,,,,
778176,2025-04-25,R,Pittsburgh Pirates,Los Angeles Dodgers,3,0,0,Paul Skenes,Yoshinobu Yamamoto,7.0,7.0,6.857142857142857,0.0,47.0,54.0,6.0,7.0,2.6129032258064515,3.0,48.0,46.0,0,,,,,,
778177,2025-04-25,R,Atlanta Braves,Arizona Diamondbacks,8,2,0,Chris Sale,Zac Gallen,6.0,6.0,5.85,4.666666666666667,63.0,59.0,6.0,4.333333333333333,4.909090909090909,0.0,54.0,57.0,0,,,,,,
778178,2025-04-25,R,Chicago White Sox,Athletics,5,6,1,Tyler Gilbert,Luis Severino,6.0,8.0,2.7794117647058822,5.333333333333333,53.0,53.0,,,5.006622516556291,2.0,43.0,61.0,0,,,,,,
778181,2025-04-25,R,Cincinnati Reds,Colorado Rockies,8,7,0,Andrew Abbott,Kyle Freeland,5.0,2.0,1.966887417218543,7.333333333333333,37.0,68.0,7.0,6.0,3.130434782608696,0.0,80.0,51.0,0,,,,,,
778182,2025-04-25,R,Philadelphia Phillies,Chicago Cubs,0,4,1,Taijuan Walker,Colin Rea,7.0,4.666666666666667,5.4,0.0,67.0,52.0,6.0,4.0,6.590551181102362,0.0,55.0,72.0,0,,,,,,
778183,2025-04-25,R,New York Mets,Washington Nationals,4,5,1,Kodai Senga,Jake Irvin,5.0,6.333333333333333,7.609090909090909,3.0,52.0,60.0,6.0,5.666666666666667,3.0,0.0,60.0,37.0,0,,,,,,
778184,2025-04-25,R,Milwaukee Brewers,St. Louis Cardinals,2,3,1,Chad Patrick,Matthew Liberatore,6.0,6.666666666666667,5.349056603773585,0.0,48.0,44.0,6.0,6.0,3.9705882352941178,4.0,64.0,45.0,0,,,,,,
778185,2025-04-25,R,Toronto Blue Jays,New York Yankees,4,2,0,José Berríos,Carlos Carrasco,6.0,4.0,2.265734265734266,0.0,55.0,47.0,6.0,6.0,2.53125,0.0,36.0,55.0,0,,,,,,
778186,2025-04-25,R,Los Angeles Angels,Minnesota Twins,4,11,1,Kyle Hendricks,Pablo López,17.0,4.666666666666667,4.531468531468532,2.0,41.0,47.0,6.0,5.0,4.868852459016393,3.0,30.0,56.0,0,,,,,,
778187,2025-04-25,R,Houston Astros,Kansas City Royals,0,2,1,Hayden Wesneski,Seth Lugo,6.0,6.666666666666667,3.756521739130435,9.0,39.0,55.0,6.0,5.0,1.3278688524590163,0.0,54.0,33.0,0,,,,,,
778154,2025-04-26,R,Miami Marlins,Seattle Mariners,0,14,1,Connor Gillispie,Luis Castillo,6.0,5.0,4.079136690647482,6.0,68.0,55.0,6.0,5.0,3.7241379310344827,3.3333333333333335,67.0,70.0,0,,,,,,
778159,2025-04-26,R,Texas Rangers,San Francisco Giants,2,3,1,Tyler Mahle,Robbie Ray,5.0,5.0,2.759124087591241,3.0,63.0,63.0,6.0,7.0,2.7,3.0,34.0,37.0,0,,,,,,
778160,2025-04-26,R,Tampa Bay Rays,San Diego Padres,4,1,0,Ryan Pepiot,Dylan Cease,6.0,5.0,1.8305084745762712,4.0,38.0,32.0,6.0,6.0,2.6433566433566433,2.0,61.0,51.0,0,,,,,,
778161,2025-04-26,R,Cincinnati Reds,Colorado Rockies,6,4,0,Hunter Greene,Antonio Senzatela,6.0,6.0,1.9161290322580644,4.666666666666667,44.0,68.0,7.0,3.0,3.6382978723404253,5.0,83.0,55.0,0,,,,,,
778162,2025-04-26,R,Atlanta Braves,Arizona Diamondbacks,8,7,0,Grant Holmes,Merrill Kelly,6.0,5.666666666666667,5.443548387096774,4.0,65.0,60.0,6.0,5.666666666666667,4.677165354330708,4.0,59.0,53.0,0,,,,,,
778163,2025-04-26,R,Pittsburgh Pirates,Los Angeles Dodgers,4,8,1,Mitch Keller,Roki Sasaki,7.0,6.0,6.6976744186046515,4.0,44.0,57.0,6.0,5.0,2.6341463414634148,2.6666666666666665,48.0,41.0,0,,,,,,
778164,2025-04-26,R,Milwaukee Brewers,St. Louis Cardinals,5,6,1,Quinn Priester,Sonny Gray,6.0,6.0,5.201834862385321,3.0,49.0,46.0,5.0,4.0,4.0212765957446805,3.6666666666666665,59.0,48.0,1,,,,,,
778165,2025-04-26,R,Chicago White Sox,Athletics,10,3,0,Tyler Gilbert,Jeffrey Springs,6.0,2.3333333333333335,3.1153846153846154,3.0,53.0,51.0,1.0,1.0,5.466257668711656,7.0,37.0,66.0,1,,,,,,
778166,2025-04-26,R,Los Angeles Angels,Minnesota Twins,1,5,1,Yusei Kikuchi,Simeon Woods Richardson,13.0,5.0,3.992957746478873,4.0,46.0,44.0,6.0,5.333333333333333,3.826771653543307,5.0,31.0,53.0,1,,,,,,
778167,2025-04-26,R,Houston Astros,Kansas City Royals,0,2,1,Framber Valdez,Michael Wacha,6.0,5.333333333333333,3.375,1.0,41.0,48.0,6.0,6.0,1.134453781512605,3.0,40.0,32.0,1,,,,,,
778168,2025-04-26,R,Baltimore Orioles,Detroit Tigers,3,4,1,Brandon Young,Casey Mize,7.0,7.0,0.9473684210526315,0.0,46.0,31.0,7.0,4.0,5.6953125,0.0,48.0,69.0,0,,,,,,
778173,2025-04-26,R,New York Mets,Washington Nationals,2,0,0,Clay Holmes,Brad Lord,6.0,4.0,8.660377358490566,1.6666666666666667,50.0,60.0,6.0,6.0,3.25531914893617,2.6666666666666665,57.0,36.0,1,,,,,,
778174,2025-04-26,R,Philadelphia Phillies,Chicago Cubs,10,4,0,Jesús Luzardo,Ben Brown,7.0,4.0,5.161764705882353,4.0,71.0,49.0,6.0,7.0,6.6992481203007515,5.0,55.0,74.0,1,,,,,,
778179,2025-04-26,R,Boston Red Sox,Cleveland Guardians,4,5,1,Tanner Houck,Ben Lively,7.0,5.333333333333333,5.046728971962617,0.0,45.0,47.0,6.0,6.0,4.813953488372093,0.0,52.0,55.0,0,,,,,,
778169,2025-04-26,R,Boston Red Sox,Cleveland Guardians,7,3,0,Walker Buehler,Doug Nikhazy,,,4.53781512605042,0.0,50.0,51.0,5.0,7.0,4.695652173913044,0.0,56.0,60.0,1,,,,,,
778180,2025-04-26,R,Baltimore Orioles,Detroit Tigers,2,6,1,Keegan Akin,Keider Montero,5.0,4.333333333333333,1.296,0.0,50.0,34.0,,,5.478260869565218,0.0,51.0,73.0,1,,,,,,
778136,2025-04-27,R,Miami Marlins,Seattle Mariners,6,7,1,Max Meyer,Logan Evans,,,3.8028169014084505,3.0,73.0,53.0,6.0,6.0,4.411764705882353,6.0,60.0,78.0,0,,,,,,
778144,2025-04-27,R,Los Angeles Angels,Minnesota Twins,0,5,1,José Soriano,Joe Ryan,7.0,5.0,3.6382978723404253,3.6666666666666665,51.0,41.0,5.0,3.3333333333333335,3.6,6.0,28.0,57.0,1,,,,,,
778145,2025-04-27,R,Pittsburgh Pirates,Los Angeles Dodgers,2,9,1,Bailey Falter,Tyler Glasnow,7.0,4.0,3.826771653543307,3.3333333333333335,52.0,45.0,5.0,4.0,3.5121951219512195,2.0,50.0,44.0,0,,,,,,
778146,2025-04-27,R,Tampa Bay Rays,San Diego Padres,4,2,0,Zack Littell,Randy Vásquez,6.0,2.0,1.7560975609756098,4.666666666666667,37.0,36.0,5.0,6.0,1.7357142857142858,3.0,61.0,47.0,0,,,,,,
778147,2025-04-27,R,Atlanta Braves,Arizona Diamondbacks,4,6,1,Spencer Schwellenbach,Brandon Pfaadt,5.0,6.0,6.165354330708661,4.0,67.0,64.0,6.0,7.0,4.4296875,4.333333333333333,62.0,56.0,0,,,,,,
778148,2025-04-27,R,Cincinnati Reds,Colorado Rockies,8,1,0,Nick Lodolo,Bradley Blalock,,,2.19375,4.0,48.0,72.0,6.0,5.666666666666667,3.717391304347826,3.0,84.0,57.0,0,,,,,,
778149,2025-04-27,R,Chicago White Sox,Athletics,2,3,1,Brandon Eisert,Osvaldo Bido,5.0,5.333333333333333,3.796875,3.0,53.0,60.0,,,5.586206896551724,8.0,44.0,67.0,1,,,,,,
778150,2025-04-27,R,Milwaukee Brewers,St. Louis Cardinals,7,1,0,Jose Quintana,Erick Fedde,6.0,6.0,5.60377358490566,3.0,54.0,47.0,5.0,6.0,3.3260869565217392,3.3333333333333335,60.0,49.0,1,,,,,,
778151,2025-04-27,R,Texas Rangers,San Francisco Giants,2,3,1,Jack Leiter,Jordan Hicks,5.0,5.0,2.6793893129770994,2.0,62.0,57.0,25.0,5.0,1.8620689655172413,3.3333333333333335,34.0,31.0,0,,,,,,
778152,2025-04-27,R,Houston Astros,Kansas City Royals,7,3,0,Hunter Brown,Kris Bubic,5.0,7.0,2.6052631578947367,3.0,40.0,42.0,6.0,7.0,1.0384615384615385,0.0,39.0,30.0,1,,,,,,
778153,2025-04-27,R,New York Mets,Washington Nationals,7,8,1,Tylor Megill,Mitchell Parker,5.0,8.0,8.027027027027026,5.0,44.0,55.0,6.0,5.333333333333333,2.938775510204082,4.0,58.0,33.0,1,,,,,,
778155,2025-04-27,R,Baltimore Orioles,Detroit Tigers,0,7,1,Dean Kremer,Tarik Skubal,7.0,5.0,1.4538461538461538,8.333333333333334,52.0,36.0,5.0,5.333333333333333,6.1875,9.666666666666666,48.0,75.0,1,,,,,,
778156,2025-04-27,R,Toronto Blue Jays,New York Yankees,2,11,1,Kevin Gausman,Max Fried,7.0,7.666666666666667,2.53125,0.0,48.0,38.0,6.0,6.0,2.8636363636363638,0.0,36.0,52.0,0,,,,,,
778157,2025-04-27,R,Boston Red Sox,Cleveland Guardians,13,3,0,Brayan Bello,Logan Allen,7.0,5.666666666666667,4.039370078740157,10.0,47.0,55.0,5.0,5.0,4.138686131386861,6.0,61.0,60.0,1,,,,,,
778158,2025-04-27,R,Philadelphia Phillies,Chicago Cubs,3,1,0,Aaron Nola,Jameson Taillon,7.0,5.0,5.664335664335664,5.333333333333333,59.0,59.0,6.0,6.333333333333333,7.052238805970149,3.0,61.0,77.0,1,,,,,,
778170,2025-04-27,R,Toronto Blue Jays,New York Yankees,1,5,1,Chris Bassitt,Clarke Schmidt,6.0,4.0,2.562043795620438,0.0,59.0,40.0,5.0,5.333333333333333,3.4662162162162162,0.0,38.0,63.0,0,,,,,,
778132,2025-04-28,R,Miami Marlins,Los Angeles Dodgers,6,7,1,Edward Cabrera,Dustin May,6.0,5.0,3.0422535211267605,8.0,59.0,43.0,6.0,5.0,4.588235294117647,4.0,55.0,81.0,0,,,,,,
778137,2025-04-28,R,Atlanta Braves,Colorado Rockies,6,3,0,Bryce Elder,Ryan Feltner,6.0,7.0,2.2771084337349397,5.0,49.0,74.0,5.0,6.0,4.170731707317073,2.0,63.0,54.0,0,,,,,,
778138,2025-04-28,R,New York Mets,Washington Nationals,19,5,0,Griffin Canning,Trevor Williams,5.0,5.0,6.0,4.0,48.0,51.0,6.0,5.0,3.673469387755102,2.0,57.0,41.0,1,,,,,,
778139,2025-04-28,R,Minnesota Twins,Cleveland Guardians,11,1,0,Bailey Ober,Gavin Williams,7.0,6.333333333333333,4.909090909090909,4.666666666666667,48.0,64.0,6.0,6.0,3.8,2.0,51.0,40.0,0,,,,,,
778140,2025-04-28,R,New York Yankees,Baltimore Orioles,3,4,1,Will Warren,Tomoyuki Sugano,5.0,7.0,6.2,2.3333333333333335,42.0,75.0,6.0,5.0,2.5251798561151078,7.0,60.0,36.0,0,,,,,,
778141,2025-04-28,R,St. Louis Cardinals,Cincinnati Reds,1,3,1,Andre Pallante,Nick Martinez,6.0,5.666666666666667,3.9130434782608696,2.0,88.0,58.0,6.0,4.333333333333333,5.5514018691588785,3.3333333333333335,48.0,54.0,0,,,,,,
778142,2025-04-28,R,Detroit Tigers,Houston Astros,5,8,1,Jack Flaherty,Ronel Blanco,6.0,6.666666666666667,1.5576923076923077,3.0,39.0,30.0,6.0,6.0,1.2272727272727273,3.0,58.0,31.0,0,,,,,,
778143,2025-04-28,R,Athletics,Texas Rangers,2,1,0,JP Sears,Patrick Corbin,6.0,5.0,1.7851239669421488,4.666666666666667,35.0,31.0,5.0,5.0,2.4545454545454546,4.666666666666667,56.0,54.0,0,,,,,,
778120,2025-04-29,R,Atlanta Braves,Colorado Rockies,8,2,0,AJ Smith-Shawver,Germán Márquez,5.0,4.0,2.4107142857142856,4.333333333333333,49.0,75.0,17.0,5.0,3.796875,3.0,61.0,53.0,0,,,,,,
778121,2025-04-29,R,Los Angeles Angels,Seattle Mariners,3,5,1,Jack Kochanowicz,Bryce Miller,7.0,4.666666666666667,4.563380281690141,0.0,77.0,58.0,6.0,6.0,3.477272727272727,0.0,25.0,55.0,0,,,,,,
778122,2025-04-29,R,Athletics,Texas Rangers,2,15,1,Jacob Lopez,Jacob deGrom,5.0,5.333333333333333,1.6119402985074627,4.333333333333333,36.0,33.0,,,2.2816901408450705,3.3333333333333335,58.0,55.0,0,,,,,,
778123,2025-04-29,R,Miami Marlins,Los Angeles Dodgers,2,15,1,Sandy Alcantara,Jack Dreyer,,,2.938775510204082,4.666666666666667,61.0,46.0,6.0,6.0,4.313609467455621,5.333333333333333,61.0,88.0,1,,,,,,
778124,2025-04-29,R,Detroit Tigers,Houston Astros,4,6,1,Reese Olson,Ryan Gusto,6.0,5.666666666666667,1.8173076923076923,4.0,44.0,27.0,6.0,7.333333333333333,1.0,3.0,54.0,38.0,1,,,,,,
778125,2025-04-29,R,Milwaukee Brewers,Chicago White Sox,7,2,0,Freddy Peralta,Tyler Gilbert,3.0,1.0,5.11578947368421,0.0,45.0,67.0,6.0,5.0,3.188976377952756,0.0,64.0,36.0,0,,,,,,
778126,2025-04-29,R,San Francisco Giants,San Diego Padres,4,7,1,Logan Webb,Nick Pivetta,7.0,7.0,1.7142857142857142,0.0,23.0,36.0,6.0,6.333333333333333,2.722689075630252,0.0,50.0,51.0,0,,,,,,
778127,2025-04-29,R,Boston Red Sox,Toronto Blue Jays,10,2,0,Garrett Crochet,Bowden Francis,6.0,4.666666666666667,4.21875,0.0,28.0,54.0,5.0,5.0,3.7016129032258065,0.0,70.0,46.0,0,,,,,,
778128,2025-04-29,R,Kansas City Royals,Tampa Bay Rays,3,1,0,Michael Lorenzen,Taj Bradley,6.0,6.0,1.8549618320610688,0.0,41.0,45.0,5.0,6.0,3.2033898305084745,0.0,38.0,43.0,0,,,,,,
778129,2025-04-29,R,Minnesota Twins,Cleveland Guardians,1,2,1,Chris Paddack,Tanner Bibee,7.0,6.0,5.470588235294118,7.0,49.0,75.0,5.0,5.0,3.4015748031496065,1.3333333333333333,61.0,36.0,0,,,,,,
778130,2025-04-29,R,Arizona Diamondbacks,New York Mets,3,8,1,Eduardo Rodriguez,David Peterson,6.0,5.333333333333333,4.591836734693878,4.0,71.0,45.0,6.0,6.666666666666667,6.377952755905512,0.0,68.0,66.0,0,,,,,,
778131,2025-04-29,R,Washington Nationals,Philadelphia Phillies,6,7,1,MacKenzie Gore,Zack Wheeler,6.0,6.0,6.048,0.0,60.0,61.0,5.0,6.0,7.846153846153846,3.6666666666666665,50.0,60.0,0,,,,,,
778133,2025-04-29,R,New York Yankees,Baltimore Orioles,15,3,0,Carlos Rodón,Kyle Gibson,,,6.061224489795919,4.0,46.0,78.0,6.0,7.0,2.4893617021276597,4.666666666666667,59.0,39.0,1,,,,,,
778135,2025-04-29,R,Chicago Cubs,Pittsburgh Pirates,9,0,0,Shota Imanaga,Andrew Heaney,6.0,6.0,4.026315789473684,0.0,42.0,46.0,7.0,5.666666666666667,4.640625,0.0,52.0,50.0,0,,,,,,
778102,2025-04-30,R,Atlanta Braves,Colorado Rockies,1,2,1,Chris Sale,Chase Dollander,6.0,4.666666666666667,2.4846625766871164,3.6666666666666665,49.0,77.0,5.0,5.0,3.7674418604651163,3.6666666666666665,66.0,49.0,0,,,,,,
778104,2025-04-30,R,Los Angeles Angels,Seattle Mariners,3,9,1,Tyler Anderson,Emerson Hancock,7.0,6.0,4.72027972027972,4.0,78.0,53.0,6.0,6.0,3.477272727272727,2.0,28.0,56.0,1,,,,,,
778105,2025-04-30,R,San Francisco Giants,San Diego Padres,3,5,1,Landen Roupp,Michael King,5.0,5.0,1.9918032786885247,3.6666666666666665,29.0,38.0,6.0,3.6666666666666665,2.677685950413223,3.0,50.0,52.0,1,,,,,,
778106,2025-04-30,R,Athletics,Texas Rangers,7,1,0,Luis Severino,Nathan Eovaldi,5.0,6.0,2.014925373134328,3.0,47.0,35.0,5.0,6.0,4.438356164383562,5.333333333333333,48.0,67.0,0,,,,,,
778109,2025-04-30,R,Miami Marlins,Los Angeles Dodgers,7,12,1,Cal Quantrill,Tony Gonsolin,,,2.9805194805194803,7.0,70.0,46.0,5.0,5.666666666666667,4.994219653179191,5.333333333333333,59.0,93.0,1,,,,,,
778110,2025-04-30,R,Detroit Tigers,Houston Astros,7,4,0,Jackson Jobe,AJ Blubaugh,,,2.229357798165138,4.666666666666667,48.0,31.0,12.0,5.0,1.6363636363636365,2.3333333333333335,58.0,39.0,1,,,,,,
778111,2025-04-30,R,Milwaukee Brewers,Chicago White Sox,6,4,0,Tobias Myers,Shane Smith,6.0,5.0,4.731958762886598,7.0,44.0,62.0,6.0,4.0,3.2661290322580645,3.0,66.0,38.0,0,,,,,,
778112,2025-04-30,R,Chicago Cubs,Pittsburgh Pirates,3,4,1,Matthew Boyd,Carmen Mlodzinski,6.0,5.0,5.033898305084746,4.333333333333333,42.0,52.0,7.0,6.0,4.752,4.0,59.0,49.0,0,,,,,,
778113,2025-04-30,R,Kansas City Royals,Tampa Bay Rays,3,0,0,Noah Cameron,Drew Rasmussen,6.0,5.0,1.8984375,2.0,38.0,41.0,,,2.925,3.0,39.0,40.0,0,,,,,,
778114,2025-04-30,R,Boston Red Sox,Toronto Blue Jays,6,7,1,Lucas Giolito,Yariel Rodríguez,,,4.335766423357664,6.0,24.0,61.0,,,3.4322033898305087,2.0,73.0,44.0,0,,,,,,
778115,2025-04-30,R,New York Yankees,Baltimore Orioles,4,5,1,Carlos Carrasco,Cade Povich,6.0,6.666666666666667,6.437086092715232,5.333333333333333,46.0,87.0,5.0,5.0,2.6433566433566433,3.0,70.0,40.0,1,,,,,,
778116,2025-04-30,R,Minnesota Twins,Cleveland Guardians,2,4,1,Pablo López,Luis Ortiz,7.0,4.333333333333333,5.073825503355705,2.0,45.0,73.0,5.0,5.0,3.5859375,3.0,56.0,35.0,0,,,,,,
778117,2025-04-30,R,Arizona Diamondbacks,New York Mets,4,3,0,Corbin Burnes,Huascar Brazobán,14.0,1.0,4.32,4.0,76.0,42.0,6.0,5.333333333333333,5.607692307692307,4.0,61.0,70.0,1,,,,,,
778118,2025-04-30,R,Washington Nationals,Philadelphia Phillies,2,7,1,Jake Irvin,Cristopher Sánchez,8.0,2.0,6.24793388429752,2.3333333333333335,61.0,63.0,5.0,7.333333333333333,8.621848739495798,2.6666666666666665,53.0,67.0,1,,,,,,
778134,2025-04-30,R,St. Louis Cardinals,Cincinnati Reds,6,0,0,Miles Mikolas,Brady Singer,7.0,6.0,4.029850746268656,0.0,83.0,55.0,7.0,6.0,4.959183673469388,0.0,41.0,52.0,1,,,,,,
778119,2025-04-30,R,St. Louis Cardinals,Cincinnati Reds,9,1,0,Steven Matz,Chase Petty,,,4.72027972027972,0.0,83.0,61.0,14.0,5.0,4.458715596330276,0.0,47.0,52.0,1,,,,,,
778094,2025-05-01,R,Milwaukee Brewers,Chicago White Sox,0,8,1,Chad Patrick,Sean Burke,11.0,5.0,4.78125,4.0,47.0,65.0,6.0,4.333333333333333,3.4,7.0,67.0,41.0,0,,,,,,
778095,2025-05-01,R,Boston Red Sox,Toronto Blue Jays,2,4,1,Tanner Houck,José Berríos,6.0,5.333333333333333,4.440789473684211,9.0,28.0,66.0,5.0,5.0,4.226086956521739,3.3333333333333335,78.0,51.0,0,,,,,,
778096,2025-05-01,R,Athletics,Texas Rangers,3,0,0,Jeffrey Springs,Tyler Mahle,5.0,5.0,3.272727272727273,3.0,45.0,41.0,5.0,6.0,4.378378378378378,4.0,52.0,67.0,0,,,,,,
778097,2025-05-01,R,Kansas City Royals,Tampa Bay Rays,8,2,0,Seth Lugo,Shane Baz,6.0,7.0,1.8549618320610688,4.0,38.0,43.0,6.0,8.0,2.7,2.6666666666666665,39.0,36.0,0,,,,,,
778098,2025-05-01,R,Colorado Rockies,San Francisco Giants,4,3,0,Kyle Freeland,Justin Verlander,6.0,6.0,3.0,3.6666666666666665,42.0,53.0,6.0,4.333333333333333,2.5033112582781456,3.3333333333333335,44.0,70.0,0,,,,,,
778099,2025-05-01,R,Washington Nationals,Philadelphia Phillies,4,2,0,Brad Lord,Taijuan Walker,6.0,3.0,5.311475409836065,4.0,64.0,54.0,5.0,4.0,7.714285714285714,2.0,54.0,68.0,1,,,,,,
778100,2025-05-01,R,Chicago Cubs,Pittsburgh Pirates,8,3,0,Colin Rea,Paul Skenes,6.0,6.333333333333333,4.677165354330708,5.0,40.0,54.0,6.0,5.0,4.285714285714286,3.0,60.0,49.0,0,,,,,,
778101,2025-05-01,R,Detroit Tigers,Los Angeles Angels,10,4,0,Casey Mize,Yusei Kikuchi,5.0,2.0,4.740458015267175,2.0,30.0,62.0,5.0,5.333333333333333,1.7608695652173914,5.0,64.0,38.0,0,,,,,,
778103,2025-05-01,R,Arizona Diamondbacks,New York Mets,4,2,0,Zac Gallen,Kodai Senga,6.0,6.0,4.591836734693878,7.0,76.0,42.0,6.0,5.0,5.8604651162790695,3.0,59.0,71.0,1,,,,,,
778107,2025-05-01,R,St. Louis Cardinals,Cincinnati Reds,1,9,1,Matthew Liberatore,Andrew Abbott,6.0,4.0,4.32,9.666666666666666,81.0,65.0,6.0,6.0,4.580357142857143,8.666666666666666,52.0,52.0,1,,,,,,
778108,2025-05-01,R,Minnesota Twins,Cleveland Guardians,3,4,1,Simeon Woods Richardson,Ben Lively,5.0,5.0,4.588235294117647,2.6666666666666665,48.0,66.0,5.0,5.333333333333333,3.7241379310344827,1.6666666666666667,54.0,36.0,0,,,,,,
778079,2025-05-02,R,Houston Astros,Chicago White Sox,3,7,1,Framber Valdez,Jonathan Cannon,11.0,6.0,4.2631578947368425,3.0,55.0,57.0,6.0,8.0,2.1130434782608694,0.0,51.0,34.0,0,,,,,,
778080,2025-05-02,R,Chicago Cubs,Milwaukee Brewers,10,0,0,Ben Brown,Tyler Alexander,18.0,4.0,4.183098591549296,2.3333333333333335,67.0,49.0,6.0,3.6666666666666665,4.0,3.0,68.0,52.0,0,,,,,,
778081,2025-05-02,R,Cleveland Guardians,Toronto Blue Jays,3,5,1,Logan Allen,Chris Bassitt,5.0,5.666666666666667,4.245283018867925,2.3333333333333335,32.0,68.0,5.0,4.333333333333333,4.754716981132075,4.333333333333333,50.0,63.0,0,,,,,,
778082,2025-05-02,R,Colorado Rockies,San Francisco Giants,0,4,1,Antonio Senzatela,Robbie Ray,6.0,7.0,3.098360655737705,2.6666666666666665,41.0,51.0,6.0,5.0,2.3625,3.0,48.0,73.0,0,,,,,,
778083,2025-05-02,R,Seattle Mariners,Texas Rangers,13,1,0,Bryan Woo,Jack Leiter,5.0,3.3333333333333335,3.6,3.0,40.0,41.0,8.0,6.0,3.672,0.0,71.0,46.0,0,,,,,,
778084,2025-05-02,R,New York Mets,St. Louis Cardinals,9,3,0,Clay Holmes,Sonny Gray,6.0,6.0,5.578512396694215,5.0,52.0,57.0,6.0,5.0,4.9411764705882355,5.0,74.0,45.0,0,,,,,,
778085,2025-05-02,R,Detroit Tigers,Los Angeles Angels,9,1,0,Tarik Skubal,José Soriano,5.0,5.0,6.090225563909774,4.0,31.0,67.0,5.0,6.0,1.6363636363636365,2.0,68.0,41.0,0,,,,,,
778086,2025-05-02,R,Arizona Diamondbacks,Philadelphia Phillies,2,3,1,Merrill Kelly,Jesús Luzardo,6.0,6.0,4.928571428571429,3.3333333333333335,60.0,54.0,6.0,6.0,5.952755905511811,3.0,57.0,69.0,0,,,,,,
778087,2025-05-02,R,Washington Nationals,Cincinnati Reds,1,6,1,Mitchell Parker,Hunter Greene,6.0,6.0,3.831081081081081,5.0,83.0,55.0,5.0,5.0,7.524590163934426,4.0,58.0,69.0,0,,,,,,
778088,2025-05-02,R,Tampa Bay Rays,New York Yankees,0,3,1,Ryan Pepiot,Max Fried,5.0,6.0,2.808,0.0,64.0,39.0,6.0,6.0,2.076923076923077,3.3333333333333335,37.0,45.0,0,,,,,,
778089,2025-05-02,R,Minnesota Twins,Boston Red Sox,1,6,1,Joe Ryan,Brayan Bello,5.0,6.0,4.805084745762712,1.0,80.0,55.0,5.0,7.0,3.5307692307692307,4.666666666666667,57.0,40.0,0,,,,,,
778090,2025-05-02,R,San Diego Padres,Pittsburgh Pirates,9,4,0,Dylan Cease,Mitch Keller,6.0,6.0,5.440298507462686,4.0,42.0,62.0,6.0,4.333333333333333,2.1951219512195124,0.0,30.0,39.0,0,,,,,,
778091,2025-05-02,R,Athletics,Miami Marlins,6,1,0,Gunnar Hoglund,Valente Bellozo,25.0,3.6666666666666665,6.0,0.0,60.0,93.0,,,4.378378378378378,3.0,47.0,67.0,0,,,,,,
778092,2025-05-02,R,Los Angeles Dodgers,Atlanta Braves,2,1,0,Yoshinobu Yamamoto,Grant Holmes,6.0,5.666666666666667,3.731707317073171,0.0,66.0,48.0,7.0,5.0,3.7241379310344827,0.0,74.0,46.0,0,,,,,,
778093,2025-05-02,R,Kansas City Royals,Baltimore Orioles,0,3,1,Michael Wacha,Dean Kremer,5.0,5.666666666666667,6.795918367346939,0.0,36.0,88.0,6.0,6.0,2.26890756302521,3.0,46.0,32.0,0,,,,,,
778064,2025-05-03,R,Cleveland Guardians,Toronto Blue Jays,5,3,0,Gavin Williams,Kevin Gausman,6.0,2.6666666666666665,4.192546583850931,3.6666666666666665,34.0,70.0,5.0,2.0,4.383116883116883,2.3333333333333335,43.0,61.0,1,,,,,,
778065,2025-05-03,R,San Diego Padres,Pittsburgh Pirates,2,1,0,Randy Vásquez,Bailey Falter,6.0,4.333333333333333,5.358778625954199,4.0,39.0,61.0,6.0,4.666666666666667,2.302325581395349,5.0,35.0,37.0,0,,,,,,
778066,2025-05-03,R,Houston Astros,Chicago White Sox,8,3,0,Hunter Brown,Davis Martin,11.0,5.0,3.6684782608695654,3.0,59.0,50.0,6.0,6.0,2.4107142857142856,3.0,48.0,37.0,1,,,,,,
778067,2025-05-03,R,Detroit Tigers,Los Angeles Angels,2,5,1,Jack Flaherty,Kyle Hendricks,8.0,3.0,7.917293233082707,3.0,30.0,76.0,5.0,5.0,1.4651162790697674,3.0,70.0,39.0,0,,,,,,
778069,2025-05-03,R,Colorado Rockies,San Francisco Giants,3,6,1,Bradley Blalock,Jordan Hicks,6.0,5.0,3.098360655737705,2.0,45.0,49.0,6.0,4.0,2.2366863905325443,3.0,48.0,77.0,0,,,,,,
778070,2025-05-03,R,Seattle Mariners,Texas Rangers,2,1,0,Luis Castillo,Patrick Corbin,5.0,4.666666666666667,4.3426573426573425,4.666666666666667,41.0,51.0,7.0,6.0,3.7384615384615385,2.6666666666666665,83.0,44.0,0,,,,,,
778071,2025-05-03,R,Chicago Cubs,Milwaukee Brewers,6,2,0,Jameson Taillon,Jose Quintana,6.0,5.0,4.703225806451613,8.333333333333334,62.0,56.0,6.0,7.0,2.0610687022900764,3.0,65.0,41.0,0,,,,,,
778072,2025-05-03,R,Kansas City Royals,Baltimore Orioles,4,0,0,Kris Bubic,Tomoyuki Sugano,5.0,5.0,7.345588235294118,2.0,36.0,80.0,6.0,5.0,1.9285714285714286,1.6666666666666667,43.0,28.0,1,,,,,,
778073,2025-05-03,R,Minnesota Twins,Boston Red Sox,4,3,0,Bailey Ober,Hunter Dobbins,15.0,6.0,4.655172413793103,2.3333333333333335,76.0,53.0,5.0,7.666666666666667,3.6141732283464565,2.0,54.0,40.0,1,,,,,,
778074,2025-05-03,R,Tampa Bay Rays,New York Yankees,3,2,0,Zack Littell,Ryan Yarbrough,,,2.877049180327869,2.0,66.0,39.0,6.0,5.0,2.267175572519084,3.6666666666666665,37.0,47.0,1,,,,,,
778075,2025-05-03,R,Athletics,Miami Marlins,6,9,1,Osvaldo Bido,Max Meyer,6.0,4.0,6.019108280254777,4.333333333333333,59.0,92.0,6.0,5.333333333333333,4.408163265306122,3.0,50.0,63.0,0,,,,,,
778076,2025-05-03,R,Los Angeles Dodgers,Atlanta Braves,10,3,0,Roki Sasaki,Spencer Schwellenbach,6.0,6.0,3.825,3.0,61.0,46.0,7.0,5.666666666666667,3.831081081081081,3.0,73.0,47.0,0,,,,,,
778077,2025-05-03,R,Washington Nationals,Cincinnati Reds,11,6,0,Trevor Williams,Nick Lodolo,6.0,7.0,3.4662162162162162,3.0,81.0,53.0,5.0,5.333333333333333,7.052238805970149,4.0,59.0,75.0,1,,,,,,
778078,2025-05-03,R,Arizona Diamondbacks,Philadelphia Phillies,2,7,1,Brandon Pfaadt,Aaron Nola,6.0,7.0,4.740458015267175,3.6666666666666665,56.0,54.0,6.0,6.0,3.9461538461538463,3.0,48.0,59.0,1,,,,,,
778048,2025-05-04,R,Colorado Rockies,San Francisco Giants,3,9,1,Germán Márquez,Logan Webb,5.0,5.0,2.953125,4.0,48.0,50.0,5.0,5.333333333333333,2.3333333333333335,2.6666666666666665,40.0,71.0,0,,,,,,
778050,2025-05-04,R,Detroit Tigers,Los Angeles Angels,13,1,0,Reese Olson,Jack Kochanowicz,5.0,6.0,8.64,1.3333333333333333,33.0,75.0,5.0,5.666666666666667,1.4538461538461538,2.3333333333333335,69.0,43.0,0,,,,,,
778051,2025-05-04,R,San Diego Padres,Pittsburgh Pirates,4,0,0,Stephen Kolek,Andrew Heaney,5.0,4.666666666666667,5.358778625954199,2.0,40.0,60.0,,,2.014925373134328,4.0,35.0,35.0,0,,,,,,
778052,2025-05-04,R,Seattle Mariners,Texas Rangers,1,8,1,Logan Evans,Jacob deGrom,5.0,6.0,4.5,3.3333333333333335,38.0,50.0,7.0,5.0,3.923076923076923,3.0,77.0,41.0,0,,,,,,
778053,2025-05-04,R,New York Mets,St. Louis Cardinals,5,6,1,Blade Tidwell,Erick Fedde,7.0,5.666666666666667,5.578512396694215,0.0,51.0,58.0,,,5.170212765957447,0.0,75.0,44.0,0,,,,,,
778054,2025-05-04,R,Chicago Cubs,Milwaukee Brewers,0,4,1,Shota Imanaga,Freddy Peralta,5.0,6.0,4.443037974683544,4.0,63.0,59.0,5.0,5.0,1.944,3.0,65.0,41.0,0,,,,,,
778055,2025-05-04,R,Houston Astros,Chicago White Sox,4,5,1,Lance McCullers Jr.,Bryse Wilson,11.0,2.6666666666666665,4.450549450549451,4.0,59.0,54.0,,,2.477064220183486,3.0,53.0,38.0,1,,,,,,
778056,2025-05-04,R,Cleveland Guardians,Toronto Blue Jays,5,4,0,Tanner Bibee,Bowden Francis,5.0,3.0,4.618421052631579,3.0,33.0,67.0,5.0,7.0,4.443037974683544,5.0,45.0,64.0,1,,,,,,
778057,2025-05-04,R,Tampa Bay Rays,New York Yankees,7,5,0,Taj Bradley,Will Warren,6.0,3.3333333333333335,2.4344262295081966,5.0,60.0,32.0,5.0,7.0,1.8461538461538463,2.0,30.0,41.0,1,,,,,,
778058,2025-05-04,R,Washington Nationals,Cincinnati Reds,4,1,0,MacKenzie Gore,Nick Martinez,6.0,6.0,3.5625,3.6666666666666665,82.0,55.0,5.0,6.0,5.360294117647059,3.6666666666666665,58.0,70.0,1,,,,,,
778059,2025-05-04,R,Arizona Diamondbacks,Philadelphia Phillies,11,9,0,Eduardo Rodriguez,Ranger Suarez,,,3.456,3.0,52.0,46.0,5.0,4.0,3.828358208955224,3.3333333333333335,48.0,60.0,1,,,,,,
778060,2025-05-04,R,Los Angeles Dodgers,Atlanta Braves,3,4,1,Dustin May,Bryce Elder,6.0,6.0,4.204918032786885,5.333333333333333,60.0,53.0,6.0,5.333333333333333,3.331168831168831,4.0,80.0,46.0,0,,,,,,
778061,2025-05-04,R,Athletics,Miami Marlins,3,2,0,JP Sears,Edward Cabrera,6.0,4.0,5.574193548387097,4.0,58.0,87.0,6.0,5.666666666666667,5.051612903225807,3.6666666666666665,53.0,71.0,0,,,,,,
778062,2025-05-04,R,Kansas City Royals,Baltimore Orioles,11,6,0,Michael Lorenzen,Kyle Gibson,5.0,3.6666666666666665,7.684615384615385,3.0,27.0,79.0,5.0,6.0,1.8,4.0,46.0,25.0,1,,,,,,
778063,2025-05-04,R,Minnesota Twins,Boston Red Sox,5,4,0,Chris Paddack,Garrett Crochet,5.0,7.0,4.026315789473684,3.3333333333333335,75.0,54.0,5.0,5.0,3.756521739130435,3.0,55.0,39.0,1,,,,,,
778068,2025-05-04,R,New York Mets,St. Louis Cardinals,4,5,1,Tylor Megill,Andre Pallante,6.0,6.0,5.481203007518797,0.0,57.0,63.0,7.0,6.333333333333333,4.733766233766234,0.0,80.0,50.0,0,,,,,,
778036,2025-05-05,R,Pittsburgh Pirates,St. Louis Cardinals,3,6,1,Carmen Mlodzinski,Miles Mikolas,5.0,5.333333333333333,4.3125,9.666666666666666,58.0,60.0,5.0,4.0,4.909090909090909,5.333333333333333,36.0,59.0,0,,,,,,
778038,2025-05-05,R,Seattle Mariners,Athletics,6,7,1,Bryce Miller,Luis Severino,5.0,5.0,4.068493150684931,2.6666666666666665,55.0,59.0,6.0,5.0,4.5,3.0,70.0,46.0,0,,,,,,
778039,2025-05-05,R,New York Mets,Arizona Diamondbacks,5,4,0,Griffin Canning,Ryne Nelson,,,4.704545454545454,4.666666666666667,56.0,67.0,7.0,5.0,4.383116883116883,7.333333333333333,77.0,51.0,0,,,,,,
778042,2025-05-05,R,Houston Astros,Milwaukee Brewers,1,5,1,Ronel Blanco,Tobias Myers,5.0,2.0,4.443037974683544,3.0,53.0,58.0,7.0,5.0,2.7757009345794392,2.3333333333333335,55.0,40.0,0,,,,,,
778043,2025-05-05,R,Chicago White Sox,Kansas City Royals,0,3,1,Shane Smith,Cole Ragans,11.0,3.0,1.815126050420168,4.333333333333333,53.0,28.0,5.0,5.0,4.576271186440678,2.3333333333333335,56.0,54.0,0,,,,,,
778044,2025-05-05,R,San Francisco Giants,Chicago Cubs,2,9,1,Landen Roupp,Matthew Boyd,5.0,5.0,2.6052631578947367,2.3333333333333335,63.0,42.0,5.0,4.333333333333333,2.5511811023622046,2.0,53.0,48.0,0,,,,,,
778045,2025-05-05,R,San Diego Padres,New York Yankees,4,3,0,Nick Pivetta,Carlos Rodón,6.0,6.0,2.6793893129770994,4.333333333333333,61.0,39.0,6.0,5.333333333333333,2.030075187969925,3.6666666666666665,36.0,33.0,0,,,,,,
778047,2025-05-05,R,Los Angeles Dodgers,Miami Marlins,7,4,0,Jack Dreyer,Sandy Alcantara,6.0,2.6666666666666665,5.76,3.3333333333333335,53.0,85.0,6.0,2.0,3.5136986301369864,2.3333333333333335,82.0,50.0,0,,,,,,
778049,2025-05-05,R,Cincinnati Reds,Atlanta Braves,0,4,1,Brady Singer,AJ Smith-Shawver,6.0,5.333333333333333,4.137096774193548,4.0,58.0,54.0,5.0,6.0,4.2,3.0,59.0,57.0,0,,,,,,
778024,2025-05-06,R,Seattle Mariners,Athletics,5,3,0,Emerson Hancock,Jeffrey Springs,5.0,6.0,3.857142857142857,5.0,62.0,65.0,6.0,6.0,4.06015037593985,6.333333333333333,76.0,53.0,1,,,,,,
778025,2025-05-06,R,Toronto Blue Jays,Los Angeles Angels,3,8,1,José Ureña,Tyler Anderson,6.0,6.0,9.642857142857142,0.0,29.0,84.0,,,4.304347826086956,0.0,34.0,57.0,0,,,,,,
778026,2025-05-06,R,Cleveland Guardians,Washington Nationals,9,10,1,Luis Ortiz,Jake Irvin,6.0,6.0,5.484375,0.0,58.0,66.0,6.0,6.333333333333333,3.8053691275167787,0.0,39.0,60.0,0,,,,,,
778027,2025-05-06,R,San Francisco Giants,Chicago Cubs,14,5,0,Justin Verlander,Colin Rea,5.0,6.0,2.4146341463414633,3.0,72.0,44.0,5.0,6.333333333333333,2.8306451612903225,3.0,50.0,55.0,1,,,,,,
778028,2025-05-06,R,Baltimore Orioles,Minnesota Twins,1,9,1,Cade Povich,Pablo López,6.0,6.333333333333333,3.889830508474576,0.0,58.0,37.0,6.0,4.666666666666667,6.048,0.0,31.0,66.0,0,,,,,,
778030,2025-05-06,R,Pittsburgh Pirates,St. Louis Cardinals,1,2,1,Paul Skenes,Matthew Liberatore,5.0,3.0,3.24,4.0,58.0,56.0,5.0,5.0,5.323943661971831,3.3333333333333335,39.0,65.0,1,,,,,,
778031,2025-05-06,R,Houston Astros,Milwaukee Brewers,3,4,1,Hayden Wesneski,Chad Patrick,5.0,5.666666666666667,3.9554140127388533,3.6666666666666665,56.0,54.0,11.0,5.0,3.2803738317757007,2.0,49.0,45.0,1,,,,,,
778032,2025-05-06,R,New York Mets,Arizona Diamondbacks,1,5,1,David Peterson,Zac Gallen,5.0,6.0,4.808219178082192,4.666666666666667,60.0,72.0,7.0,5.0,4.180645161290323,4.0,77.0,51.0,0,,,,,,
778033,2025-05-06,R,Chicago White Sox,Kansas City Royals,3,4,1,Sean Burke,Seth Lugo,5.0,6.0,1.6488549618320612,4.0,56.0,28.0,5.0,6.0,4.65,3.0,54.0,53.0,1,,,,,,
778034,2025-05-06,R,Cincinnati Reds,Atlanta Braves,1,2,1,Andrew Abbott,Chris Sale,6.0,7.0,3.5702479338842976,1.0,55.0,48.0,5.0,4.0,3.626865671641791,2.0,56.0,55.0,1,,,,,,
778035,2025-05-06,R,Los Angeles Dodgers,Miami Marlins,4,5,1,Tony Gonsolin,Cal Quantrill,6.0,3.6666666666666665,5.470588235294118,4.0,51.0,89.0,6.0,6.0,3.6745562130177514,7.666666666666667,89.0,54.0,0,,,,,,
778037,2025-05-06,R,Texas Rangers,Boston Red Sox,6,1,0,Nathan Eovaldi,Lucas Giolito,6.0,6.0,3.6486486486486487,0.0,71.0,49.0,6.0,6.0,4.14,0.0,46.0,50.0,0,,,,,,
778040,2025-05-06,R,Philadelphia Phillies,Tampa Bay Rays,8,4,0,Zack Wheeler,Drew Rasmussen,6.0,5.0,2.26890756302521,0.0,37.0,42.0,7.0,6.666666666666667,2.9076923076923076,0.0,52.0,45.0,0,,,,,,
778041,2025-05-06,R,San Diego Padres,New York Yankees,3,12,1,Michael King,Clarke Schmidt,9.0,5.0,3.4285714285714284,2.3333333333333335,60.0,37.0,6.0,5.666666666666667,2.125984251968504,4.0,36.0,30.0,0,,,,,,
778046,2025-05-06,R,Cleveland Guardians,Washington Nationals,9,1,0,Ben Lively,Brad Lord,5.0,5.0,6.410071942446043,0.0,68.0,75.0,5.0,5.666666666666667,4.2993630573248405,0.0,48.0,70.0,1,,,,,,
778009,2025-05-07,R,Toronto Blue Jays,Los Angeles Angels,4,5,1,José Berríos,Yusei Kikuchi,6.0,5.0,9.775862068965518,2.3333333333333335,34.0,78.0,6.0,6.666666666666667,5.170212765957447,3.6666666666666665,36.0,60.0,1,,,,,,
778010,2025-05-07,R,Seattle Mariners,Athletics,6,5,0,Bryan Woo,Gunnar Hoglund,5.0,6.0,4.333333333333333,4.0,60.0,62.0,5.0,6.333333333333333,3.6818181818181817,3.0,78.0,48.0,1,,,,,,
778011,2025-05-07,R,Baltimore Orioles,Minnesota Twins,2,5,1,Charlie Morton,Simeon Woods Richardson,6.0,4.666666666666667,3.5702479338842976,4.0,63.0,36.0,17.0,2.3333333333333335,6.365853658536586,2.0,32.0,68.0,1,,,,,,
778012,2025-05-07,R,Chicago White Sox,Kansas City Royals,1,2,1,Jonathan Cannon,Michael Wacha,5.0,6.333333333333333,1.2857142857142858,2.3333333333333335,56.0,28.0,5.0,6.0,4.728813559322034,2.0,55.0,53.0,1,,,,,,
778013,2025-05-07,R,Detroit Tigers,Colorado Rockies,8,6,0,Jackson Jobe,Chase Dollander,7.0,5.666666666666667,3.2238805970149254,0.0,35.0,72.0,7.0,4.0,2.1176470588235294,0.0,73.0,34.0,0,,,,,,
778014,2025-05-07,R,New York Mets,Arizona Diamondbacks,7,1,0,Kodai Senga,Merrill Kelly,5.0,5.0,4.909090909090909,2.0,60.0,72.0,6.0,4.0,4.348993288590604,2.0,73.0,55.0,0,,,,,,
778015,2025-05-07,R,Houston Astros,Milwaukee Brewers,9,1,0,Framber Valdez,Quinn Priester,11.0,5.0,3.6580645161290324,2.3333333333333335,49.0,54.0,5.0,5.0,3.1339285714285716,4.0,47.0,48.0,1,,,,,,
778016,2025-05-07,R,Pittsburgh Pirates,St. Louis Cardinals,0,5,1,Mitch Keller,Sonny Gray,5.0,4.333333333333333,3.4225352112676055,2.0,50.0,53.0,5.0,5.0,5.684210526315789,2.0,31.0,64.0,1,,,,,,
778017,2025-05-07,R,Los Angeles Dodgers,Miami Marlins,10,1,0,Landon Knack,Valente Bellozo,5.0,4.666666666666667,5.884615384615385,5.0,52.0,90.0,22.0,4.333333333333333,3.514792899408284,4.0,83.0,48.0,0,,,,,,
778018,2025-05-07,R,Texas Rangers,Boston Red Sox,4,6,1,Tyler Mahle,Tanner Houck,6.0,7.0,3.0521739130434784,5.333333333333333,64.0,52.0,6.0,6.0,3.673469387755102,3.0,44.0,46.0,0,,,,,,
778019,2025-05-07,R,San Diego Padres,New York Yankees,3,4,1,Dylan Cease,Max Fried,5.0,7.0,3.4285714285714284,3.0,70.0,37.0,5.0,4.0,4.251968503937008,2.0,37.0,42.0,0,,,,,,
778020,2025-05-07,R,San Francisco Giants,Chicago Cubs,3,1,0,Robbie Ray,Ben Brown,5.0,6.0,3.1640625,6.0,66.0,48.0,5.0,7.0,2.4923076923076923,6.0,61.0,49.0,1,,,,,,
778021,2025-05-07,R,Philadelphia Phillies,Tampa Bay Rays,7,0,0,Cristopher Sánchez,Shane Baz,6.0,5.666666666666667,2.763779527559055,4.666666666666667,40.0,45.0,7.0,5.0,2.9745762711864407,2.0,59.0,44.0,0,,,,,,
778022,2025-05-07,R,Cleveland Guardians,Washington Nationals,8,6,0,Logan Allen,Michael Soroka,37.0,5.0,7.2620689655172415,6.666666666666667,62.0,84.0,5.0,5.666666666666667,4.245283018867925,6.333333333333333,54.0,69.0,1,,,,,,
778023,2025-05-07,R,Cincinnati Reds,Atlanta Braves,4,3,0,Hunter Greene,Grant Holmes,5.0,6.0,2.150442477876106,3.3333333333333335,53.0,39.0,5.0,6.0,3.4964028776978417,4.0,54.0,53.0,1,,,,,,
777999,2025-05-08,R,Los Angeles Dodgers,Arizona Diamondbacks,3,5,1,Yoshinobu Yamamoto,Brandon Pfaadt,5.0,4.666666666666667,5.478260869565218,2.6666666666666665,55.0,72.0,6.0,6.0,2.4545454545454546,4.0,87.0,42.0,0,,,,,,
778000,2025-05-08,R,Toronto Blue Jays,Los Angeles Angels,8,5,0,Chris Bassitt,José Soriano,6.0,6.0,10.241379310344827,3.0,39.0,79.0,6.0,5.333333333333333,5.869565217391305,2.3333333333333335,39.0,62.0,1,,,,,,
778003,2025-05-08,R,Cincinnati Reds,Atlanta Braves,4,5,1,Nick Lodolo,Spencer Schwellenbach,5.0,3.6666666666666665,2.1130434782608694,3.6666666666666665,52.0,42.0,5.0,5.333333333333333,3.831081081081081,6.0,53.0,54.0,1,,,,,,
778004,2025-05-08,R,Detroit Tigers,Colorado Rockies,10,2,0,Casey Mize,Kyle Freeland,7.0,6.0,2.7870967741935484,7.0,41.0,80.0,7.0,7.0,1.8620689655172413,6.333333333333333,75.0,40.0,0,,,,,,
778005,2025-05-08,R,Philadelphia Phillies,Tampa Bay Rays,7,6,0,Jesús Luzardo,Ryan Pepiot,6.0,4.333333333333333,2.511627906976744,5.666666666666667,33.0,46.0,6.0,5.333333333333333,2.793103448275862,3.0,63.0,40.0,0,,,,,,
778006,2025-05-08,R,Texas Rangers,Boston Red Sox,0,5,1,Jack Leiter,Brayan Bello,6.0,6.666666666666667,2.793103448275862,4.333333333333333,65.0,48.0,6.0,4.333333333333333,4.7299270072992705,3.0,46.0,47.0,0,,,,,,
778007,2025-05-08,R,Baltimore Orioles,Minnesota Twins,2,5,1,Dean Kremer,Bailey Ober,5.0,6.0,3.403361344537815,4.333333333333333,62.0,35.0,6.0,7.0,6.136363636363637,4.0,31.0,69.0,1,,,,,,
778008,2025-05-08,R,Chicago White Sox,Kansas City Royals,0,10,1,Davis Martin,Kris Bubic,5.0,5.0,1.4318181818181819,2.0,58.0,29.0,5.0,5.0,4.203592814371257,2.0,53.0,49.0,1,,,,,,
778029,2025-05-08,R,Detroit Tigers,Colorado Rockies,11,1,0,Keider Montero,Tanner Gordon,,,2.653179190751445,7.0,43.0,90.0,12.0,4.333333333333333,1.944,6.333333333333333,85.0,42.0,0,,,,,,
777984,2025-05-09,R,Toronto Blue Jays,Seattle Mariners,6,3,0,Kevin Gausman,Luis Castillo,6.0,6.0,3.073170731707317,0.0,72.0,45.0,6.0,6.0,5.510204081632653,3.0,47.0,67.0,0,,,,,,
777986,2025-05-09,R,Baltimore Orioles,Los Angeles Angels,4,1,0,Tomoyuki Sugano,Kyle Hendricks,6.0,7.666666666666667,11.117647058823529,4.0,40.0,84.0,6.0,6.0,6.9609375,1.0,31.0,73.0,0,,,,,,
777988,2025-05-09,R,Los Angeles Dodgers,Arizona Diamondbacks,14,11,0,Roki Sasaki,Eduardo Rodriguez,5.0,5.333333333333333,5.7272727272727275,2.6666666666666665,56.0,68.0,6.0,5.0,2.3275862068965516,3.0,90.0,47.0,1,,,,,,
777989,2025-05-09,R,Cincinnati Reds,Houston Astros,0,3,1,Nick Martinez,Hunter Brown,6.0,6.0,3.25,0.0,53.0,48.0,5.0,6.0,3.8333333333333335,4.666666666666667,57.0,59.0,0,,,,,,
777990,2025-05-09,R,Boston Red Sox,Kansas City Royals,1,2,1,Hunter Dobbins,Michael Lorenzen,5.0,4.666666666666667,1.4594594594594594,2.0,55.0,23.0,6.0,5.666666666666667,2.769230769230769,4.333333333333333,67.0,44.0,0,,,,,,
777991,2025-05-09,R,Miami Marlins,Chicago White Sox,2,6,1,Max Meyer,Bryse Wilson,5.0,4.666666666666667,5.023255813953488,3.6666666666666665,50.0,59.0,6.0,5.0,7.177215189873418,0.0,51.0,95.0,0,,,,,,
777992,2025-05-09,R,San Francisco Giants,Minnesota Twins,1,3,1,Jordan Hicks,Chris Paddack,5.0,5.0,3.024,4.0,67.0,34.0,6.0,5.0,2.347826086956522,0.0,54.0,43.0,0,,,,,,
777993,2025-05-09,R,San Diego Padres,Colorado Rockies,13,9,0,Randy Vásquez,Antonio Senzatela,7.0,5.0,3.3962264150943398,8.666666666666666,38.0,88.0,6.0,5.0,3.888,0.0,40.0,40.0,0,,,,,,
777994,2025-05-09,R,New York Yankees,Athletics,10,2,0,Will Warren,Osvaldo Bido,6.0,5.0,5.586206896551724,0.0,56.0,63.0,5.0,4.666666666666667,3.7674418604651163,0.0,69.0,39.0,0,,,,,,
777995,2025-05-09,R,St. Louis Cardinals,Washington Nationals,10,0,0,Erick Fedde,Mitchell Parker,7.0,4.0,8.139705882352942,0.0,63.0,87.0,5.0,5.0,2.6619718309859155,0.0,54.0,49.0,0,,,,,,
777996,2025-05-09,R,Texas Rangers,Detroit Tigers,1,2,1,Patrick Corbin,Tarik Skubal,7.0,6.0,1.8984375,4.0,96.0,43.0,6.0,5.666666666666667,4.8,2.6666666666666665,43.0,48.0,0,,,,,,
777997,2025-05-09,R,Philadelphia Phillies,Cleveland Guardians,0,6,1,Aaron Nola,Gavin Williams,6.0,4.0,4.55625,0.0,61.0,70.0,6.0,6.0,3.1153846153846154,4.666666666666667,70.0,46.0,0,,,,,,
777998,2025-05-09,R,Atlanta Braves,Pittsburgh Pirates,2,3,1,Bryce Elder,Bailey Falter,6.0,7.0,6.471074380165289,0.0,25.0,65.0,5.0,5.0,2.4923076923076923,5.0,57.0,46.0,0,,,,,,
778001,2025-05-09,R,Chicago Cubs,New York Mets,2,7,1,Jameson Taillon,Clay Holmes,7.0,6.0,4.6875,0.0,76.0,53.0,6.0,6.0,3.0916030534351147,0.0,60.0,45.0,0,,,,,,
778002,2025-05-09,R,Milwaukee Brewers,Tampa Bay Rays,3,4,1,Jose Quintana,Zack Littell,6.0,7.0,3.4285714285714284,4.0,32.0,49.0,6.0,5.0,4.2534246575342465,0.0,43.0,53.0,0,,,,,,
777970,2025-05-10,R,Toronto Blue Jays,Seattle Mariners,6,3,0,Bowden Francis,Logan Evans,6.0,5.0,3.0,4.0,71.0,43.0,6.0,4.333333333333333,5.142857142857143,3.6666666666666665,49.0,68.0,0,,,,,,
777972,2025-05-10,R,New York Yankees,Athletics,7,11,1,Carlos Rodón,JP Sears,6.0,6.333333333333333,6.244897959183674,3.6666666666666665,52.0,68.0,5.0,6.666666666666667,3.319672131147541,1.6666666666666667,77.0,37.0,0,,,,,,
777973,2025-05-10,R,Baltimore Orioles,Los Angeles Angels,2,5,1,Kyle Gibson,Jack Kochanowicz,6.0,5.0,10.706896551724139,4.0,37.0,77.0,6.0,4.0,6.6992481203007515,1.6666666666666667,35.0,74.0,0,,,,,,
777974,2025-05-10,R,San Francisco Giants,Minnesota Twins,1,2,1,Logan Webb,Joe Ryan,8.0,6.0,2.7457627118644066,1.6666666666666667,59.0,31.0,6.0,7.0,2.4107142857142856,2.0,55.0,44.0,1,,,,,,
777975,2025-05-10,R,Los Angeles Dodgers,Arizona Diamondbacks,0,3,1,Dustin May,Corbin Burnes,10.0,6.0,6.0215827338129495,6.333333333333333,65.0,74.0,6.0,5.666666666666667,3.2033898305084745,5.0,104.0,55.0,1,,,,,,
777976,2025-05-10,R,San Diego Padres,Colorado Rockies,21,0,0,Stephen Kolek,Bradley Blalock,7.0,5.333333333333333,3.930379746835443,4.333333333333333,40.0,93.0,6.0,5.333333333333333,5.311475409836065,3.0,53.0,48.0,0,,,,,,
777977,2025-05-10,R,Boston Red Sox,Kansas City Royals,10,1,0,Garrett Crochet,Cole Ragans,5.0,5.0,1.3170731707317074,5.0,55.0,24.0,6.0,5.0,2.43609022556391,5.333333333333333,68.0,46.0,1,,,,,,
777978,2025-05-10,R,Miami Marlins,Chicago White Sox,3,1,0,Edward Cabrera,Shane Smith,5.0,5.0,4.638036809815951,4.0,51.0,55.0,6.0,5.666666666666667,7.411764705882353,1.6666666666666667,45.0,97.0,1,,,,,,
777979,2025-05-10,R,Cincinnati Reds,Houston Astros,13,9,0,Brady Singer,Lance McCullers Jr.,6.0,3.6666666666666665,3.220183486238532,3.3333333333333335,56.0,46.0,5.0,6.0,3.5294117647058822,2.0,49.0,55.0,1,,,,,,
777980,2025-05-10,R,St. Louis Cardinals,Washington Nationals,4,2,0,Andre Pallante,Trevor Williams,7.0,5.333333333333333,7.9520547945205475,5.0,58.0,93.0,6.0,3.3333333333333335,2.8421052631578947,0.0,61.0,47.0,0,,,,,,
777981,2025-05-10,R,Milwaukee Brewers,Tampa Bay Rays,2,3,1,Tobias Myers,Taj Bradley,6.0,5.333333333333333,3.558139534883721,3.0,35.0,52.0,5.0,5.333333333333333,4.3426573426573425,2.6666666666666665,44.0,54.0,1,,,,,,
777982,2025-05-10,R,Chicago Cubs,New York Mets,6,5,0,Brad Keller,Tylor Megill,6.0,5.0,4.2827586206896555,3.0,79.0,50.0,,,3.2977099236641223,4.0,58.0,52.0,1,,,,,,
777983,2025-05-10,R,Philadelphia Phillies,Cleveland Guardians,7,1,0,Ranger Suarez,Tanner Bibee,6.0,5.0,4.238372093023256,4.0,67.0,70.0,6.0,3.6666666666666665,3.2661290322580645,3.0,70.0,48.0,1,,,,,,
777985,2025-05-10,R,Atlanta Braves,Pittsburgh Pirates,3,2,0,AJ Smith-Shawver,Andrew Heaney,6.0,3.6666666666666665,6.860655737704918,3.0,25.0,67.0,5.0,8.0,2.3951612903225805,2.0,51.0,47.0,1,,,,,,
777987,2025-05-10,R,Texas Rangers,Detroit Tigers,10,3,0,Jacob deGrom,Jack Flaherty,7.0,5.666666666666667,1.8134328358208955,2.0,98.0,44.0,6.0,5.0,5.023255813953488,1.0,42.0,50.0,1,,,,,,
777954,2025-05-11,R,Los Angeles Dodgers,Arizona Diamondbacks,8,1,0,Tony Gonsolin,Zac Gallen,5.0,7.0,5.2781954887218046,2.0,61.0,66.0,5.0,5.0,3.3157894736842106,1.3333333333333333,96.0,54.0,1,,,,,,
777955,2025-05-11,R,San Diego Padres,Colorado Rockies,3,9,1,Nick Pivetta,Germán Márquez,7.0,4.333333333333333,4.5,5.333333333333333,36.0,108.0,6.0,5.0,6.0,0.0,73.0,44.0,0,,,,,,
777956,2025-05-11,R,San Francisco Giants,Minnesota Twins,6,7,1,Landen Roupp,Pablo López,5.0,5.0,2.793103448275862,3.0,56.0,31.0,6.0,5.0,2.477064220183486,1.0,53.0,44.0,1,,,,,,
777957,2025-05-11,R,New York Yankees,Athletics,12,2,0,Ryan Yarbrough,Luis Severino,6.0,6.0,6.66,4.0,60.0,65.0,8.0,4.0,4.640625,2.0,84.0,48.0,0,,,,,,
777958,2025-05-11,R,Toronto Blue Jays,Seattle Mariners,9,1,0,José Ureña,Bryce Miller,6.0,4.0,3.6,4.0,60.0,49.0,5.0,4.333333333333333,4.909090909090909,2.3333333333333335,55.0,71.0,0,,,,,,
777961,2025-05-11,R,Baltimore Orioles,Los Angeles Angels,7,3,0,Zach Eflin,Tyler Anderson,5.0,6.666666666666667,11.5,3.3333333333333335,41.0,74.0,34.0,6.0,6.051724137931035,4.0,32.0,69.0,0,,,,,,
777962,2025-05-11,R,St. Louis Cardinals,Washington Nationals,6,1,0,Miles Mikolas,MacKenzie Gore,7.0,5.0,8.292857142857143,3.0,60.0,95.0,6.0,5.0,2.511627906976744,1.6666666666666667,59.0,44.0,0,,,,,,
777963,2025-05-11,R,Cincinnati Reds,Houston Astros,0,6,1,Chase Petty,Ronel Blanco,6.0,6.0,3.8,8.666666666666666,65.0,57.0,11.0,2.3333333333333335,3.457317073170732,6.666666666666667,56.0,60.0,1,,,,,,
777964,2025-05-11,R,Milwaukee Brewers,Tampa Bay Rays,4,2,0,Chad Patrick,Drew Rasmussen,5.0,4.333333333333333,3.558139534883721,3.0,34.0,53.0,5.0,6.666666666666667,4.224489795918367,4.666666666666667,41.0,51.0,1,,,,,,
777965,2025-05-11,R,Boston Red Sox,Kansas City Royals,3,1,0,Lucas Giolito,Seth Lugo,5.0,6.666666666666667,2.5714285714285716,4.0,54.0,34.0,5.0,3.6666666666666665,2.4545454545454546,2.0,67.0,39.0,1,,,,,,
777966,2025-05-11,R,Miami Marlins,Chicago White Sox,2,4,1,Sandy Alcantara,Sean Burke,5.0,6.333333333333333,5.108108108108108,3.0,42.0,55.0,6.0,5.0,6.428571428571429,4.0,48.0,84.0,1,,,,,,
777967,2025-05-11,R,Atlanta Braves,Pittsburgh Pirates,3,4,1,Chris Sale,Carmen Mlodzinski,6.0,4.666666666666667,5.358778625954199,5.0,23.0,62.0,5.0,6.666666666666667,2.338582677165354,5.333333333333333,46.0,42.0,1,,,,,,
777968,2025-05-11,R,Chicago Cubs,New York Mets,2,6,1,Matthew Boyd,Griffin Canning,6.0,5.0,4.623287671232877,4.333333333333333,82.0,56.0,6.0,6.0,3.302158273381295,8.0,60.0,47.0,1,,,,,,
777969,2025-05-11,R,Texas Rangers,Detroit Tigers,6,1,0,Nathan Eovaldi,Reese Olson,7.0,5.666666666666667,2.338582677165354,6.0,91.0,49.0,5.0,6.0,4.9465648854961835,4.0,50.0,50.0,1,,,,,,
777971,2025-05-11,R,Philadelphia Phillies,Cleveland Guardians,3,0,0,Zack Wheeler,Luis Ortiz,5.0,5.333333333333333,5.837837837837838,2.0,60.0,66.0,5.0,7.0,3.12396694214876,2.0,67.0,45.0,1,,,,,,
777939,2025-05-12,R,Arizona Diamondbacks,San Francisco Giants,2,1,0,Merrill Kelly,Justin Verlander,6.0,5.0,3.1621621621621623,4.666666666666667,56.0,49.0,5.0,6.333333333333333,5.843283582089552,3.3333333333333335,56.0,70.0,0,,,,,,
777941,2025-05-12,R,New York Yankees,Seattle Mariners,11,5,0,Clarke Schmidt,Emerson Hancock,6.0,6.0,3.15,4.0,54.0,52.0,6.0,6.0,4.764705882352941,4.0,80.0,47.0,0,,,,,,
777947,2025-05-12,R,Los Angeles Angels,San Diego Padres,9,5,0,Yusei Kikuchi,Michael King,6.0,6.0,6.5607476635514015,4.0,74.0,49.0,5.0,6.0,11.91891891891892,4.0,44.0,76.0,0,,,,,,
777948,2025-05-12,R,Kansas City Royals,Houston Astros,7,5,0,Michael Wacha,Ryan Gusto,13.0,4.333333333333333,3.558139534883721,1.0,64.0,54.0,5.0,7.0,1.975609756097561,3.0,52.0,30.0,0,,,,,,
777949,2025-05-12,R,Colorado Rockies,Texas Rangers,1,2,1,Chase Dollander,Tyler Mahle,5.0,5.0,5.487804878048781,2.0,54.0,48.0,5.0,3.0,4.411764705882353,2.0,44.0,103.0,0,,,,,,
777950,2025-05-12,R,Pittsburgh Pirates,New York Mets,3,4,1,Paul Skenes,David Peterson,6.0,6.0,3.9865771812080535,3.0,81.0,50.0,6.0,6.0,5.607692307692307,3.3333333333333335,25.0,56.0,0,,,,,,
777951,2025-05-12,R,Boston Red Sox,Detroit Tigers,2,14,1,Tanner Houck,Jackson Jobe,5.0,3.6666666666666665,2.8421052631578947,5.0,85.0,55.0,5.0,4.666666666666667,2.495798319327731,2.3333333333333335,57.0,37.0,0,,,,,,
777952,2025-05-12,R,Miami Marlins,Chicago Cubs,2,5,1,Cal Quantrill,Colin Rea,6.0,5.0,3.9705882352941178,2.0,61.0,50.0,6.0,5.0,6.274647887323944,2.3333333333333335,44.0,81.0,0,,,,,,
777953,2025-05-12,R,St. Louis Cardinals,Philadelphia Phillies,3,2,0,Matthew Liberatore,Cristopher Sánchez,5.0,6.0,3.2033898305084745,2.0,67.0,44.0,6.0,7.0,2.4923076923076923,3.6666666666666665,64.0,38.0,0,,,,,,
777959,2025-05-12,R,Washington Nationals,Atlanta Braves,3,4,1,Jake Irvin,Grant Holmes,5.0,5.333333333333333,2.0930232558139537,2.6666666666666665,45.0,40.0,6.0,5.333333333333333,9.0,2.3333333333333335,53.0,94.0,0,,,,,,
777960,2025-05-12,R,Milwaukee Brewers,Cleveland Guardians,0,5,1,Freddy Peralta,Ben Lively,6.0,5.333333333333333,5.475524475524476,3.0,57.0,56.0,8.0,6.0,4.167785234899329,4.666666666666667,38.0,52.0,0,,,,,,
777926,2025-05-13,R,New York Yankees,Seattle Mariners,1,2,1,Max Fried,Bryan Woo,6.0,6.0,3.6818181818181817,4.0,59.0,63.0,6.0,7.0,5.447368421052632,3.0,88.0,48.0,0,,,,,,
777930,2025-05-13,R,Arizona Diamondbacks,San Francisco Giants,6,10,1,Brandon Pfaadt,Robbie Ray,6.0,6.0,2.925,3.0,57.0,51.0,5.0,6.333333333333333,5.5928571428571425,2.0,58.0,71.0,0,,,,,,
777931,2025-05-13,R,Kansas City Royals,Houston Astros,1,2,1,Kris Bubic,Framber Valdez,6.0,7.0,2.9562043795620436,6.666666666666667,61.0,56.0,5.0,7.0,2.267175572519084,2.6666666666666665,59.0,35.0,0,,,,,,
777932,2025-05-13,R,Los Angeles Angels,San Diego Padres,4,6,1,José Soriano,Dylan Cease,6.0,6.666666666666667,7.384615384615385,3.3333333333333335,79.0,58.0,5.0,5.0,11.25,3.0,53.0,81.0,0,,,,,,
777934,2025-05-13,R,Colorado Rockies,Texas Rangers,1,4,1,Kyle Freeland,Jack Leiter,5.0,5.333333333333333,5.720338983050848,2.6666666666666665,55.0,47.0,5.0,3.0,4.438356164383562,2.0,42.0,99.0,1,,,,,,
777935,2025-05-13,R,Tampa Bay Rays,Toronto Blue Jays,11,9,0,Shane Baz,José Berríos,6.0,6.0,3.9078947368421053,0.0,61.0,56.0,6.0,3.3333333333333335,3.7674418604651163,0.0,32.0,55.0,0,,,,,,
777936,2025-05-13,R,Miami Marlins,Chicago Cubs,4,5,1,Valente Bellozo,Ben Brown,6.0,5.0,3.7762237762237763,2.3333333333333335,66.0,52.0,6.0,5.333333333333333,6.700729927007299,3.6666666666666665,40.0,79.0,1,,,,,,
777937,2025-05-13,R,Athletics,Los Angeles Dodgers,11,1,0,Jeffrey Springs,Landon Knack,6.0,5.0,3.7241379310344827,0.0,88.0,47.0,7.0,5.0,7.851063829787234,0.0,57.0,74.0,0,,,,,,
777940,2025-05-13,R,Boston Red Sox,Detroit Tigers,9,10,1,Brayan Bello,Tyler Holton,,,3.0223880597014925,3.3333333333333335,94.0,49.0,5.0,4.666666666666667,2.5808823529411766,5.666666666666667,59.0,51.0,1,,,,,,
777942,2025-05-13,R,Washington Nationals,Atlanta Braves,2,5,1,Michael Soroka,Spencer Schwellenbach,5.0,6.0,2.3203125,2.6666666666666665,43.0,40.0,6.0,5.0,6.595419847328245,2.3333333333333335,51.0,79.0,1,,,,,,
777943,2025-05-13,R,Pittsburgh Pirates,New York Mets,1,2,1,Mitch Keller,Kodai Senga,6.0,6.0,3.143835616438356,3.0,66.0,48.0,6.0,6.0,5.869565217391305,2.6666666666666665,28.0,60.0,1,,,,,,
777944,2025-05-13,R,Milwaukee Brewers,Cleveland Guardians,0,2,1,Quinn Priester,Logan Allen,6.0,4.0,4.242857142857143,6.0,61.0,45.0,6.0,5.0,4.127388535031847,2.6666666666666665,38.0,57.0,1,,,,,,
777945,2025-05-13,R,Chicago White Sox,Cincinnati Reds,5,1,0,Brandon Eisert,Andrew Abbott,7.0,5.0,3.457317073170732,0.0,45.0,64.0,16.0,1.0,5.478260869565218,0.0,44.0,54.0,0,,,,,,
777914,2025-05-14,R,Los Angeles Angels,San Diego Padres,1,5,1,Kyle Hendricks,Randy Vásquez,5.0,6.0,7.884955752212389,2.3333333333333335,78.0,58.0,5.0,5.0,12.0,1.0,54.0,82.0,0,,,,,,
777915,2025-05-14,R,New York Yankees,Seattle Mariners,3,2,0,Will Warren,Luis Castillo,5.0,5.0,3.0223880597014925,4.666666666666667,56.0,61.0,5.0,7.333333333333333,4.95,5.0,74.0,47.0,0,,,,,,
777916,2025-05-14,R,Arizona Diamondbacks,San Francisco Giants,8,7,0,Eduardo Rodriguez,Jordan Hicks,5.0,6.0,3.15,3.0,63.0,50.0,5.0,2.6666666666666665,6.75,4.0,61.0,73.0,0,,,,,,
777917,2025-05-14,R,Athletics,Los Angeles Dodgers,3,9,1,Gunnar Hoglund,Yoshinobu Yamamoto,6.0,5.0,4.927007299270073,4.333333333333333,74.0,56.0,7.0,5.333333333333333,5.977099236641221,2.0,66.0,60.0,0,,,,,,
777918,2025-05-14,R,Colorado Rockies,Texas Rangers,3,8,1,Antonio Senzatela,Patrick Corbin,5.0,7.0,5.262711864406779,3.0,44.0,46.0,5.0,4.666666666666667,4.595744680851064,2.0,41.0,95.0,1,,,,,,
777919,2025-05-14,R,Pittsburgh Pirates,New York Mets,4,0,0,Bailey Falter,Clay Holmes,5.0,6.0,3.0,3.3333333333333335,60.0,46.0,5.0,6.0,5.2734375,1.0,29.0,53.0,1,,,,,,
777920,2025-05-14,R,Kansas City Royals,Houston Astros,3,4,1,Michael Lorenzen,Colton Gordon,,,2.7857142857142856,1.0,57.0,53.0,5.0,7.0,2.5511811023622046,1.6666666666666667,57.0,36.0,0,,,,,,
777921,2025-05-14,R,Miami Marlins,Chicago Cubs,3,1,0,Ryan Weathers,Jameson Taillon,5.0,4.0,4.183098591549296,3.6666666666666665,62.0,56.0,,,5.843283582089552,4.333333333333333,42.0,69.0,1,,,,,,
777922,2025-05-14,R,St. Louis Cardinals,Philadelphia Phillies,1,2,1,Erick Fedde,Jesús Luzardo,6.0,5.333333333333333,3.15,0.0,62.0,41.0,5.0,9.0,2.4,0.0,66.0,37.0,0,,,,,,
777923,2025-05-14,R,Tampa Bay Rays,Toronto Blue Jays,1,3,1,Ryan Pepiot,Chris Bassitt,6.0,6.0,4.655172413793103,3.6666666666666665,68.0,57.0,6.0,6.0,4.5661764705882355,4.333333333333333,42.0,61.0,0,,,,,,
777924,2025-05-14,R,Minnesota Twins,Baltimore Orioles,6,3,0,Bailey Ober,Dean Kremer,6.0,7.0,5.516129032258065,0.0,32.0,47.0,6.0,5.0,2.9724770642201834,0.0,46.0,34.0,0,,,,,,
777925,2025-05-14,R,Milwaukee Brewers,Cleveland Guardians,9,5,0,Logan Henderson,Gavin Williams,5.0,5.0,4.153846153846154,3.0,61.0,44.0,24.0,6.0,4.2993630573248405,3.0,31.0,57.0,1,,,,,,
777927,2025-05-14,R,Boston Red Sox,Detroit Tigers,5,6,1,Hunter Dobbins,Tarik Skubal,5.0,7.0,3.1354838709677417,9.333333333333334,100.0,52.0,5.0,6.0,3.328767123287671,5.333333333333333,58.0,59.0,1,,,,,,
777928,2025-05-14,R,Chicago White Sox,Cincinnati Reds,4,2,0,Davis Martin,Nick Lodolo,6.0,6.0,3.6818181818181817,4.0,46.0,69.0,6.0,4.333333333333333,4.5,9.0,47.0,48.0,0,,,,,,
777929,2025-05-14,R,Washington Nationals,Atlanta Braves,5,4,0,Mitchell Parker,Bryce Elder,5.0,6.0,2.4146341463414633,2.0,40.0,40.0,5.0,4.0,6.2,4.0,47.0,77.0,1,,,,,,
777933,2025-05-14,R,St. Louis Cardinals,Philadelphia Phillies,14,7,0,Sonny Gray,Aaron Nola,5.0,5.0,3.0,0.0,64.0,42.0,7.0,7.0,2.6619718309859155,0.0,67.0,39.0,0,,,,,,
777938,2025-05-14,R,Minnesota Twins,Baltimore Orioles,8,6,0,Simeon Woods Richardson,Chayce McDermott,,,5.242718446601942,0.0,35.0,53.0,7.0,4.666666666666667,2.6557377049180326,0.0,52.0,37.0,0,,,,,,
777909,2025-05-15,R,Washington Nationals,Atlanta Braves,2,5,1,Trevor Williams,AJ Smith-Shawver,5.0,5.666666666666667,2.7209302325581395,3.0,43.0,43.0,5.0,6.0,5.704225352112676,4.333333333333333,50.0,74.0,1,,,,,,
777910,2025-05-15,R,Houston Astros,Texas Rangers,0,1,1,Hunter Brown,Jacob deGrom,5.0,5.0,3.889830508474576,3.0,51.0,42.0,6.0,5.666666666666667,2.808,4.666666666666667,57.0,49.0,0,,,,,,
777911,2025-05-15,R,Minnesota Twins,Baltimore Orioles,4,0,0,Chris Paddack,Tomoyuki Sugano,6.0,7.333333333333333,5.75,9.333333333333334,36.0,57.0,6.0,7.333333333333333,2.0454545454545454,9.333333333333334,58.0,39.0,0,,,,,,
777912,2025-05-15,R,Chicago White Sox,Cincinnati Reds,1,7,1,Bryse Wilson,Nick Martinez,6.0,6.0,3.4177215189873418,3.6666666666666665,47.0,58.0,6.0,5.0,4.273381294964029,2.3333333333333335,47.0,44.0,0,,,,,,
777913,2025-05-15,R,Tampa Bay Rays,Toronto Blue Jays,8,3,0,Zack Littell,Kevin Gausman,6.0,5.333333333333333,4.4296875,3.3333333333333335,64.0,52.0,6.0,6.0,4.776923076923077,2.0,43.0,61.0,0,,,,,,
777946,2025-05-15,R,Athletics,Los Angeles Dodgers,2,19,1,Osvaldo Bido,Matt Sauer,,,4.138686131386861,3.0,71.0,52.0,6.0,5.333333333333333,7.228346456692913,2.6666666666666665,62.0,68.0,0,,,,,,
777891,2025-05-16,R,Athletics,San Francisco Giants,1,9,1,JP Sears,Logan Webb,6.0,7.0,3.098360655737705,0.0,64.0,49.0,6.0,5.0,9.262773722627736,6.333333333333333,61.0,87.0,0,,,,,,
777895,2025-05-16,R,Houston Astros,Texas Rangers,6,3,0,Lance McCullers Jr.,Nathan Eovaldi,5.0,7.0,3.6160714285714284,1.0,52.0,39.0,6.0,0.3333333333333333,2.808,0.0,57.0,50.0,1,,,,,,
777896,2025-05-16,R,Seattle Mariners,San Diego Padres,5,1,0,Logan Evans,Stephen Kolek,6.0,9.0,7.473214285714286,0.0,78.0,56.0,6.0,5.0,3.425373134328358,0.0,49.0,61.0,0,,,,,,
777897,2025-05-16,R,Colorado Rockies,Arizona Diamondbacks,0,8,1,Carson Palmquist,Corbin Burnes,6.0,7.0,6.897810218978102,0.0,61.0,75.0,,,5.318181818181818,0.0,38.0,99.0,0,,,,,,
777898,2025-05-16,R,Minnesota Twins,Milwaukee Brewers,3,0,0,Joe Ryan,Chad Patrick,5.0,4.333333333333333,4.0212765957446805,0.0,34.0,50.0,6.0,6.0,1.9596774193548387,2.0,59.0,35.0,0,,,,,,
777899,2025-05-16,R,Los Angeles Angels,Los Angeles Dodgers,6,2,0,Jack Kochanowicz,Dustin May,6.0,6.666666666666667,3.7302631578947367,5.0,90.0,54.0,6.0,5.666666666666667,9.771428571428572,0.0,48.0,68.0,0,,,,,,
777900,2025-05-16,R,Chicago White Sox,Chicago Cubs,3,13,1,Shane Smith,Cade Horton,,,4.466165413533835,0.0,52.0,52.0,6.0,6.0,4.304347826086956,2.6666666666666665,40.0,51.0,0,,,,,,
777901,2025-05-16,R,St. Louis Cardinals,Kansas City Royals,10,3,0,Andre Pallante,Cole Ragans,6.0,5.0,2.892857142857143,0.0,49.0,38.0,6.0,7.333333333333333,1.6153846153846154,0.0,65.0,36.0,0,,,,,,
777902,2025-05-16,R,Cleveland Guardians,Cincinnati Reds,4,5,1,Tanner Bibee,Brady Singer,6.0,2.3333333333333335,3.8053691275167787,2.0,45.0,58.0,6.0,7.0,5.037313432835821,0.0,58.0,48.0,0,,,,,,
777903,2025-05-16,R,Tampa Bay Rays,Miami Marlins,4,9,1,Taj Bradley,Max Meyer,7.0,6.333333333333333,4.2631578947368425,0.0,38.0,58.0,6.0,6.0,4.752,1.6666666666666667,49.0,56.0,0,,,,,,
777904,2025-05-16,R,New York Mets,New York Yankees,2,6,1,Tylor Megill,Carlos Rodón,6.0,6.0,4.805084745762712,0.0,73.0,44.0,6.0,4.666666666666667,2.076923076923077,0.0,55.0,42.0,0,,,,,,
777905,2025-05-16,R,Pittsburgh Pirates,Philadelphia Phillies,4,8,1,Andrew Heaney,Ranger Suarez,6.0,7.0,4.05,0.0,62.0,50.0,6.0,6.0,4.384615384615385,0.0,26.0,42.0,0,,,,,,
777906,2025-05-16,R,Detroit Tigers,Toronto Blue Jays,5,4,0,Jack Flaherty,Bowden Francis,6.0,6.666666666666667,4.740458015267175,3.3333333333333335,63.0,58.0,6.0,3.0,3.232394366197183,0.0,89.0,49.0,0,,,,,,
777907,2025-05-16,R,Washington Nationals,Baltimore Orioles,4,3,0,MacKenzie Gore,Cade Povich,10.0,6.0,5.353448275862069,2.6666666666666665,36.0,61.0,5.0,6.666666666666667,5.9361702127659575,3.6666666666666665,48.0,77.0,0,,,,,,
777908,2025-05-16,R,Atlanta Braves,Boston Red Sox,4,2,0,Chris Sale,Garrett Crochet,6.0,7.0,2.4375,0.0,55.0,54.0,5.0,5.666666666666667,2.739130434782609,3.0,48.0,45.0,0,,,,,,
777875,2025-05-17,R,Seattle Mariners,San Diego Padres,4,1,0,Emerson Hancock,Nick Pivetta,6.0,4.0,7.18348623853211,4.0,70.0,57.0,5.0,5.0,3.4,3.0,41.0,61.0,0,,,,,,
777879,2025-05-17,R,Athletics,San Francisco Giants,0,1,1,Luis Severino,Landen Roupp,6.0,5.0,3.176470588235294,1.0,69.0,50.0,6.0,4.0,10.028571428571428,4.0,56.0,95.0,1,,,,,,
777881,2025-05-17,R,Chicago White Sox,Chicago Cubs,3,7,1,Sean Burke,Matthew Boyd,6.0,6.0,4.367647058823529,4.0,55.0,55.0,6.0,4.0,5.478260869565218,3.0,36.0,61.0,1,,,,,,
777882,2025-05-17,R,Houston Astros,Texas Rangers,1,5,1,Ronel Blanco,Tyler Mahle,5.0,6.333333333333333,3.5,3.3333333333333335,54.0,32.0,6.0,8.0,2.267175572519084,5.0,60.0,46.0,1,,,,,,
777883,2025-05-17,R,Minnesota Twins,Milwaukee Brewers,7,0,0,Pablo López,Tobias Myers,7.0,4.0,2.808,3.0,34.0,43.0,6.0,6.0,0.8503937007874016,3.0,61.0,29.0,0,,,,,,
777884,2025-05-17,R,Los Angeles Angels,Los Angeles Dodgers,11,9,0,Tyler Anderson,Clayton Kershaw,,,3.832258064516129,4.0,90.0,59.0,6.0,5.0,7.864077669902913,2.3333333333333335,53.0,61.0,0,,,,,,
777885,2025-05-17,R,St. Louis Cardinals,Kansas City Royals,1,0,0,Miles Mikolas,Noah Cameron,17.0,6.333333333333333,3.857142857142857,4.0,52.0,45.0,6.0,5.333333333333333,1.238532110091743,2.0,72.0,30.0,0,,,,,,
777886,2025-05-17,R,Detroit Tigers,Toronto Blue Jays,1,2,1,Reese Olson,Eric Lauer,,,4.87218045112782,4.333333333333333,62.0,60.0,6.0,4.0,3.5874125874125875,3.3333333333333335,85.0,52.0,0,,,,,,
777887,2025-05-17,R,Colorado Rockies,Arizona Diamondbacks,14,12,0,Germán Márquez,Zac Gallen,6.0,5.666666666666667,6.5036496350364965,3.0,67.0,72.0,6.0,7.0,5.8,4.0,38.0,103.0,1,,,,,,
777888,2025-05-17,R,New York Mets,New York Yankees,3,2,0,Griffin Canning,Clarke Schmidt,5.0,6.0,4.790322580645161,4.0,76.0,46.0,6.0,6.0,2.3951612903225805,5.333333333333333,48.0,45.0,1,,,,,,
777889,2025-05-17,R,Tampa Bay Rays,Miami Marlins,4,0,0,Drew Rasmussen,Sandy Alcantara,6.0,5.666666666666667,4.295454545454546,4.0,46.0,56.0,6.0,5.0,5.357142857142857,4.0,53.0,62.0,1,,,,,,
777890,2025-05-17,R,Washington Nationals,Baltimore Orioles,10,6,0,Jake Irvin,Kyle Gibson,7.0,4.0,5.625,3.3333333333333335,36.0,65.0,5.0,6.0,5.586206896551724,5.333333333333333,51.0,74.0,0,,,,,,
777892,2025-05-17,R,Cleveland Guardians,Cincinnati Reds,1,4,1,Slade Cecconi,Brent Suter,27.0,3.0,3.9078947368421053,4.0,44.0,61.0,,,4.669172932330827,2.0,59.0,48.0,1,,,,,,
777893,2025-05-17,R,Atlanta Braves,Boston Red Sox,6,7,1,Grant Holmes,Lucas Giolito,6.0,6.666666666666667,2.832167832167832,2.0,51.0,57.0,5.0,6.333333333333333,3.0,2.0,51.0,45.0,0,,,,,,
777894,2025-05-17,R,Pittsburgh Pirates,Philadelphia Phillies,2,5,1,Carmen Mlodzinski,Zack Wheeler,6.0,7.0,4.460869565217391,2.0,67.0,52.0,6.0,5.666666666666667,5.2105263157894735,3.0,26.0,41.0,1,,,,,,
777864,2025-05-18,R,St. Louis Cardinals,Kansas City Royals,1,2,1,Matthew Liberatore,Michael Wacha,6.0,6.333333333333333,3.991304347826087,2.6666666666666665,48.0,46.0,6.0,5.333333333333333,1.1440677966101696,3.0,73.0,30.0,0,,,,,,
777865,2025-05-18,R,Minnesota Twins,Milwaukee Brewers,2,5,1,Zebby Matthews,Freddy Peralta,6.0,5.333333333333333,3.3488372093023258,5.333333333333333,32.0,44.0,,,0.4251968503937008,3.0,64.0,26.0,0,,,,,,
777866,2025-05-18,R,Los Angeles Angels,Los Angeles Dodgers,6,4,0,Yusei Kikuchi,Tony Gonsolin,7.0,5.0,4.784810126582278,5.0,89.0,67.0,6.0,6.0,8.27027027027027,4.0,59.0,68.0,0,,,,,,
777867,2025-05-18,R,Athletics,San Francisco Giants,2,3,1,Jeffrey Springs,Justin Verlander,6.0,6.0,3.176470588235294,4.0,64.0,47.0,5.0,7.0,9.064285714285715,3.6666666666666665,50.0,87.0,1,,,,,,
777868,2025-05-18,R,Seattle Mariners,San Diego Padres,6,1,0,Bryan Woo,Michael King,6.0,5.666666666666667,8.150943396226415,3.0,69.0,60.0,5.0,6.333333333333333,3.302158273381295,4.333333333333333,43.0,61.0,0,,,,,,
777869,2025-05-18,R,Houston Astros,Texas Rangers,4,3,0,Framber Valdez,Jack Leiter,5.0,6.0,3.2803738317757007,3.0,58.0,31.0,5.0,8.0,2.7421875,2.0,53.0,48.0,1,,,,,,
777870,2025-05-18,R,Colorado Rockies,Arizona Diamondbacks,0,1,1,Chase Dollander,Merrill Kelly,6.0,7.0,7.9640287769784175,4.0,77.0,79.0,6.0,6.0,5.772413793103448,6.0,49.0,109.0,1,,,,,,
777871,2025-05-18,R,Detroit Tigers,Toronto Blue Jays,3,2,0,Jackson Jobe,José Berríos,5.0,5.333333333333333,3.612676056338028,6.0,61.0,56.0,6.0,5.666666666666667,3.9375,2.6666666666666665,84.0,49.0,0,,,,,,
777872,2025-05-18,R,Chicago White Sox,Chicago Cubs,2,6,1,Jonathan Cannon,Colin Rea,6.0,6.666666666666667,4.367647058823529,3.0,56.0,56.0,11.0,6.0,4.764705882352941,3.3333333333333335,36.0,60.0,1,,,,,,
777873,2025-05-18,R,Washington Nationals,Baltimore Orioles,10,4,0,Michael Soroka,Zach Eflin,7.0,5.0,5.360294117647059,8.333333333333334,42.0,71.0,5.0,4.0,6.274647887323944,2.6666666666666665,50.0,74.0,0,,,,,,
777874,2025-05-18,R,Cleveland Guardians,Cincinnati Reds,1,3,1,Luis Ortiz,Andrew Abbott,5.0,6.0,3.2264150943396226,6.0,42.0,51.0,7.0,6.0,4.889763779527559,3.0,55.0,49.0,1,,,,,,
777876,2025-05-18,R,Atlanta Braves,Boston Red Sox,10,4,0,Spencer Schwellenbach,Brayan Bello,5.0,4.666666666666667,2.7364864864864864,5.0,55.0,59.0,5.0,7.0,3.672,2.0,54.0,42.0,0,,,,,,
777877,2025-05-18,R,Tampa Bay Rays,Miami Marlins,1,5,1,Shane Baz,Cal Quantrill,6.0,4.333333333333333,4.090909090909091,4.0,37.0,54.0,5.0,4.666666666666667,5.232558139534884,3.0,54.0,60.0,1,,,,,,
777878,2025-05-18,R,New York Mets,New York Yankees,2,8,1,David Peterson,Max Fried,5.0,5.0,4.805084745762712,3.0,76.0,46.0,6.0,6.0,2.2,3.6666666666666665,51.0,47.0,1,,,,,,
777880,2025-05-18,R,Pittsburgh Pirates,Philadelphia Phillies,0,1,1,Paul Skenes,Mick Abel,,,4.460869565217391,3.0,65.0,52.0,6.0,6.0,4.868852459016393,4.666666666666667,27.0,44.0,1,,,,,,
777852,2025-05-19,R,Philadelphia Phillies,Colorado Rockies,9,3,0,Cristopher Sánchez,Kyle Freeland,6.0,6.0,5.0625,3.3333333333333335,46.0,101.0,7.0,6.0,4.114285714285714,3.0,57.0,41.0,0,,,,,,
777853,2025-05-19,R,Los Angeles Angels,Athletics,4,3,0,José Soriano,J.T. Ginn,25.0,3.6666666666666665,9.727941176470589,1.3333333333333333,49.0,88.0,6.0,7.0,7.18348623853211,3.3333333333333335,64.0,59.0,0,,,,,,
777854,2025-05-19,R,Arizona Diamondbacks,Los Angeles Dodgers,9,5,0,Brandon Pfaadt,Jack Dreyer,14.0,1.3333333333333333,4.879518072289157,5.0,90.0,69.0,6.0,4.0,7.625954198473282,2.0,67.0,70.0,0,,,,,,
777855,2025-05-19,R,Kansas City Royals,San Francisco Giants,3,1,0,Kris Bubic,Robbie Ray,6.0,6.0,2.53125,5.0,58.0,46.0,6.0,6.333333333333333,3.789473684210526,4.0,39.0,41.0,0,,,,,,
777856,2025-05-19,R,New York Mets,Boston Red Sox,1,3,1,Kodai Senga,Hunter Dobbins,5.0,5.0,2.52,4.666666666666667,55.0,64.0,6.0,5.666666666666667,2.495798319327731,2.0,44.0,44.0,0,,,,,,
777857,2025-05-19,R,Seattle Mariners,Chicago White Sox,5,1,0,Luis Castillo,Davis Martin,5.0,6.666666666666667,5.086956521739131,3.0,33.0,62.0,5.0,6.0,2.9779411764705883,2.0,48.0,54.0,0,,,,,,
777858,2025-05-19,R,Houston Astros,Tampa Bay Rays,4,3,0,Colton Gordon,Ryan Pepiot,5.0,6.0,4.790322580645161,2.0,48.0,60.0,5.0,4.333333333333333,2.338582677165354,2.0,53.0,46.0,0,,,,,,
777859,2025-05-19,R,Cincinnati Reds,Pittsburgh Pirates,7,1,0,Nick Lodolo,Mitch Keller,6.0,7.0,5.60377358490566,0.0,27.0,41.0,5.0,5.333333333333333,2.8333333333333335,4.0,44.0,48.0,0,,,,,,
777860,2025-05-19,R,Baltimore Orioles,Milwaukee Brewers,4,5,1,Dean Kremer,Rob Zastryzny,,,3.477272727272727,4.0,33.0,46.0,5.0,5.666666666666667,4.295454545454546,3.6666666666666665,40.0,70.0,0,,,,,,
777861,2025-05-19,R,Cleveland Guardians,Minnesota Twins,5,6,1,Logan Allen,Bailey Ober,5.0,4.666666666666667,0.4153846153846154,5.0,61.0,27.0,6.0,6.0,5.225806451612903,3.0,51.0,48.0,1,,,,,,
777862,2025-05-19,R,Detroit Tigers,St. Louis Cardinals,4,11,1,Sean Guenther,Sonny Gray,5.0,3.6666666666666665,1.1368421052631579,2.0,63.0,23.0,,,3.7762237762237763,3.0,74.0,50.0,0,,,,,,
777863,2025-05-19,R,Chicago Cubs,Miami Marlins,7,8,1,Ben Brown,Edward Cabrera,9.0,5.0,3.828358208955224,4.0,40.0,52.0,6.0,5.333333333333333,4.05,3.6666666666666665,62.0,54.0,0,,,,,,
777836,2025-05-20,R,Kansas City Royals,San Francisco Giants,2,3,1,Michael Lorenzen,Hayden Birdsong,,,3.024,2.0,57.0,40.0,6.0,7.333333333333333,4.25,2.0,39.0,42.0,0,,,,,,
777838,2025-05-20,R,Arizona Diamondbacks,Los Angeles Dodgers,3,4,1,Ryne Nelson,Yoshinobu Yamamoto,6.0,6.0,5.2682926829268295,7.0,88.0,74.0,15.0,4.333333333333333,7.714285714285714,3.0,72.0,70.0,0,,,,,,
777840,2025-05-20,R,Detroit Tigers,St. Louis Cardinals,5,4,0,Tarik Skubal,Erick Fedde,6.0,5.666666666666667,1.7608695652173914,3.0,68.0,24.0,6.0,6.333333333333333,4.716867469879518,7.666666666666667,78.0,61.0,1,,,,,,
777841,2025-05-20,R,Atlanta Braves,Washington Nationals,3,5,1,Spencer Strider,Mitchell Parker,6.0,4.666666666666667,6.557142857142857,0.0,56.0,77.0,34.0,5.0,3.7241379310344827,0.0,56.0,43.0,0,,,,,,
777842,2025-05-20,R,Philadelphia Phillies,Colorado Rockies,7,4,0,Jesús Luzardo,Antonio Senzatela,6.0,4.666666666666667,5.922580645161291,3.6666666666666665,49.0,110.0,6.0,7.0,3.789473684210526,3.0,66.0,44.0,0,,,,,,
777843,2025-05-20,R,Los Angeles Angels,Athletics,7,5,0,Kyle Hendricks,Gunnar Hoglund,6.0,5.333333333333333,9.529411764705882,5.0,45.0,86.0,6.0,6.0,6.635593220338983,3.0,68.0,62.0,0,,,,,,
777844,2025-05-20,R,Baltimore Orioles,Milwaukee Brewers,2,5,1,Keegan Akin,Logan Henderson,6.0,5.0,3.910344827586207,8.0,33.0,49.0,24.0,1.6666666666666667,4.242857142857143,2.6666666666666665,44.0,75.0,1,,,,,,
777845,2025-05-20,R,San Diego Padres,Toronto Blue Jays,0,3,1,Dylan Cease,Chris Bassitt,6.0,5.666666666666667,3.7445255474452557,0.0,59.0,54.0,7.0,6.666666666666667,9.76595744680851,0.0,62.0,63.0,0,,,,,,
777846,2025-05-20,R,Seattle Mariners,Chicago White Sox,0,1,1,Casey Legumina,Adrian Houser,,,5.641791044776119,1.6666666666666667,34.0,64.0,,,3.292682926829268,2.0,47.0,48.0,0,,,,,,
777847,2025-05-20,R,Cincinnati Reds,Pittsburgh Pirates,0,1,1,Nick Martinez,Bailey Falter,6.0,3.6666666666666665,5.914285714285715,3.0,25.0,42.0,5.0,7.0,2.7818181818181817,3.0,51.0,45.0,0,,,,,,
777848,2025-05-20,R,Houston Astros,Tampa Bay Rays,2,3,1,Brandon Walter,Zack Littell,5.0,7.333333333333333,4.669172932330827,3.0,51.0,64.0,,,1.8409090909090908,3.6666666666666665,56.0,44.0,0,,,,,,
777849,2025-05-20,R,Texas Rangers,New York Yankees,2,5,1,Patrick Corbin,Will Warren,6.0,5.0,3.7850467289719627,0.0,76.0,37.0,6.0,6.0,3.742574257425743,0.0,53.0,34.0,0,,,,,,
777850,2025-05-20,R,Chicago Cubs,Miami Marlins,14,1,0,Jameson Taillon,Ryan Weathers,6.0,5.0,4.231343283582089,4.0,44.0,52.0,6.0,6.0,4.3426573426573425,4.0,60.0,60.0,1,,,,,,
777851,2025-05-20,R,New York Mets,Boston Red Sox,0,2,1,Clay Holmes,Walker Buehler,24.0,6.0,2.3190184049079754,4.333333333333333,58.0,65.0,6.0,6.0,1.9115044247787611,2.0,40.0,43.0,1,,,,,,
777819,2025-05-21,R,Kansas City Royals,San Francisco Giants,8,4,0,Daniel Lynch IV,Logan Webb,5.0,8.0,2.9495798319327733,4.0,46.0,37.0,,,3.891891891891892,3.3333333333333335,37.0,42.0,0,,,,,,
777823,2025-05-21,R,Philadelphia Phillies,Colorado Rockies,9,5,0,Taijuan Walker,Carson Palmquist,5.0,4.0,6.091463414634147,3.0,53.0,117.0,20.0,5.666666666666667,3.923076923076923,3.0,65.0,44.0,0,,,,,,
777824,2025-05-21,R,Arizona Diamondbacks,Los Angeles Dodgers,1,3,1,Corbin Burnes,Dustin May,5.0,5.0,5.366459627329193,3.0,88.0,72.0,5.0,6.0,7.656716417910448,4.666666666666667,70.0,73.0,0,,,,,,
777826,2025-05-21,R,Baltimore Orioles,Milwaukee Brewers,8,4,0,Tomoyuki Sugano,Chad Patrick,5.0,6.0,4.14,4.0,34.0,48.0,6.0,6.333333333333333,4.354838709677419,7.0,45.0,71.0,1,,,,,,
777827,2025-05-21,R,Detroit Tigers,St. Louis Cardinals,5,1,0,Brant Hurter,Andre Pallante,5.0,7.0,1.9285714285714286,4.0,70.0,28.0,,,4.6022727272727275,3.3333333333333335,83.0,65.0,1,,,,,,
777828,2025-05-21,R,Los Angeles Angels,Athletics,10,5,0,Jack Kochanowicz,JP Sears,5.0,4.0,9.262773722627736,4.333333333333333,47.0,88.0,5.0,6.666666666666667,6.471074380165289,3.3333333333333335,67.0,64.0,0,,,,,,
777829,2025-05-21,R,Cleveland Guardians,Minnesota Twins,5,1,0,Gavin Williams,Chris Paddack,6.0,7.0,1.1911764705882353,0.0,58.0,31.0,7.0,5.0,5.311475409836065,0.0,38.0,43.0,1,,,,,,
777830,2025-05-21,R,Seattle Mariners,Chicago White Sox,6,5,0,Logan Evans,Shane Smith,5.0,5.0,5.124087591240876,3.0,32.0,60.0,5.0,6.0,3.0,7.0,42.0,46.0,0,,,,,,
777831,2025-05-21,R,New York Mets,Boston Red Sox,5,1,0,Tylor Megill,Garrett Crochet,5.0,7.0,2.2634730538922154,6.666666666666667,59.0,59.0,5.0,2.6666666666666665,1.9115044247787611,2.0,39.0,40.0,1,,,,,,
777832,2025-05-21,R,Houston Astros,Tampa Bay Rays,4,8,1,Hunter Brown,Taj Bradley,5.0,4.0,3.7099236641221376,4.0,50.0,58.0,6.0,8.0,2.4732824427480917,3.6666666666666665,55.0,43.0,0,,,,,,
777833,2025-05-21,R,Chicago Cubs,Miami Marlins,2,1,0,Cade Horton,Max Meyer,5.0,5.0,6.3893129770992365,4.0,40.0,62.0,5.0,5.0,3.0916030534351147,2.0,69.0,47.0,1,,,,,,
777834,2025-05-21,R,Cincinnati Reds,Pittsburgh Pirates,1,3,1,Brady Singer,Andrew Heaney,5.0,5.0,5.914285714285715,2.0,25.0,40.0,5.0,5.0,2.7169811320754715,2.0,50.0,44.0,0,,,,,,
777835,2025-05-21,R,Texas Rangers,New York Yankees,3,4,1,Jacob deGrom,Ryan Yarbrough,10.0,5.0,4.0,3.3333333333333335,69.0,36.0,6.0,8.0,4.2772277227722775,3.0,49.0,38.0,1,,,,,,
777837,2025-05-21,R,San Diego Padres,Toronto Blue Jays,0,14,1,Randy Vásquez,Kevin Gausman,6.0,5.666666666666667,2.6,3.0,59.0,46.0,7.0,6.0,7.1208791208791204,1.0,59.0,54.0,1,,,,,,
777812,2025-05-22,R,Los Angeles Angels,Athletics,10,5,0,Tyler Anderson,Luis Severino,5.0,6.0,9.195652173913043,4.0,47.0,92.0,5.0,5.0,5.74015748031496,5.0,72.0,65.0,0,,,,,,
777814,2025-05-22,R,Milwaukee Brewers,Pittsburgh Pirates,8,5,0,Aaron Civale,Mike Burrows,,,5.108108108108108,4.0,28.0,36.0,53.0,3.0,3.78343949044586,6.333333333333333,37.0,47.0,0,,,,,,
777816,2025-05-22,R,San Diego Padres,Toronto Blue Jays,6,7,1,Stephen Kolek,Bowden Francis,6.0,4.666666666666667,2.014925373134328,2.0,69.0,41.0,6.0,5.0,8.217391304347826,3.3333333333333335,56.0,64.0,1,,,,,,
777817,2025-05-22,R,Philadelphia Phillies,Colorado Rockies,2,0,0,Ranger Suarez,Germán Márquez,5.0,3.0,6.707006369426751,4.666666666666667,52.0,118.0,6.0,7.0,4.275,4.0,67.0,49.0,0,,,,,,
777818,2025-05-22,R,Texas Rangers,New York Yankees,0,1,1,Nathan Eovaldi,Carlos Rodón,6.0,5.0,3.891891891891892,4.0,69.0,36.0,6.0,5.666666666666667,3.9375,1.3333333333333333,48.0,36.0,1,,,,,,
777820,2025-05-22,R,Atlanta Braves,Washington Nationals,7,8,1,AJ Smith-Shawver,Trevor Williams,7.0,4.333333333333333,3.857142857142857,0.0,44.0,54.0,7.0,6.0,4.0754716981132075,0.0,54.0,43.0,1,,,,,,
777821,2025-05-22,R,Cleveland Guardians,Detroit Tigers,7,0,0,Tanner Bibee,Jack Flaherty,6.0,5.666666666666667,4.782857142857143,6.0,80.0,60.0,6.0,6.0,4.887931034482759,3.0,35.0,38.0,0,,,,,,
777822,2025-05-22,R,Seattle Mariners,Houston Astros,2,9,1,George Kirby,Lance McCullers Jr.,6.0,4.0,3.0223880597014925,3.0,50.0,50.0,,,3.0,3.0,42.0,46.0,0,,,,,,
777797,2025-05-23,R,Arizona Diamondbacks,St. Louis Cardinals,3,4,1,Zac Gallen,Miles Mikolas,6.0,6.0,2.3823529411764706,0.0,66.0,33.0,6.0,5.0,6.917355371900826,0.0,65.0,66.0,0,,,,,,
777798,2025-05-23,R,Miami Marlins,Los Angeles Angels,4,7,1,Sandy Alcantara,Yusei Kikuchi,5.0,5.666666666666667,4.640625,4.333333333333333,77.0,62.0,6.0,5.0,4.395348837209302,0.0,40.0,54.0,0,,,,,,
777799,2025-05-23,R,Kansas City Royals,Minnesota Twins,1,3,1,Noah Cameron,Pablo López,6.0,6.0,1.9918032786885247,0.0,49.0,32.0,6.0,6.333333333333333,4.239669421487603,0.0,33.0,45.0,0,,,,,,
777800,2025-05-23,R,Seattle Mariners,Houston Astros,5,3,0,Emerson Hancock,Ryan Gusto,11.0,2.3333333333333335,2.7364864864864864,4.666666666666667,59.0,52.0,6.0,4.666666666666667,3.4662162162162162,4.333333333333333,44.0,55.0,1,,,,,,
777801,2025-05-23,R,San Francisco Giants,Washington Nationals,4,0,0,Landen Roupp,MacKenzie Gore,7.0,3.6666666666666665,3.5217391304347827,6.333333333333333,52.0,61.0,6.0,6.0,3.24,0.0,47.0,44.0,0,,,,,,
777802,2025-05-23,R,New York Yankees,Colorado Rockies,2,3,1,Clarke Schmidt,Tanner Gordon,15.0,6.333333333333333,6.700729927007299,2.0,49.0,99.0,6.0,6.0,3.6,3.0,70.0,36.0,0,,,,,,
777804,2025-05-23,R,Philadelphia Phillies,Athletics,4,3,0,Zack Wheeler,Jacob Lopez,24.0,2.6666666666666665,10.10204081632653,3.0,52.0,102.0,6.0,6.0,3.8230088495575223,2.3333333333333335,62.0,43.0,0,,,,,,
777805,2025-05-23,R,Texas Rangers,Chicago White Sox,1,4,1,Tyler Mahle,Sean Burke,6.0,4.666666666666667,4.704545454545454,0.0,36.0,54.0,6.0,6.0,3.734042553191489,2.0,48.0,32.0,0,,,,,,
777806,2025-05-23,R,Milwaukee Brewers,Pittsburgh Pirates,5,6,1,Freddy Peralta,Paul Skenes,5.0,8.0,5.487804878048781,4.0,33.0,44.0,5.0,5.0,3.9244186046511627,5.0,45.0,52.0,0,,,,,,
777807,2025-05-23,R,Cleveland Guardians,Detroit Tigers,3,1,0,Slade Cecconi,Jackson Jobe,5.0,6.0,5.08235294117647,2.3333333333333335,59.0,64.0,6.0,5.0,4.647540983606557,2.0,42.0,38.0,0,,,,,,
777808,2025-05-23,R,Los Angeles Dodgers,New York Mets,7,5,0,Clayton Kershaw,Griffin Canning,6.0,5.333333333333333,1.6153846153846154,0.0,37.0,40.0,6.0,4.0,5.798657718120805,0.0,78.0,67.0,0,,,,,,
777810,2025-05-23,R,Toronto Blue Jays,Tampa Bay Rays,1,3,1,Eric Lauer,Drew Rasmussen,6.0,6.0,3.6486486486486487,0.0,52.0,48.0,6.0,3.0,2.219178082191781,7.0,68.0,42.0,0,,,,,,
777811,2025-05-23,R,Chicago Cubs,Cincinnati Reds,13,6,0,Matthew Boyd,Hunter Greene,16.0,3.0,2.3823529411764706,0.0,43.0,39.0,6.0,6.0,3.1153846153846154,0.0,70.0,45.0,0,,,,,,
777813,2025-05-23,R,San Diego Padres,Atlanta Braves,2,1,0,Nick Pivetta,Chris Sale,7.0,7.0,3.190909090909091,6.333333333333333,56.0,47.0,6.0,6.0,7.457142857142857,4.333333333333333,62.0,71.0,0,,,,,,
777815,2025-05-23,R,Baltimore Orioles,Boston Red Sox,5,19,1,Cade Povich,Brayan Bello,5.0,4.333333333333333,3.0197368421052633,0.0,49.0,60.0,7.0,5.666666666666667,3.6580645161290324,0.0,49.0,65.0,0,,,,,,
777781,2025-05-24,R,Miami Marlins,Los Angeles Angels,6,2,0,Cal Quantrill,José Soriano,5.0,6.0,5.357142857142857,3.3333333333333335,83.0,62.0,6.0,5.0,4.5,2.6666666666666665,42.0,55.0,1,,,,,,
777782,2025-05-24,R,New York Yankees,Colorado Rockies,13,1,0,Max Fried,Kyle Freeland,5.0,5.333333333333333,5.887218045112782,3.0,43.0,88.0,6.0,6.0,3.24,3.3333333333333335,62.0,37.0,1,,,,,,
777784,2025-05-24,R,Philadelphia Phillies,Athletics,9,6,0,Cristopher Sánchez,Jeffrey Springs,6.0,6.666666666666667,9.887323943661972,2.0,53.0,96.0,5.0,6.0,4.135135135135135,2.3333333333333335,66.0,40.0,0,,,,,,
777786,2025-05-24,R,Arizona Diamondbacks,St. Louis Cardinals,5,6,1,Merrill Kelly,Matthew Liberatore,6.0,6.0,2.675675675675676,3.0,60.0,36.0,6.0,7.0,6.192660550458716,2.3333333333333335,57.0,56.0,1,,,,,,
777787,2025-05-24,R,Seattle Mariners,Houston Astros,1,2,1,Bryan Woo,Framber Valdez,6.0,7.0,3.1973684210526314,4.666666666666667,59.0,57.0,6.0,7.0,3.3517241379310345,3.0,46.0,52.0,1,,,,,,
777788,2025-05-24,R,Kansas City Royals,Minnesota Twins,4,5,1,Michael Wacha,Zebby Matthews,6.0,3.0,1.9133858267716535,3.3333333333333335,49.0,32.0,6.0,5.0,5.108108108108108,1.6666666666666667,32.0,47.0,1,,,,,,
777789,2025-05-24,R,Los Angeles Dodgers,New York Mets,2,5,1,Tony Gonsolin,David Peterson,6.0,6.0,1.7482014388489209,10.333333333333334,35.0,45.0,6.0,4.0,4.850299401197605,11.0,71.0,61.0,0,,,,,,
777791,2025-05-24,R,Chicago Cubs,Cincinnati Reds,4,6,1,Colin Rea,Andrew Abbott,6.0,5.0,4.2827586206896555,5.0,49.0,49.0,6.0,5.333333333333333,3.2481203007518795,5.0,81.0,44.0,0,,,,,,
777792,2025-05-24,R,Texas Rangers,Chicago White Sox,5,10,1,Jack Leiter,Bryse Wilson,9.0,5.333333333333333,4.604651162790698,3.0,34.0,53.0,6.0,7.0,3.51,3.0,48.0,34.0,1,,,,,,
777793,2025-05-24,R,San Francisco Giants,Washington Nationals,0,3,1,Kyle Harrison,Jake Irvin,7.0,6.333333333333333,3.272727272727273,3.0,52.0,55.0,,,3.1640625,3.0,50.0,41.0,0,,,,,,
777794,2025-05-24,R,Milwaukee Brewers,Pittsburgh Pirates,1,2,1,Quinn Priester,Mitch Keller,5.0,6.0,5.571428571428571,4.0,36.0,47.0,11.0,5.0,4.05,5.333333333333333,47.0,54.0,0,,,,,,
777795,2025-05-24,R,Toronto Blue Jays,Tampa Bay Rays,1,3,1,José Berríos,Shane Baz,6.0,6.0,3.6486486486486487,3.0,51.0,46.0,6.0,6.0,2.219178082191781,3.6666666666666665,63.0,42.0,1,,,,,,
777796,2025-05-24,R,Cleveland Guardians,Detroit Tigers,7,5,0,Luis Ortiz,Casey Mize,16.0,6.0,5.0625,4.0,58.0,66.0,6.0,5.0,4.764705882352941,3.0,39.0,39.0,0,,,,,,
777803,2025-05-24,R,San Diego Padres,Atlanta Braves,1,7,1,Sean Reynolds,Grant Holmes,7.0,6.0,3.4363636363636365,2.0,55.0,46.0,,,5.914285714285715,3.0,51.0,63.0,0,,,,,,
777809,2025-05-24,R,Baltimore Orioles,Boston Red Sox,5,6,1,Zach Eflin,Hunter Dobbins,5.0,4.666666666666667,3.576158940397351,5.0,67.0,63.0,6.0,5.333333333333333,6.622641509433962,3.0,50.0,83.0,1,,,,,,
777790,2025-05-24,R,Baltimore Orioles,Boston Red Sox,2,1,0,Trevor Rogers,Lucas Giolito,7.0,4.0,3.3550295857988166,5.0,73.0,68.0,,,6.122093023255814,3.0,55.0,89.0,1,,,,,,
777765,2025-05-25,R,Philadelphia Phillies,Athletics,4,5,1,Jesús Luzardo,Gunnar Hoglund,5.0,4.666666666666667,9.310344827586206,5.0,48.0,98.0,5.0,6.0,3.9193548387096775,6.333333333333333,68.0,45.0,0,,,,,,
777766,2025-05-25,R,Arizona Diamondbacks,St. Louis Cardinals,3,4,1,Brandon Pfaadt,Sonny Gray,6.0,6.0,3.6160714285714284,2.0,62.0,39.0,6.0,6.0,6.6880733944954125,2.0,59.0,62.0,1,,,,,,
777767,2025-05-25,R,Miami Marlins,Los Angeles Angels,3,0,0,Edward Cabrera,Kyle Hendricks,5.0,5.666666666666667,5.651162790697675,4.333333333333333,80.0,66.0,6.0,5.0,4.532846715328467,5.666666666666667,45.0,56.0,1,,,,,,
777768,2025-05-25,R,New York Yankees,Colorado Rockies,5,4,0,Will Warren,Antonio Senzatela,5.0,6.0,5.1923076923076925,4.333333333333333,44.0,80.0,5.0,5.666666666666667,1.7419354838709677,1.6666666666666667,68.0,27.0,1,,,,,,
777772,2025-05-25,R,Kansas City Royals,Minnesota Twins,2,1,0,Kris Bubic,Bailey Ober,6.0,3.0,2.2330827067669174,5.0,52.0,35.0,6.0,7.0,3.9272727272727272,3.6666666666666665,35.0,42.0,1,,,,,,
777773,2025-05-25,R,Los Angeles Dodgers,New York Mets,1,3,1,Landon Knack,Kodai Senga,6.0,6.0,1.4538461538461538,1.3333333333333333,35.0,41.0,12.0,4.666666666666667,4.709302325581396,3.0,73.0,63.0,0,,,,,,
777774,2025-05-25,R,Seattle Mariners,Houston Astros,3,5,1,Luis Castillo,Colton Gordon,6.0,5.333333333333333,2.4,3.0,52.0,45.0,6.0,7.0,2.9136690647482015,2.0,44.0,48.0,1,,,,,,
777775,2025-05-25,R,Toronto Blue Jays,Tampa Bay Rays,0,13,1,Chris Bassitt,Ryan Pepiot,6.0,6.0,3.6160714285714284,3.3333333333333335,51.0,45.0,5.0,6.0,2.2344827586206897,2.0,58.0,42.0,1,,,,,,
777776,2025-05-25,R,Milwaukee Brewers,Pittsburgh Pirates,6,5,0,Logan Henderson,Bailey Falter,5.0,7.0,5.85,3.0,36.0,45.0,5.0,5.0,4.238372093023256,2.0,46.0,53.0,0,,,,,,
777777,2025-05-25,R,Texas Rangers,Chicago White Sox,5,4,0,Patrick Corbin,Davis Martin,6.0,7.333333333333333,4.0,5.0,43.0,55.0,5.0,5.0,3.8969072164948453,3.0,43.0,41.0,1,,,,,,
777778,2025-05-25,R,San Francisco Giants,Washington Nationals,3,2,0,Robbie Ray,Michael Soroka,7.0,5.666666666666667,3.4285714285714284,1.0,53.0,51.0,6.0,7.0,3.153284671532847,4.0,49.0,42.0,0,,,,,,
777779,2025-05-25,R,Chicago Cubs,Cincinnati Reds,11,8,0,Ben Brown,Nick Lodolo,6.0,6.0,4.8,3.3333333333333335,42.0,44.0,6.0,4.666666666666667,2.516949152542373,3.0,79.0,45.0,0,,,,,,
777780,2025-05-25,R,Cleveland Guardians,Detroit Tigers,0,5,1,Logan Allen,Tarik Skubal,5.0,5.666666666666667,4.994219653179191,5.0,60.0,63.0,6.0,3.0,3.375,5.0,45.0,37.0,0,,,,,,
777783,2025-05-25,R,San Diego Padres,Atlanta Braves,5,3,0,Dylan Cease,Spencer Schwellenbach,7.0,7.0,3.51,2.0,59.0,45.0,5.0,7.0,6.024793388429752,5.333333333333333,31.0,70.0,0,,,,,,
777785,2025-05-25,R,Baltimore Orioles,Boston Red Sox,5,1,0,Dean Kremer,Walker Buehler,5.0,2.3333333333333335,3.6745562130177514,8.0,64.0,69.0,6.0,5.333333333333333,6.428571428571429,7.0,55.0,85.0,1,,,,,,
777756,2025-05-26,R,Miami Marlins,San Diego Padres,3,4,1,Ryan Weathers,Randy Vásquez,5.0,4.666666666666667,5.355371900826446,4.0,33.0,64.0,6.0,5.0,4.435714285714286,3.3333333333333335,46.0,52.0,0,,,,,,
777757,2025-05-26,R,Colorado Rockies,Chicago Cubs,1,3,1,Carson Palmquist,Jameson Taillon,6.0,7.0,1.5,4.666666666666667,88.0,47.0,5.0,4.333333333333333,5.086956521739131,4.666666666666667,39.0,82.0,0,,,,,,
777758,2025-05-26,R,Chicago White Sox,New York Mets,1,2,1,Adrian Houser,Clay Holmes,6.0,6.0,1.2272727272727273,3.6666666666666665,32.0,40.0,6.0,6.0,4.604651162790698,3.0,43.0,58.0,0,,,,,,
777759,2025-05-26,R,Toronto Blue Jays,Texas Rangers,2,1,0,Kevin Gausman,Jacob deGrom,5.0,7.0,3.7058823529411766,3.6666666666666665,42.0,44.0,5.0,7.0,3.176470588235294,4.0,49.0,54.0,0,,,,,,
777760,2025-05-26,R,Cincinnati Reds,Kansas City Royals,7,4,0,Nick Martinez,Michael Lorenzen,6.0,4.666666666666667,3.9272727272727272,3.0,36.0,40.0,6.0,6.0,6.340909090909091,4.0,50.0,49.0,0,,,,,,
777761,2025-05-26,R,Pittsburgh Pirates,Arizona Diamondbacks,0,5,1,Andrew Heaney,Ryne Nelson,6.0,5.0,6.113207547169812,2.3333333333333335,61.0,58.0,5.0,5.0,5.85,3.3333333333333335,37.0,48.0,0,,,,,,
777762,2025-05-26,R,Minnesota Twins,Tampa Bay Rays,2,7,1,Chris Paddack,Zack Littell,6.0,5.0,3.5660377358490565,2.0,62.0,41.0,5.0,5.333333333333333,2.0610687022900764,3.3333333333333335,46.0,31.0,0,,,,,,
777763,2025-05-26,R,New York Yankees,Los Angeles Angels,5,1,0,Ryan Yarbrough,Jack Kochanowicz,5.0,4.0,4.928571428571429,3.0,77.0,62.0,5.0,5.0,2.125984251968504,5.0,61.0,29.0,0,,,,,,
777764,2025-05-26,R,Boston Red Sox,Milwaukee Brewers,2,3,1,Garrett Crochet,Chad Patrick,5.0,4.666666666666667,4.923529411764706,4.0,48.0,56.0,5.0,5.333333333333333,3.8793103448275863,4.0,62.0,73.0,0,,,,,,
777769,2025-05-26,R,Los Angeles Dodgers,Cleveland Guardians,7,2,0,Yoshinobu Yamamoto,Gavin Williams,5.0,6.0,2.8636363636363638,4.333333333333333,45.0,39.0,6.0,7.0,4.716867469879518,2.0,66.0,65.0,0,,,,,,
777770,2025-05-26,R,San Francisco Giants,Detroit Tigers,1,3,1,Hayden Birdsong,Keider Montero,18.0,8.0,4.955696202531645,0.0,64.0,57.0,6.0,5.0,2.8636363636363638,3.0,46.0,37.0,0,,,,,,
777771,2025-05-26,R,St. Louis Cardinals,Baltimore Orioles,2,5,1,Erick Fedde,Charlie Morton,19.0,4.0,6.467065868263473,3.6666666666666665,53.0,83.0,6.0,5.0,3.6818181818181817,3.0,60.0,41.0,0,,,,,,
777741,2025-05-27,R,Toronto Blue Jays,Texas Rangers,0,2,1,Bowden Francis,Nathan Eovaldi,5.0,6.0,3.6,3.6666666666666665,41.0,45.0,5.0,4.0,3.1079136690647484,1.0,51.0,55.0,0,,,,,,
777742,2025-05-27,R,Miami Marlins,San Diego Padres,6,8,1,Max Meyer,Stephen Kolek,5.0,6.0,3.888,4.666666666666667,32.0,58.0,6.0,6.0,4.153846153846154,4.666666666666667,47.0,51.0,1,,,,,,
777743,2025-05-27,R,Washington Nationals,Seattle Mariners,1,9,1,Mitchell Parker,Logan Evans,6.0,6.0,2.4545454545454546,0.0,41.0,33.0,7.0,5.333333333333333,2.9008264462809916,0.0,51.0,44.0,0,,,,,,
777744,2025-05-27,R,Pittsburgh Pirates,Arizona Diamondbacks,9,6,0,Mike Burrows,Corbin Burnes,6.0,7.0,6.05607476635514,2.3333333333333335,64.0,57.0,5.0,5.0,5.132231404958677,3.0,34.0,49.0,1,,,,,,
777745,2025-05-27,R,New York Yankees,Los Angeles Angels,3,2,0,Carlos Rodón,Tyler Anderson,5.0,4.666666666666667,4.790322580645161,2.3333333333333335,69.0,62.0,5.0,6.0,1.7007874015748032,3.0,55.0,25.0,0,,,,,,
777746,2025-05-27,R,Minnesota Twins,Tampa Bay Rays,4,2,0,Joe Ryan,Taj Bradley,6.0,6.0,3.5526315789473686,2.6666666666666665,69.0,43.0,11.0,6.0,2.9136690647482015,2.6666666666666665,48.0,38.0,1,,,,,,
777747,2025-05-27,R,Boston Red Sox,Milwaukee Brewers,1,5,1,Richard Fitts,Aaron Civale,5.0,4.0,4.937142857142857,4.333333333333333,51.0,53.0,45.0,5.0,4.024844720496894,1.3333333333333333,62.0,62.0,1,,,,,,
777748,2025-05-27,R,Atlanta Braves,Philadelphia Phillies,0,2,1,Spencer Strider,Ranger Suarez,5.0,6.666666666666667,4.580357142857143,0.0,67.0,47.0,7.0,4.333333333333333,3.6,0.0,55.0,43.0,0,,,,,,
777749,2025-05-27,R,Chicago White Sox,New York Mets,4,6,1,Jonathan Cannon,Tylor Megill,6.0,4.666666666666667,1.218045112781955,3.3333333333333335,30.0,38.0,9.0,5.0,4.764705882352941,2.3333333333333335,44.0,60.0,1,,,,,,
777750,2025-05-27,R,Cincinnati Reds,Kansas City Royals,7,2,0,Brady Singer,Daniel Lynch IV,6.0,1.6666666666666667,3.5526315789473686,4.0,33.0,42.0,6.0,5.0,6.260869565217392,2.0,57.0,53.0,0,,,,,,
777751,2025-05-27,R,Colorado Rockies,Chicago Cubs,3,4,1,Germán Márquez,Cade Horton,6.0,5.333333333333333,1.4881889763779528,2.6666666666666665,86.0,46.0,5.0,7.0,4.9787234042553195,3.0,39.0,83.0,1,,,,,,
777752,2025-05-27,R,Athletics,Houston Astros,1,11,1,JP Sears,Hunter Brown,6.0,5.0,2.6129032258064515,0.0,46.0,41.0,6.0,5.0,8.93661971830986,0.0,51.0,90.0,0,,,,,,
777753,2025-05-27,R,Los Angeles Dodgers,Cleveland Guardians,9,5,0,Dustin May,Tanner Bibee,5.0,7.0,3.6141732283464565,4.333333333333333,42.0,46.0,6.0,6.0,4.474285714285714,3.0,73.0,67.0,0,,,,,,
777754,2025-05-27,R,St. Louis Cardinals,Baltimore Orioles,7,4,0,Andre Pallante,Tomoyuki Sugano,6.0,6.0,6.136363636363637,3.0,58.0,85.0,6.0,5.666666666666667,3.75,3.0,59.0,44.0,1,,,,,,
777755,2025-05-27,R,San Francisco Giants,Detroit Tigers,1,3,1,Logan Webb,Jack Flaherty,5.0,6.666666666666667,4.89375,4.0,53.0,56.0,6.0,4.0,2.8208955223880596,3.6666666666666665,46.0,38.0,1,,,,,,
777724,2025-05-28,R,Toronto Blue Jays,Texas Rangers,2,0,0,Paxton Schultz,Tyler Mahle,5.0,5.0,3.230769230769231,7.0,39.0,44.0,,,2.167883211678832,3.0,42.0,46.0,0,,,,,,
777726,2025-05-28,R,Miami Marlins,San Diego Padres,10,8,0,Sandy Alcantara,Kyle Hart,35.0,4.333333333333333,3.3488372093023258,3.6666666666666665,34.0,60.0,5.0,5.333333333333333,4.125,4.666666666666667,49.0,54.0,1,,,,,,
777728,2025-05-28,R,New York Yankees,Los Angeles Angels,1,0,0,Clarke Schmidt,Yusei Kikuchi,5.0,5.666666666666667,3.9461538461538463,3.0,67.0,59.0,5.0,4.666666666666667,2.288135593220339,2.0,57.0,25.0,0,,,,,,
777729,2025-05-28,R,Pittsburgh Pirates,Arizona Diamondbacks,10,1,0,Paul Skenes,Zac Gallen,5.0,5.666666666666667,6.415841584158416,2.0,64.0,56.0,5.0,6.0,4.8,5.666666666666667,42.0,53.0,1,,,,,,
777730,2025-05-28,R,Washington Nationals,Seattle Mariners,9,0,0,Trevor Williams,George Kirby,6.0,3.6666666666666665,2.7,1.0,48.0,33.0,6.0,3.6666666666666665,3.176470588235294,3.3333333333333335,50.0,48.0,1,,,,,,
777731,2025-05-28,R,Colorado Rockies,Chicago Cubs,1,2,1,Tanner Gordon,Matthew Boyd,5.0,4.0,1.0305343511450382,5.0,85.0,45.0,5.0,6.0,4.743243243243243,4.333333333333333,41.0,83.0,1,,,,,,
777732,2025-05-28,R,Minnesota Twins,Tampa Bay Rays,0,5,1,Pablo López,Drew Rasmussen,5.0,6.0,2.5233644859813085,2.0,60.0,38.0,5.0,5.666666666666667,2.918918918918919,3.0,52.0,40.0,1,,,,,,
777733,2025-05-28,R,Cincinnati Reds,Kansas City Royals,2,3,1,Hunter Greene,Noah Cameron,5.0,6.666666666666667,4.21875,6.333333333333333,34.0,47.0,5.0,4.0,5.931818181818182,2.0,63.0,50.0,0,,,,,,
777734,2025-05-28,R,Athletics,Houston Astros,3,5,1,Luis Severino,Lance McCullers Jr.,6.0,4.333333333333333,2.4923076923076923,3.0,55.0,41.0,6.0,6.0,8.82,4.666666666666667,41.0,100.0,1,,,,,,
777736,2025-05-28,R,Boston Red Sox,Milwaukee Brewers,5,6,1,Brayan Bello,Freddy Peralta,5.0,4.333333333333333,4.624309392265193,5.0,56.0,52.0,5.0,4.0,3.7865853658536586,6.333333333333333,54.0,57.0,1,,,,,,
777737,2025-05-28,R,Chicago White Sox,New York Mets,9,4,0,Shane Smith,Griffin Canning,5.0,2.6666666666666665,1.6240601503759398,3.3333333333333335,34.0,41.0,7.0,5.0,5.586206896551724,2.3333333333333335,43.0,65.0,1,,,,,,
777738,2025-05-28,R,San Francisco Giants,Detroit Tigers,3,4,1,Landen Roupp,Jackson Jobe,5.0,5.0,4.595744680851064,3.0,46.0,48.0,5.0,6.0,2.267175572519084,2.0,37.0,35.0,1,,,,,,
777739,2025-05-28,R,Los Angeles Dodgers,Cleveland Guardians,4,7,1,Clayton Kershaw,Kolby Allard,,,4.569230769230769,4.0,45.0,55.0,5.0,2.0,3.8793103448275863,4.0,81.0,61.0,0,,,,,,
777740,2025-05-28,R,St. Louis Cardinals,Baltimore Orioles,6,4,0,Miles Mikolas,Cade Povich,5.0,5.0,6.352941176470588,3.6666666666666665,62.0,92.0,5.0,6.0,3.4322033898305087,3.3333333333333335,66.0,48.0,1,,,,,,
777722,2025-05-29,R,Washington Nationals,Seattle Mariners,9,3,0,MacKenzie Gore,Emerson Hancock,6.0,6.0,2.8672566371681416,4.0,46.0,39.0,6.0,6.0,3.2869565217391306,3.0,54.0,44.0,1,,,,,,
777725,2025-05-29,R,Tampa Bay Rays,Houston Astros,13,3,0,Shane Baz,Ryan Gusto,6.0,4.333333333333333,2.592,3.0,56.0,41.0,5.0,5.666666666666667,2.4545454545454546,3.0,64.0,35.0,0,,,,,,
777727,2025-05-29,R,Athletics,Toronto Blue Jays,0,12,1,Jacob Lopez,José Berríos,5.0,6.0,2.0342465753424657,6.333333333333333,41.0,45.0,6.0,7.0,8.574324324324325,2.0,41.0,96.0,0,,,,,,
777735,2025-05-29,R,Atlanta Braves,Philadelphia Phillies,4,5,1,AJ Smith-Shawver,Cristopher Sánchez,5.0,4.666666666666667,4.090909090909091,0.0,60.0,32.0,7.0,3.0,3.4941176470588236,0.0,46.0,38.0,1,,,,,,
777723,2025-05-29,R,Atlanta Braves,Philadelphia Phillies,9,3,0,Chris Sale,Zack Wheeler,6.0,6.666666666666667,4.2110091743119265,0.0,65.0,36.0,6.0,7.0,3.4752475247524752,0.0,50.0,43.0,1,,,,,,
777707,2025-05-30,R,Pittsburgh Pirates,San Diego Padres,2,3,1,Mitch Keller,Nick Pivetta,7.0,6.0,3.654135338345865,0.0,37.0,69.0,6.0,6.0,5.357142857142857,0.0,48.0,54.0,0,,,,,,
777708,2025-05-30,R,New York Yankees,Los Angeles Dodgers,5,8,1,Max Fried,Tony Gonsolin,6.0,5.0,5.264150943396227,0.0,57.0,63.0,6.0,7.333333333333333,2.347826086956522,0.0,55.0,23.0,0,,,,,,
777709,2025-05-30,R,St. Louis Cardinals,Texas Rangers,1,11,1,Matthew Liberatore,Jack Leiter,6.0,5.0,3.789473684210526,0.0,30.0,43.0,6.0,7.0,3.190909090909091,0.0,57.0,43.0,0,,,,,,
777710,2025-05-30,R,Washington Nationals,Arizona Diamondbacks,9,7,0,Jake Irvin,Merrill Kelly,6.0,6.0,6.887755102040816,0.0,57.0,59.0,6.0,8.0,3.4913793103448274,4.0,61.0,42.0,0,,,,,,
777711,2025-05-30,R,Detroit Tigers,Kansas City Royals,7,5,0,Casey Mize,Seth Lugo,19.0,6.0,4.231343283582089,0.0,34.0,45.0,6.0,5.0,4.438356164383562,0.0,44.0,46.0,0,,,,,,
777712,2025-05-30,R,Cincinnati Reds,Chicago Cubs,6,2,0,Andrew Abbott,Colin Rea,6.0,5.0,1.0305343511450382,0.0,86.0,43.0,6.0,5.666666666666667,6.096774193548387,0.0,56.0,48.0,0,,,,,,
777713,2025-05-30,R,Minnesota Twins,Seattle Mariners,12,6,0,Zebby Matthews,Bryan Woo,6.0,6.0,3.6141732283464565,4.666666666666667,49.0,48.0,6.0,4.0,3.731707317073171,0.0,34.0,36.0,0,,,,,,
777714,2025-05-30,R,Tampa Bay Rays,Houston Astros,1,2,1,Ryan Pepiot,Framber Valdez,6.0,6.0,4.404255319148936,5.333333333333333,59.0,53.0,5.0,7.0,2.347826086956522,3.3333333333333335,69.0,35.0,0,,,,,,
777715,2025-05-30,R,Milwaukee Brewers,Philadelphia Phillies,6,2,0,DL Hall,Taijuan Walker,9.0,5.0,4.5,7.0,68.0,45.0,,,4.255434782608695,0.0,53.0,52.0,0,,,,,,
777716,2025-05-30,R,Athletics,Toronto Blue Jays,7,11,1,Jeffrey Springs,Chris Bassitt,5.0,4.0,1.6758620689655173,3.0,50.0,37.0,6.0,6.0,7.114864864864865,6.333333333333333,39.0,89.0,1,,,,,,
777717,2025-05-30,R,San Francisco Giants,Miami Marlins,2,0,0,Kyle Harrison,Cal Quantrill,6.0,3.3333333333333335,4.408163265306122,0.0,56.0,61.0,6.0,4.0,1.7704918032786885,0.0,33.0,31.0,0,,,,,,
777718,2025-05-30,R,Colorado Rockies,New York Mets,2,4,1,Kyle Freeland,David Peterson,6.0,7.666666666666667,2.2816901408450705,0.0,38.0,46.0,6.0,4.666666666666667,4.378378378378378,0.0,39.0,77.0,0,,,,,,
777719,2025-05-30,R,Boston Red Sox,Atlanta Braves,5,1,0,Lucas Giolito,Grant Holmes,6.0,7.0,4.00990099009901,8.333333333333334,54.0,44.0,6.0,7.0,3.8802395209580838,0.0,54.0,57.0,0,,,,,,
777720,2025-05-30,R,Chicago White Sox,Baltimore Orioles,1,2,1,Jared Shuster,Zach Eflin,6.0,5.0,6.585365853658536,0.0,57.0,80.0,,,5.538461538461538,0.0,47.0,60.0,0,,,,,,
777721,2025-05-30,R,Los Angeles Angels,Cleveland Guardians,4,1,0,José Soriano,Luis Ortiz,6.0,5.0,3.4511278195488724,0.0,47.0,50.0,6.0,4.666666666666667,3.7720588235294117,0.0,66.0,55.0,0,,,,,,
777691,2025-05-31,R,Pittsburgh Pirates,San Diego Padres,5,0,0,Bailey Falter,Dylan Cease,6.0,5.0,3.7384615384615385,3.0,39.0,66.0,6.0,5.666666666666667,3.951219512195122,2.0,46.0,49.0,1,,,,,,
777693,2025-05-31,R,Tampa Bay Rays,Houston Astros,16,3,0,Zack Littell,Colton Gordon,6.0,5.0,4.714285714285714,0.0,55.0,51.0,5.0,6.333333333333333,1.981651376146789,2.0,66.0,28.0,0,,,,,,
777694,2025-05-31,R,Detroit Tigers,Kansas City Royals,0,1,1,Tarik Skubal,Michael Wacha,7.0,5.0,3.6906474820143886,5.666666666666667,36.0,42.0,6.0,9.0,4.235294117647059,5.666666666666667,46.0,47.0,0,,,,,,
777695,2025-05-31,R,Minnesota Twins,Seattle Mariners,4,5,1,Bailey Ober,Bryce Miller,20.0,5.0,5.0625,3.3333333333333335,50.0,59.0,6.0,6.666666666666667,4.170731707317073,3.0,43.0,42.0,0,,,,,,
777696,2025-05-31,R,Washington Nationals,Arizona Diamondbacks,11,7,0,Michael Soroka,Brandon Pfaadt,6.0,5.666666666666667,7.485148514851486,4.0,56.0,68.0,6.0,6.0,3.857142857142857,4.0,66.0,46.0,0,,,,,,
777697,2025-05-31,R,St. Louis Cardinals,Texas Rangers,2,0,0,Sonny Gray,Patrick Corbin,6.0,5.333333333333333,2.6052631578947367,3.3333333333333335,38.0,38.0,6.0,6.0,4.300884955752212,3.0,48.0,51.0,1,,,,,,
777698,2025-05-31,R,New York Yankees,Los Angeles Dodgers,2,18,1,Will Warren,Landon Knack,6.0,6.0,5.019230769230769,3.0,63.0,62.0,6.0,4.0,2.6517857142857144,3.0,54.0,29.0,1,,,,,,
777699,2025-05-31,R,Chicago White Sox,Baltimore Orioles,2,4,1,Davis Martin,Dean Kremer,6.0,5.333333333333333,6.58125,2.0,56.0,77.0,6.0,6.0,3.9767441860465116,7.0,45.0,49.0,1,,,,,,
777700,2025-05-31,R,Colorado Rockies,New York Mets,2,8,1,Antonio Senzatela,Kodai Senga,6.0,5.333333333333333,2.1838235294117645,3.3333333333333335,40.0,42.0,6.0,4.333333333333333,4.183098591549296,2.0,41.0,73.0,1,,,,,,
777701,2025-05-31,R,Athletics,Toronto Blue Jays,7,8,1,Gunnar Hoglund,Braydon Fisher,,,1.875,4.0,57.0,39.0,6.0,5.0,6.837662337662338,6.0,45.0,91.0,1,,,,,,
777702,2025-05-31,R,Milwaukee Brewers,Philadelphia Phillies,17,7,0,Chad Patrick,Jesús Luzardo,6.0,7.0,4.395348837209302,5.0,62.0,47.0,5.0,4.666666666666667,4.33678756476684,6.0,59.0,51.0,0,,,,,,
777703,2025-05-31,R,Los Angeles Angels,Cleveland Guardians,5,7,1,Kyle Hendricks,Slade Cecconi,8.0,6.0,3.9705882352941178,3.0,44.0,49.0,6.0,6.0,3.717391304347826,3.0,64.0,54.0,0,,,,,,
777704,2025-05-31,R,Cincinnati Reds,Chicago Cubs,0,2,1,Nick Lodolo,Drew Pomeranz,,,1.0465116279069768,3.3333333333333335,75.0,46.0,6.0,5.0,6.635593220338983,2.0,57.0,46.0,0,,,,,,
777705,2025-05-31,R,San Francisco Giants,Miami Marlins,0,1,1,Robbie Ray,Edward Cabrera,6.0,5.666666666666667,4.408163265306122,4.0,47.0,59.0,6.0,6.0,1.6488549618320612,4.0,26.0,30.0,0,,,,,,
777706,2025-05-31,R,Boston Red Sox,Atlanta Braves,0,5,1,Walker Buehler,Spencer Schwellenbach,6.0,7.0,4.114285714285714,3.3333333333333335,51.0,47.0,6.0,5.0,3.413793103448276,4.333333333333333,57.0,54.0,0,,,,,,
777677,2025-06-01,R,Detroit Tigers,Kansas City Royals,1,0,0,Keider Montero,Kris Bubic,7.0,7.0,3.7445255474452557,2.0,37.0,41.0,6.0,5.0,4.195945945945946,1.0,45.0,46.0,0,,,,,,
777678,2025-06-01,R,St. Louis Cardinals,Texas Rangers,1,8,1,Erick Fedde,Jacob deGrom,6.0,5.333333333333333,2.560344827586207,3.6666666666666665,33.0,39.0,6.0,5.0,4.418181818181818,2.0,49.0,51.0,1,,,,,,
777679,2025-06-01,R,Washington Nationals,Arizona Diamondbacks,1,3,1,Mitchell Parker,Corbin Burnes,5.0,7.0,5.353448275862069,9.0,51.0,65.0,5.0,4.666666666666667,3.5217391304347827,3.6666666666666665,67.0,47.0,0,,,,,,
777680,2025-06-01,R,Minnesota Twins,Seattle Mariners,1,2,1,Chris Paddack,Luis Castillo,7.0,6.0,4.764705882352941,7.0,51.0,62.0,6.0,5.333333333333333,4.2631578947368425,6.333333333333333,40.0,47.0,0,,,,,,
777681,2025-06-01,R,Pittsburgh Pirates,San Diego Padres,4,6,1,Andrew Heaney,Randy Vásquez,6.0,6.333333333333333,3.425373134328358,4.333333333333333,38.0,67.0,6.0,5.0,3.923076923076923,2.6666666666666665,49.0,44.0,1,,,,,,
777682,2025-06-01,R,New York Yankees,Los Angeles Dodgers,7,3,0,Ryan Yarbrough,Yoshinobu Yamamoto,6.0,6.0,4.32,3.0,72.0,53.0,6.0,6.0,4.609756097560975,6.666666666666667,54.0,44.0,1,,,,,,
777683,2025-06-01,R,Los Angeles Angels,Cleveland Guardians,2,4,1,Jack Kochanowicz,Gavin Williams,6.0,4.666666666666667,3.6382978723404253,4.666666666666667,50.0,50.0,6.0,6.666666666666667,3.4511278195488724,2.3333333333333335,58.0,52.0,0,,,,,,
777684,2025-06-01,R,Chicago White Sox,Baltimore Orioles,2,3,1,Adrian Houser,Charlie Morton,6.0,6.0,6.75,3.0,54.0,69.0,6.0,6.0,3.888,2.0,44.0,46.0,1,,,,,,
777685,2025-06-01,R,Athletics,Toronto Blue Jays,4,8,1,JP Sears,Kevin Gausman,6.0,8.0,2.174496644295302,7.666666666666667,63.0,45.0,5.0,3.3333333333333335,7.067114093959732,2.0,52.0,98.0,1,,,,,,
777686,2025-06-01,R,Colorado Rockies,New York Mets,3,5,1,Carson Palmquist,Clay Holmes,6.0,5.666666666666667,2.2330827067669174,2.6666666666666665,45.0,42.0,6.0,5.0,3.573529411764706,4.0,29.0,69.0,1,,,,,,
777687,2025-06-01,R,Cincinnati Reds,Chicago Cubs,3,7,1,Nick Martinez,Jameson Taillon,6.0,6.333333333333333,0.9375,8.0,70.0,43.0,6.0,7.0,7.6415094339622645,2.0,53.0,47.0,0,,,,,,
777688,2025-06-01,R,Milwaukee Brewers,Philadelphia Phillies,5,2,0,Jose Quintana,Ranger Suarez,5.0,6.0,4.7299270072992705,5.666666666666667,64.0,62.0,23.0,5.333333333333333,4.790322580645161,3.0,76.0,51.0,0,,,,,,
777689,2025-06-01,R,San Francisco Giants,Miami Marlins,4,2,0,Hayden Birdsong,Ryan Weathers,6.0,5.666666666666667,4.468965517241379,3.3333333333333335,48.0,55.0,6.0,4.333333333333333,1.7704918032786885,1.0,25.0,31.0,0,,,,,,
777690,2025-06-01,R,Tampa Bay Rays,Houston Astros,0,1,1,Taj Bradley,Hunter Brown,5.0,6.0,6.545454545454546,4.0,57.0,62.0,5.0,7.0,2.16,0.0,78.0,31.0,0,,,,,,
777692,2025-06-01,R,Boston Red Sox,Atlanta Braves,3,1,0,Garrett Crochet,Bryce Elder,18.0,6.0,2.7757009345794392,2.6666666666666665,50.0,40.0,6.0,6.666666666666667,3.5783132530120483,2.3333333333333335,50.0,53.0,0,,,,,,
777669,2025-06-02,R,Minnesota Twins,Athletics,10,4,0,Joe Ryan,Luis Severino,5.0,6.0,7.363636363636363,3.0,54.0,103.0,6.0,6.0,4.764705882352941,0.3333333333333333,39.0,44.0,0,,,,,,
777670,2025-06-02,R,Los Angeles Angels,Boston Red Sox,7,6,0,Tyler Anderson,Richard Fitts,6.0,3.0,3.2468354430379747,2.0,49.0,44.0,6.0,6.0,2.7794117647058822,4.333333333333333,54.0,52.0,0,,,,,,
777671,2025-06-02,R,Milwaukee Brewers,Cincinnati Reds,3,2,0,Aaron Civale,Brady Singer,6.0,7.0,7.528846153846154,3.3333333333333335,53.0,53.0,6.0,5.0,4.645161290322581,4.0,76.0,51.0,0,,,,,,
777673,2025-06-02,R,Colorado Rockies,Miami Marlins,6,4,0,Germán Márquez,Max Meyer,6.0,3.3333333333333335,4.563380281690141,3.0,45.0,58.0,6.0,6.0,3.7720588235294117,3.3333333333333335,32.0,73.0,0,,,,,,
777674,2025-06-02,R,Detroit Tigers,Chicago White Sox,13,1,0,Jack Flaherty,Jonathan Cannon,6.0,5.666666666666667,3.5702479338842976,1.6666666666666667,44.0,43.0,6.0,6.0,4.0855263157894735,4.333333333333333,43.0,44.0,0,,,,,,
777675,2025-06-02,R,New York Mets,Los Angeles Dodgers,4,3,0,Paul Blackburn,Dustin May,6.0,5.0,4.470198675496689,5.333333333333333,71.0,54.0,,,2.030075187969925,2.0,48.0,37.0,0,,,,,,
777676,2025-06-02,R,San Diego Padres,San Francisco Giants,1,0,0,Stephen Kolek,Logan Webb,6.0,6.0,2.059322033898305,3.6666666666666665,26.0,31.0,6.0,5.333333333333333,2.892857142857143,5.666666666666667,43.0,65.0,0,,,,,,
777655,2025-06-03,R,Baltimore Orioles,Seattle Mariners,5,1,0,Tomoyuki Sugano,George Kirby,6.0,5.0,4.87218045112782,0.0,42.0,61.0,7.0,5.333333333333333,6.954545454545454,0.0,49.0,56.0,0,,,,,,
777656,2025-06-03,R,San Diego Padres,San Francisco Giants,3,2,0,Ryan Bergert,Landen Roupp,6.0,4.0,1.3728813559322033,2.0,25.0,29.0,,,2.6470588235294117,4.333333333333333,44.0,65.0,0,,,,,,
777657,2025-06-03,R,New York Mets,Los Angeles Dodgers,5,6,1,Tylor Megill,Clayton Kershaw,6.0,5.0,3.8028169014084505,4.0,69.0,49.0,7.0,5.666666666666667,2.2816901408450705,5.0,51.0,37.0,0,,,,,,
777658,2025-06-03,R,Minnesota Twins,Athletics,10,3,0,Pablo López,Grant Holman,,,7.973154362416107,3.3333333333333335,55.0,109.0,6.0,5.0,4.061946902654867,4.0,43.0,43.0,0,,,,,,
777659,2025-06-03,R,Chicago Cubs,Washington Nationals,8,3,0,Cade Horton,Trevor Williams,6.0,6.0,3.3157894736842106,0.0,58.0,46.0,7.0,6.0,0.627906976744186,0.0,64.0,36.0,0,,,,,,
777660,2025-06-03,R,Kansas City Royals,St. Louis Cardinals,10,7,0,Michael Lorenzen,Andre Pallante,7.0,5.666666666666667,4.544554455445544,0.0,38.0,53.0,8.0,5.0,3.888,0.0,32.0,40.0,0,,,,,,
777661,2025-06-03,R,Detroit Tigers,Chicago White Sox,1,8,1,Beau Brieske,Shane Smith,6.0,3.6666666666666665,4.231343283582089,6.0,44.0,51.0,,,2.739130434782609,3.0,52.0,34.0,0,,,,,,
777662,2025-06-03,R,Texas Rangers,Tampa Bay Rays,1,5,1,Tyler Mahle,Drew Rasmussen,6.0,6.0,2.147727272727273,0.0,74.0,23.0,6.0,6.0,2.26890756302521,0.0,38.0,36.0,0,,,,,,
777663,2025-06-03,R,Houston Astros,Pittsburgh Pirates,3,0,0,Lance McCullers Jr.,Paul Skenes,6.0,6.666666666666667,3.756521739130435,0.0,52.0,42.0,6.0,6.0,6.967741935483871,0.0,50.0,56.0,0,,,,,,
777664,2025-06-03,R,Cleveland Guardians,New York Yankees,2,3,1,Tanner Bibee,Carlos Rodón,7.0,7.0,5.048780487804878,0.0,53.0,45.0,7.0,5.0,3.098360655737705,0.0,48.0,43.0,0,,,,,,
777665,2025-06-03,R,Philadelphia Phillies,Toronto Blue Jays,8,3,0,Cristopher Sánchez,Bowden Francis,7.0,5.0,2.1176470588235294,0.0,69.0,46.0,5.0,5.666666666666667,5.2734375,0.0,56.0,64.0,0,,,,,,
777666,2025-06-03,R,Colorado Rockies,Miami Marlins,3,2,0,Chase Dollander,Sandy Alcantara,6.0,4.0,3.992957746478873,4.0,41.0,57.0,16.0,4.666666666666667,2.3649635036496353,4.0,35.0,68.0,0,,,,,,
777667,2025-06-03,R,Los Angeles Angels,Boston Red Sox,4,3,0,Yusei Kikuchi,Brayan Bello,6.0,4.666666666666667,3.195266272189349,8.0,52.0,50.0,6.0,5.0,2.872340425531915,4.666666666666667,57.0,55.0,0,,,,,,
777668,2025-06-03,R,Milwaukee Brewers,Cincinnati Reds,2,4,1,Freddy Peralta,Hunter Greene,6.0,5.0,7.317757009345795,4.0,48.0,55.0,6.0,5.0,4.369942196531792,3.6666666666666665,74.0,49.0,0,,,,,,
777672,2025-06-03,R,Arizona Diamondbacks,Atlanta Braves,8,3,0,Zac Gallen,Spencer Strider,7.0,4.666666666666667,2.6517857142857144,0.0,41.0,39.0,6.0,5.0,4.973684210526316,0.0,44.0,61.0,0,,,,,,
777638,2025-06-04,R,New York Mets,Los Angeles Dodgers,6,1,0,Griffin Canning,Tony Gonsolin,5.0,6.0,3.261744966442953,5.333333333333333,71.0,51.0,7.0,3.0,2.404109589041096,3.3333333333333335,56.0,41.0,0,,,,,,
777639,2025-06-04,R,Detroit Tigers,Chicago White Sox,5,4,0,Sawyer Gipson-Long,Jared Shuster,5.0,1.0,4.367647058823529,3.6666666666666665,51.0,52.0,,,3.6486486486486487,6.666666666666667,48.0,38.0,0,,,,,,
777641,2025-06-04,R,San Diego Padres,San Francisco Giants,5,6,1,Nick Pivetta,Kyle Harrison,5.0,5.0,1.6153846153846154,3.6666666666666665,24.0,30.0,5.0,6.0,2.4545454545454546,5.0,47.0,64.0,0,,,,,,
777643,2025-06-04,R,Minnesota Twins,Athletics,6,1,0,Zebby Matthews,Justin Sterner,,,8.830188679245284,7.666666666666667,53.0,112.0,5.0,7.0,3.888,4.0,53.0,46.0,0,,,,,,
777645,2025-06-04,R,Baltimore Orioles,Seattle Mariners,3,2,0,Cade Povich,Emerson Hancock,6.0,5.333333333333333,5.661290322580645,4.0,43.0,65.0,7.0,4.666666666666667,6.6923076923076925,2.0,52.0,52.0,0,,,,,,
777646,2025-06-04,R,Texas Rangers,Tampa Bay Rays,4,5,1,Kumar Rocker,Shane Baz,6.0,5.666666666666667,2.4545454545454546,4.0,76.0,22.0,42.0,1.6666666666666667,2.059322033898305,2.6666666666666665,37.0,36.0,1,,,,,,
777647,2025-06-04,R,Milwaukee Brewers,Cincinnati Reds,9,1,0,DL Hall,Andrew Abbott,5.0,7.0,6.929203539823009,4.0,52.0,56.0,5.0,3.0,4.365269461077844,2.0,71.0,51.0,0,,,,,,
777648,2025-06-04,R,Houston Astros,Pittsburgh Pirates,0,3,1,Ryan Gusto,Mike Burrows,8.0,3.3333333333333335,4.339285714285714,1.0,51.0,45.0,6.0,3.6666666666666665,6.418032786885246,3.0,51.0,53.0,0,,,,,,
777649,2025-06-04,R,Los Angeles Angels,Boston Red Sox,9,11,1,José Soriano,Lucas Giolito,5.0,4.666666666666667,3.3540372670807455,4.0,53.0,54.0,5.0,6.0,2.589041095890411,5.0,54.0,53.0,0,,,,,,
777650,2025-06-04,R,Chicago Cubs,Washington Nationals,0,2,1,Matthew Boyd,MacKenzie Gore,6.0,6.0,3.923076923076923,4.666666666666667,56.0,51.0,7.0,6.0,0.6044776119402985,3.6666666666666665,58.0,38.0,0,,,,,,
777651,2025-06-04,R,Philadelphia Phillies,Toronto Blue Jays,1,2,1,Mick Abel,José Berríos,6.0,6.0,2.1144578313253013,7.333333333333333,69.0,54.0,17.0,6.0,5.0625,3.0,57.0,63.0,0,,,,,,
777652,2025-06-04,R,Colorado Rockies,Miami Marlins,3,2,0,Kyle Freeland,Cal Quantrill,5.0,5.0,1.7482014388489209,3.0,42.0,46.0,5.0,6.0,1.6643835616438356,6.0,34.0,63.0,0,,,,,,
777653,2025-06-04,R,Cleveland Guardians,New York Yankees,4,0,0,Luis Ortiz,Clarke Schmidt,7.0,6.0,4.991596638655462,2.0,51.0,45.0,5.0,6.0,2.9763779527559056,1.6666666666666667,50.0,46.0,1,,,,,,
777654,2025-06-04,R,Arizona Diamondbacks,Atlanta Braves,2,1,0,Merrill Kelly,Chris Sale,6.0,6.0,3.106194690265487,4.0,41.0,42.0,5.0,5.0,4.839622641509434,2.0,49.0,60.0,0,,,,,,
777628,2025-06-05,R,Baltimore Orioles,Seattle Mariners,4,3,0,Zach Eflin,Bryan Woo,6.0,6.666666666666667,6.048,3.3333333333333335,39.0,63.0,6.0,7.0,6.6902654867256635,3.6666666666666665,47.0,50.0,0,,,,,,
777629,2025-06-05,R,Texas Rangers,Tampa Bay Rays,3,4,1,Jack Leiter,Ryan Pepiot,6.0,6.666666666666667,1.7802197802197801,4.0,73.0,22.0,6.0,5.666666666666667,1.4765625,4.666666666666667,38.0,37.0,1,,,,,,
777630,2025-06-05,R,Houston Astros,Pittsburgh Pirates,8,2,0,Framber Valdez,Mitch Keller,6.0,6.0,4.378378378378378,3.6666666666666665,51.0,44.0,6.0,9.0,5.661290322580645,3.6666666666666665,47.0,48.0,0,,,,,,
777631,2025-06-05,R,New York Mets,Los Angeles Dodgers,5,6,1,David Peterson,Landon Knack,5.0,6.0,3.7302631578947367,4.0,69.0,56.0,6.0,5.666666666666667,2.6619718309859155,3.0,57.0,41.0,0,,,,,,
777632,2025-06-05,R,Chicago Cubs,Washington Nationals,7,1,0,Drew Pomeranz,Jake Irvin,6.0,5.0,3.731707317073171,2.0,58.0,51.0,5.0,1.0,0.648,0.6666666666666666,56.0,39.0,0,,,,,,
777633,2025-06-05,R,San Diego Padres,San Francisco Giants,2,3,1,Dylan Cease,Robbie Ray,5.0,7.0,1.1637931034482758,4.666666666666667,26.0,27.0,5.0,4.666666666666667,1.6770186335403727,2.0,52.0,56.0,0,,,,,,
777634,2025-06-05,R,Detroit Tigers,Chicago White Sox,2,3,1,Casey Mize,Sean Burke,13.0,6.0,3.6486486486486487,8.0,50.0,51.0,6.0,3.3333333333333335,3.6986301369863015,5.333333333333333,48.0,41.0,0,,,,,,
777636,2025-06-05,R,Minnesota Twins,Athletics,3,14,1,David Festa,Mitch Spence,,,8.210526315789474,8.0,49.0,108.0,43.0,4.0,3.2142857142857144,4.0,58.0,42.0,0,,,,,,
777637,2025-06-05,R,Philadelphia Phillies,Toronto Blue Jays,1,9,1,Jesús Luzardo,Chris Bassitt,6.0,5.0,2.076923076923077,3.0,57.0,55.0,5.0,3.3333333333333335,4.928571428571429,3.3333333333333335,49.0,60.0,0,,,,,,
777640,2025-06-05,R,Arizona Diamondbacks,Atlanta Braves,11,10,0,Brandon Pfaadt,Grant Holmes,6.0,5.666666666666667,3.098360655737705,3.0,42.0,44.0,5.0,0.0,4.954128440366972,2.0,50.0,58.0,0,,,,,,
777642,2025-06-05,R,Kansas City Royals,St. Louis Cardinals,5,6,1,Noah Cameron,Miles Mikolas,8.0,4.0,4.935483870967742,0.0,40.0,53.0,8.0,6.333333333333333,3.375,0.0,32.0,40.0,0,,,,,,
777644,2025-06-05,R,Cleveland Guardians,New York Yankees,0,4,1,Slade Cecconi,Max Fried,6.0,5.0,4.846153846153846,3.3333333333333335,47.0,46.0,5.0,4.333333333333333,2.953125,3.3333333333333335,49.0,45.0,1,,,,,,
777635,2025-06-05,R,Kansas City Royals,St. Louis Cardinals,7,5,0,Cole Ragans,Matthew Liberatore,6.0,5.0,4.628571428571429,0.0,46.0,58.0,20.0,5.0,3.9836065573770494,0.0,37.0,46.0,0,,,,,,
777613,2025-06-06,R,Baltimore Orioles,Athletics,4,5,1,Dean Kremer,JP Sears,5.0,5.0,7.137931034482759,4.0,58.0,101.0,6.0,6.0,6.19672131147541,3.0,51.0,53.0,0,,,,,,
777614,2025-06-06,R,Seattle Mariners,Los Angeles Angels,4,5,1,Bryce Miller,Kyle Hendricks,6.0,5.666666666666667,3.0681818181818183,0.0,43.0,54.0,6.0,4.0,5.355371900826446,3.0,40.0,58.0,0,,,,,,
777615,2025-06-06,R,Toronto Blue Jays,Minnesota Twins,6,4,0,Paxton Schultz,Bailey Ober,6.0,4.0,4.079136690647482,4.333333333333333,61.0,56.0,9.0,2.6666666666666665,1.9285714285714286,2.0,59.0,50.0,0,,,,,,
777616,2025-06-06,R,New York Mets,Colorado Rockies,4,2,0,Kodai Senga,Ryan Rolison,,,1.4104477611940298,0.0,32.0,54.0,6.0,6.333333333333333,2.793103448275862,1.0,62.0,47.0,0,,,,,,
777617,2025-06-06,R,San Diego Padres,Milwaukee Brewers,2,0,0,Randy Vásquez,Chad Patrick,6.0,6.0,3.576158940397351,0.0,68.0,39.0,5.0,3.3333333333333335,1.5477707006369428,3.0,48.0,52.0,0,,,,,,
777618,2025-06-06,R,Kansas City Royals,Chicago White Sox,2,7,1,Seth Lugo,Davis Martin,6.0,6.0,3.4394904458598727,3.0,53.0,53.0,7.0,3.3333333333333335,3.4714285714285715,9.333333333333334,44.0,51.0,0,,,,,,
777619,2025-06-06,R,Atlanta Braves,San Francisco Giants,4,5,1,Spencer Schwellenbach,Hayden Birdsong,5.0,5.333333333333333,1.1065573770491803,2.0,29.0,29.0,6.0,6.333333333333333,4.95,5.666666666666667,45.0,47.0,0,,,,,,
777620,2025-06-06,R,Los Angeles Dodgers,St. Louis Cardinals,0,5,1,Justin Wrobleski,Sonny Gray,6.0,7.0,4.05,9.0,51.0,65.0,59.0,5.0,3.514792899408284,5.666666666666667,75.0,61.0,0,,,,,,
777621,2025-06-06,R,Philadelphia Phillies,Pittsburgh Pirates,4,5,1,Joe Ross,Bailey Falter,6.0,6.333333333333333,4.037383177570093,2.6666666666666665,48.0,44.0,,,4.764705882352941,5.666666666666667,48.0,69.0,0,,,,,,
777622,2025-06-06,R,Houston Astros,Cleveland Guardians,4,2,0,Colton Gordon,Logan Allen,12.0,3.6666666666666665,3.2977099236641223,3.0,42.0,49.0,6.0,5.0,6.051724137931035,2.0,46.0,48.0,0,,,,,,
777623,2025-06-06,R,Arizona Diamondbacks,Cincinnati Reds,3,4,1,Eduardo Rodriguez,Nick Lodolo,6.0,6.0,7.646017699115045,0.0,52.0,62.0,23.0,4.0,5.102362204724409,6.0,61.0,68.0,0,,,,,,
777624,2025-06-06,R,Texas Rangers,Washington Nationals,0,2,1,Patrick Corbin,Michael Soroka,6.0,5.333333333333333,4.655172413793103,4.0,51.0,51.0,6.0,5.333333333333333,2.030075187969925,3.6666666666666665,41.0,40.0,0,,,,,,
777625,2025-06-06,R,Miami Marlins,Tampa Bay Rays,3,4,1,Edward Cabrera,Zack Littell,6.0,9.0,1.89,3.0,77.0,25.0,6.0,5.666666666666667,1.9014084507042253,0.0,43.0,47.0,0,,,,,,
777626,2025-06-06,R,Chicago Cubs,Detroit Tigers,1,3,1,Ben Brown,Tarik Skubal,6.0,7.0,3.176470588235294,4.666666666666667,50.0,37.0,12.0,4.333333333333333,0.5436241610738255,8.0,63.0,40.0,0,,,,,,
777627,2025-06-06,R,Boston Red Sox,New York Yankees,6,9,1,Walker Buehler,Will Warren,6.0,1.3333333333333333,4.846153846153846,3.0,50.0,46.0,6.0,5.666666666666667,2.8255813953488373,0.0,63.0,58.0,0,,,,,,
777597,2025-06-07,R,San Diego Padres,Milwaukee Brewers,3,4,1,Stephen Kolek,Jose Quintana,6.0,5.0,3.375,3.0,63.0,35.0,5.0,5.666666666666667,1.5093167701863355,4.333333333333333,48.0,51.0,0,,,,,,
777598,2025-06-07,R,Atlanta Braves,San Francisco Giants,2,3,1,Bryce Elder,Logan Webb,5.0,8.0,1.4538461538461538,5.666666666666667,30.0,33.0,6.0,5.333333333333333,4.536,3.6666666666666665,48.0,50.0,1,,,,,,
777599,2025-06-07,R,Baltimore Orioles,Athletics,7,4,0,Charlie Morton,Luis Severino,5.0,5.666666666666667,6.45,4.0,60.0,101.0,6.0,6.666666666666667,2.231404958677686,2.6666666666666665,50.0,39.0,1,,,,,,
777600,2025-06-07,R,Toronto Blue Jays,Minnesota Twins,5,4,0,Kevin Gausman,Chris Paddack,6.0,8.0,4.4,2.0,62.0,61.0,6.0,4.666666666666667,1.975609756097561,7.0,64.0,51.0,0,,,,,,
777601,2025-06-07,R,Los Angeles Dodgers,St. Louis Cardinals,1,2,1,Yoshinobu Yamamoto,Erick Fedde,6.0,6.0,3.630252100840336,2.6666666666666665,52.0,62.0,6.0,3.6666666666666665,3.612676056338028,2.0,68.0,61.0,1,,,,,,
777603,2025-06-07,R,Seattle Mariners,Los Angeles Angels,6,8,1,Luis Castillo,Jack Kochanowicz,6.0,3.6666666666666665,2.267175572519084,3.0,41.0,54.0,6.0,6.0,5.355371900826446,3.0,39.0,60.0,1,,,,,,
777604,2025-06-07,R,New York Mets,Colorado Rockies,8,1,0,Clay Holmes,Germán Márquez,5.0,5.0,1.9932885906040267,8.0,31.0,56.0,6.0,7.0,2.8536585365853657,3.0,61.0,42.0,0,,,,,,
777605,2025-06-07,R,Boston Red Sox,New York Yankees,10,7,0,Garrett Crochet,Ryan Yarbrough,6.0,6.0,5.262711864406779,3.6666666666666665,57.0,49.0,6.0,7.0,2.6228571428571428,6.0,50.0,62.0,1,,,,,,
777606,2025-06-07,R,Kansas City Royals,Chicago White Sox,1,4,1,Michael Wacha,Adrian Houser,6.0,6.333333333333333,3.4394904458598727,3.0,56.0,54.0,7.0,7.0,3.5625,3.0,45.0,55.0,1,,,,,,
777607,2025-06-07,R,Philadelphia Phillies,Pittsburgh Pirates,1,2,1,Ranger Suarez,Andrew Heaney,6.0,5.666666666666667,3.1621621621621623,5.333333333333333,47.0,43.0,6.0,6.0,4.530201342281879,6.666666666666667,48.0,71.0,1,,,,,,
777608,2025-06-07,R,Houston Astros,Cleveland Guardians,5,3,0,Hunter Brown,Gavin Williams,6.0,6.666666666666667,3.2977099236641223,3.0,41.0,52.0,6.0,6.0,5.684210526315789,4.0,47.0,45.0,0,,,,,,
777609,2025-06-07,R,Chicago Cubs,Detroit Tigers,6,1,0,Jameson Taillon,Tyler Holton,25.0,1.6666666666666667,3.1655172413793102,1.3333333333333333,52.0,35.0,6.0,6.333333333333333,0.39416058394160586,1.0,51.0,37.0,1,,,,,,
777610,2025-06-07,R,Texas Rangers,Washington Nationals,5,0,0,Jacob deGrom,Mitchell Parker,6.0,5.0,3.956896551724138,3.0,53.0,47.0,6.0,6.0,2.1774193548387095,0.0,40.0,38.0,1,,,,,,
777611,2025-06-07,R,Miami Marlins,Tampa Bay Rays,11,10,0,Ryan Weathers,Taj Bradley,6.0,7.0,2.16,3.0,78.0,27.0,6.0,6.0,1.8493150684931507,4.0,42.0,44.0,1,,,,,,
777612,2025-06-07,R,Arizona Diamondbacks,Cincinnati Reds,1,13,1,Ryne Nelson,Nick Martinez,6.0,4.666666666666667,5.154545454545454,4.0,50.0,52.0,12.0,6.666666666666667,5.075187969924812,4.333333333333333,61.0,68.0,0,,,,,,
777582,2025-06-08,R,Los Angeles Dodgers,St. Louis Cardinals,7,3,0,Clayton Kershaw,Michael McGreevy,,,2.8306451612903225,3.6666666666666665,48.0,58.0,5.0,4.666666666666667,3.884892086330935,2.0,67.0,58.0,1,,,,,,
777583,2025-06-08,R,New York Mets,Colorado Rockies,13,5,0,Tylor Megill,Chase Dollander,5.0,3.0,2.3716216216216215,4.0,31.0,51.0,5.0,6.0,2.7421875,3.0,64.0,41.0,0,,,,,,
777585,2025-06-08,R,Toronto Blue Jays,Minnesota Twins,3,6,1,Bowden Francis,Joe Ryan,6.0,5.0,4.813953488372093,3.0,61.0,62.0,5.0,1.6666666666666667,2.1017964071856285,3.0,68.0,52.0,0,,,,,,
777586,2025-06-08,R,San Diego Padres,Milwaukee Brewers,1,0,0,Ryan Bergert,Freddy Peralta,5.0,6.0,3.42,4.0,66.0,36.0,5.0,5.0,1.243421052631579,2.3333333333333335,50.0,48.0,0,,,,,,
777587,2025-06-08,R,Atlanta Braves,San Francisco Giants,3,4,1,Spencer Strider,Landen Roupp,5.0,6.333333333333333,1.2755905511811023,3.0,33.0,32.0,5.0,5.0,5.132231404958677,0.6666666666666666,43.0,52.0,1,,,,,,
777588,2025-06-08,R,Baltimore Orioles,Athletics,1,5,1,Tomoyuki Sugano,Jacob Lopez,10.0,1.6666666666666667,6.171428571428572,3.3333333333333335,58.0,99.0,5.0,7.0,2.025,6.666666666666667,50.0,36.0,1,,,,,,
777589,2025-06-08,R,Seattle Mariners,Los Angeles Angels,3,2,0,George Kirby,Tyler Anderson,6.0,4.333333333333333,2.0,5.666666666666667,47.0,54.0,5.0,5.0,5.661290322580645,3.0,44.0,66.0,1,,,,,,
777590,2025-06-08,R,Kansas City Royals,Chicago White Sox,7,5,0,Michael Lorenzen,Mike Vasil,,,3.3973509933774833,3.0,50.0,50.0,5.0,2.6666666666666665,3.6906474820143886,2.0,42.0,54.0,1,,,,,,
777591,2025-06-08,R,Houston Astros,Cleveland Guardians,2,4,1,Brandon Walter,Tanner Bibee,5.0,6.333333333333333,3.375,4.0,37.0,52.0,19.0,5.0,5.899159663865547,4.666666666666667,50.0,47.0,0,,,,,,
777592,2025-06-08,R,Miami Marlins,Tampa Bay Rays,2,3,1,Anthony Veneziano,Drew Rasmussen,5.0,5.0,2.75,6.0,85.0,37.0,,,2.7,7.0,47.0,52.0,1,,,,,,
777593,2025-06-08,R,Boston Red Sox,New York Yankees,11,7,0,Hunter Dobbins,Carlos Rodón,5.0,7.0,5.2734375,5.0,51.0,58.0,15.0,4.0,2.53125,3.0,53.0,62.0,1,,,,,,
777594,2025-06-08,R,Chicago Cubs,Detroit Tigers,0,4,1,Cade Horton,Jack Flaherty,6.0,6.0,3.176470588235294,7.666666666666667,48.0,34.0,5.0,5.333333333333333,0.40298507462686567,2.0,53.0,32.0,1,,,,,,
777595,2025-06-08,R,Philadelphia Phillies,Pittsburgh Pirates,1,2,1,Cristopher Sánchez,Paul Skenes,5.0,8.0,3.1621621621621623,3.0,47.0,43.0,5.0,6.0,4.669172932330827,1.0,40.0,67.0,1,,,,,,
777596,2025-06-08,R,Texas Rangers,Washington Nationals,4,2,0,Jacob Latz,Trevor Williams,5.0,4.333333333333333,4.426229508196721,3.0,50.0,52.0,,,1.7851239669421488,2.0,40.0,28.0,1,,,,,,
777602,2025-06-08,R,Arizona Diamondbacks,Cincinnati Reds,2,4,1,Zac Gallen,Brady Singer,6.0,5.0,4.458715596330276,3.0,57.0,49.0,5.0,7.0,5.514084507042254,5.0,57.0,75.0,0,,,,,,
777574,2025-06-09,R,Miami Marlins,Pittsburgh Pirates,3,10,1,Eury Pérez,Mike Burrows,5.0,5.333333333333333,2.5714285714285716,1.3333333333333333,44.0,38.0,,,3.0759493670886076,6.0,46.0,55.0,0,,,,,,
777575,2025-06-09,R,Atlanta Braves,Milwaukee Brewers,7,1,0,Chris Sale,Aaron Civale,7.0,5.333333333333333,2.938775510204082,3.0,60.0,32.0,5.0,6.0,4.909090909090909,2.0,43.0,51.0,0,,,,,,
777576,2025-06-09,R,Athletics,Los Angeles Angels,4,7,1,Grant Holman,Yusei Kikuchi,6.0,5.0,1.9424460431654675,4.333333333333333,49.0,54.0,6.0,1.3333333333333333,5.915730337078652,5.0,58.0,96.0,0,,,,,,
777577,2025-06-09,R,Seattle Mariners,Arizona Diamondbacks,4,8,1,Emerson Hancock,Merrill Kelly,5.0,7.0,5.438848920863309,1.3333333333333333,56.0,75.0,5.0,5.666666666666667,5.225806451612903,2.0,44.0,63.0,0,,,,,,
777578,2025-06-09,R,Chicago Cubs,Philadelphia Phillies,3,4,1,Matthew Boyd,Zack Wheeler,11.0,5.333333333333333,4.2631578947368425,1.0,37.0,64.0,5.0,7.333333333333333,0.4186046511627907,3.0,42.0,28.0,0,,,,,,
777579,2025-06-09,R,Los Angeles Dodgers,San Diego Padres,8,7,0,Dustin May,Nick Pivetta,5.0,6.0,1.2516556291390728,3.6666666666666665,46.0,45.0,7.0,6.0,4.096551724137931,4.0,73.0,58.0,0,,,,,,
777580,2025-06-09,R,Cincinnati Reds,Cleveland Guardians,7,4,0,Wade Miley,Luis Ortiz,5.0,5.666666666666667,3.5121951219512195,2.6666666666666665,41.0,49.0,,,2.477064220183486,4.0,53.0,40.0,0,,,,,,
777581,2025-06-09,R,Toronto Blue Jays,St. Louis Cardinals,5,4,0,José Berríos,Andre Pallante,6.0,4.333333333333333,3.4838709677419355,3.0,47.0,62.0,5.0,6.0,1.757396449704142,4.666666666666667,71.0,45.0,0,,,,,,
777584,2025-06-09,R,Tampa Bay Rays,Boston Red Sox,10,8,0,Shane Baz,Brayan Bello,6.0,6.0,2.86875,4.0,63.0,64.0,5.0,5.0,2.675675675675676,3.0,75.0,39.0,0,,,,,,
777557,2025-06-10,R,Texas Rangers,Minnesota Twins,16,4,0,Tyler Mahle,Simeon Woods Richardson,27.0,4.0,3.951219512195122,0.0,64.0,56.0,7.0,5.333333333333333,1.6293103448275863,0.0,38.0,24.0,0,,,,,,
777558,2025-06-10,R,Toronto Blue Jays,St. Louis Cardinals,10,9,0,Chris Bassitt,Miles Mikolas,5.0,6.0,3.826771653543307,4.0,49.0,62.0,5.0,7.0,2.3011363636363638,3.3333333333333335,74.0,48.0,0,,,,,,
777559,2025-06-10,R,Seattle Mariners,Arizona Diamondbacks,3,10,1,Logan Evans,Brandon Pfaadt,5.0,3.0,5.877551020408164,5.0,59.0,79.0,14.0,8.0,5.5928571428571425,5.333333333333333,48.0,71.0,1,,,,,,
777560,2025-06-10,R,Los Angeles Dodgers,San Diego Padres,1,11,1,Lou Trivino III,Dylan Cease,5.0,5.0,1.5677419354838709,6.0,49.0,50.0,,,3.933774834437086,5.0,74.0,63.0,0,,,,,,
777563,2025-06-10,R,San Francisco Giants,Colorado Rockies,6,5,0,Kyle Harrison,Carson Palmquist,9.0,4.666666666666667,3.7762237762237763,0.0,31.0,56.0,6.0,4.333333333333333,1.1637931034482758,0.0,33.0,30.0,0,,,,,,
777564,2025-06-10,R,Athletics,Los Angeles Angels,1,2,1,Mitch Spence,José Soriano,6.0,3.6666666666666665,2.759124087591241,1.6666666666666667,55.0,53.0,5.0,5.0,6.105527638190955,7.0,62.0,103.0,1,,,,,,
777565,2025-06-10,R,Tampa Bay Rays,Boston Red Sox,1,3,1,Ryan Pepiot,Lucas Giolito,6.0,1.6666666666666667,3.176470588235294,4.666666666666667,69.0,71.0,5.0,6.0,3.15,5.666666666666667,78.0,45.0,0,,,,,,
777566,2025-06-10,R,Miami Marlins,Pittsburgh Pirates,3,2,0,Sandy Alcantara,Mitch Keller,5.0,6.333333333333333,2.7,4.666666666666667,54.0,36.0,7.0,6.0,3.9056603773584904,5.0,46.0,61.0,1,,,,,,
777567,2025-06-10,R,Chicago White Sox,Houston Astros,4,2,0,Shane Smith,Lance McCullers Jr.,7.0,6.0,6.451327433628318,0.0,47.0,48.0,7.0,5.333333333333333,3.375,0.0,50.0,50.0,0,,,,,,
777568,2025-06-10,R,Atlanta Braves,Milwaukee Brewers,1,4,1,Grant Holmes,Quinn Priester,17.0,6.0,3.489795918367347,4.333333333333333,58.0,37.0,5.0,3.3333333333333335,4.677165354330708,2.0,50.0,52.0,0,,,,,,
777569,2025-06-10,R,Cincinnati Reds,Cleveland Guardians,1,0,0,Andrew Abbott,Slade Cecconi,5.0,5.0,3.073170731707317,4.333333333333333,43.0,49.0,6.0,6.0,2.347826086956522,4.0,53.0,40.0,0,,,,,,
777570,2025-06-10,R,Washington Nationals,New York Mets,4,5,1,MacKenzie Gore,Griffin Canning,6.0,6.0,3.630252100840336,0.0,72.0,44.0,6.0,7.0,4.464566929133858,0.0,50.0,53.0,0,,,,,,
777571,2025-06-10,R,Chicago Cubs,Philadelphia Phillies,8,4,0,Colin Rea,Mick Abel,6.0,5.333333333333333,4.013513513513513,5.0,41.0,67.0,11.0,5.666666666666667,0.6090225563909775,4.0,42.0,31.0,1,,,,,,
777572,2025-06-10,R,New York Yankees,Kansas City Royals,10,2,0,Max Fried,Noah Cameron,5.0,6.0,4.464566929133858,0.0,43.0,51.0,5.0,6.0,6.75,0.0,48.0,64.0,0,,,,,,
777573,2025-06-10,R,Detroit Tigers,Baltimore Orioles,5,3,0,Brant Hurter,Cade Povich,6.0,5.333333333333333,2.189189189189189,0.0,41.0,38.0,20.0,3.0,3.06,0.0,44.0,33.0,0,,,,,,
777542,2025-06-11,R,Athletics,Los Angeles Angels,5,6,1,JP Sears,Kyle Hendricks,5.0,6.0,2.562043795620438,3.0,55.0,51.0,5.0,5.0,5.969849246231155,4.666666666666667,62.0,94.0,1,,,,,,
777543,2025-06-11,R,Los Angeles Dodgers,San Diego Padres,5,2,0,Ben Casparius,Randy Vásquez,5.0,4.666666666666667,1.8,2.0,52.0,45.0,49.0,2.6666666666666665,5.0625,7.0,66.0,69.0,0,,,,,,
777545,2025-06-11,R,Toronto Blue Jays,St. Louis Cardinals,5,2,0,Eric Lauer,Matthew Liberatore,6.0,4.0,4.604651162790698,4.0,51.0,68.0,19.0,4.333333333333333,2.9653179190751446,2.0,84.0,55.0,0,,,,,,
777547,2025-06-11,R,San Francisco Giants,Colorado Rockies,10,7,0,Robbie Ray,Kyle Freeland,7.0,6.333333333333333,4.2827586206896555,5.0,33.0,58.0,6.0,7.0,1.5491803278688525,4.0,38.0,32.0,0,,,,,,
777548,2025-06-11,R,Seattle Mariners,Arizona Diamondbacks,2,5,1,Bryan Woo,Eduardo Rodriguez,5.0,5.0,4.764705882352941,4.0,63.0,73.0,6.0,6.0,6.472602739726027,3.0,42.0,80.0,1,,,,,,
777549,2025-06-11,R,Cincinnati Reds,Cleveland Guardians,2,11,1,Nick Lodolo,Logan Allen,5.0,6.0,1.975609756097561,4.0,38.0,41.0,5.0,6.0,2.477064220183486,0.0,47.0,38.0,0,,,,,,
777550,2025-06-11,R,Chicago White Sox,Houston Astros,2,10,1,Sean Burke,Ryan Gusto,7.0,4.333333333333333,6.2844827586206895,4.0,38.0,51.0,6.0,7.0,3.331168831168831,3.0,50.0,46.0,0,,,,,,
777551,2025-06-11,R,New York Yankees,Kansas City Royals,6,3,0,Clarke Schmidt,Kris Bubic,10.0,7.0,4.3474576271186445,3.3333333333333335,43.0,54.0,7.0,5.666666666666667,6.2844827586206895,2.0,55.0,64.0,0,,,,,,
777552,2025-06-11,R,Miami Marlins,Pittsburgh Pirates,2,5,1,Cal Quantrill,Bailey Falter,5.0,3.6666666666666665,2.6470588235294117,3.0,47.0,33.0,7.0,5.0,4.032467532467533,3.0,43.0,55.0,1,,,,,,
777553,2025-06-11,R,Chicago Cubs,Philadelphia Phillies,2,7,1,Ben Brown,Jesús Luzardo,6.0,2.3333333333333335,4.733766233766234,5.0,43.0,75.0,5.0,7.0,0.6136363636363636,4.666666666666667,46.0,32.0,1,,,,,,
777554,2025-06-11,R,Atlanta Braves,Milwaukee Brewers,6,2,0,Spencer Schwellenbach,Chad Patrick,5.0,6.0,3.6382978723404253,3.0,57.0,37.0,5.0,6.0,4.752,2.6666666666666665,51.0,54.0,0,,,,,,
777555,2025-06-11,R,Washington Nationals,New York Mets,0,5,1,Jake Irvin,David Peterson,6.0,7.0,3.073170731707317,4.666666666666667,71.0,44.0,6.0,5.0,4.071428571428571,3.0,53.0,49.0,1,,,,,,
777556,2025-06-11,R,Texas Rangers,Minnesota Twins,2,6,1,Jack Leiter,David Festa,6.0,3.6666666666666665,5.31496062992126,4.333333333333333,64.0,70.0,6.0,5.0,1.8,3.3333333333333335,52.0,28.0,0,,,,,,
777561,2025-06-11,R,Tampa Bay Rays,Boston Red Sox,3,4,1,Zack Littell,Walker Buehler,5.0,2.0,2.7,3.0,71.0,67.0,5.0,6.0,2.9008264462809916,2.3333333333333335,77.0,44.0,0,,,,,,
777562,2025-06-11,R,Detroit Tigers,Baltimore Orioles,1,10,1,Casey Mize,Zach Eflin,6.0,6.0,1.1946902654867257,4.333333333333333,40.0,36.0,6.0,4.666666666666667,3.0375,6.333333333333333,46.0,35.0,0,,,,,,
777532,2025-06-12,R,St. Louis Cardinals,Milwaukee Brewers,0,6,1,Sonny Gray,Jacob Misiorowski,,,3.717391304347826,4.0,53.0,38.0,6.0,6.333333333333333,4.714285714285714,4.0,47.0,69.0,0,,,,,,
777533,2025-06-12,R,Texas Rangers,Minnesota Twins,16,3,0,Patrick Corbin,Bailey Ober,6.0,7.0,5.102362204724409,3.0,70.0,67.0,6.0,8.0,1.75,4.0,54.0,32.0,0,,,,,,
777534,2025-06-12,R,San Francisco Giants,Colorado Rockies,7,8,1,Hayden Birdsong,Antonio Senzatela,12.0,4.0,5.625,3.0,39.0,66.0,6.0,4.333333333333333,2.16,5.0,45.0,35.0,0,,,,,,
777536,2025-06-12,R,New York Yankees,Kansas City Royals,1,0,0,Will Warren,Seth Lugo,6.0,5.0,4.137096774193548,4.666666666666667,43.0,58.0,6.0,5.333333333333333,6.75,3.0,60.0,67.0,0,,,,,,
777540,2025-06-12,R,Detroit Tigers,Baltimore Orioles,4,1,0,Tarik Skubal,Keegan Akin,23.0,1.0,1.0093457943925233,2.3333333333333335,46.0,31.0,6.0,7.666666666666667,4.529032258064516,2.6666666666666665,43.0,42.0,0,,,,,,
777541,2025-06-12,R,Pittsburgh Pirates,Chicago Cubs,2,3,1,Andrew Heaney,Jameson Taillon,5.0,7.0,0.8307692307692308,2.3333333333333335,46.0,38.0,5.0,6.0,2.547169811320755,3.6666666666666665,42.0,34.0,0,,,,,,
777544,2025-06-12,R,Washington Nationals,New York Mets,3,4,1,Michael Soroka,Kodai Senga,6.0,6.0,2.5714285714285716,0.0,72.0,35.0,6.0,6.0,4.285714285714286,3.0,44.0,54.0,1,,,,,,
777546,2025-06-12,R,Chicago White Sox,Houston Astros,3,4,1,Davis Martin,Framber Valdez,7.0,7.0,6.2844827586206895,3.0,43.0,50.0,6.0,6.0,3.7549668874172184,4.333333333333333,43.0,52.0,0,,,,,,
777520,2025-06-13,R,Cleveland Guardians,Seattle Mariners,2,7,1,Gavin Williams,Luis Castillo,6.0,5.0,5.785714285714286,0.0,41.0,67.0,6.0,6.0,1.6153846153846154,0.0,42.0,39.0,0,,,,,,
777521,2025-06-13,R,San Diego Padres,Arizona Diamondbacks,1,5,1,Stephen Kolek,Ryne Nelson,6.0,3.0,4.167785234899329,0.0,67.0,65.0,6.0,5.666666666666667,1.98,0.0,46.0,40.0,0,,,,,,
777522,2025-06-13,R,San Francisco Giants,Los Angeles Dodgers,6,2,0,Logan Webb,Yoshinobu Yamamoto,6.0,6.0,3.9036144578313254,0.0,67.0,64.0,6.0,6.0,2.6390977443609023,2.6666666666666665,52.0,43.0,0,,,,,,
777524,2025-06-13,R,Chicago White Sox,Texas Rangers,1,3,1,Adrian Houser,Shawn Armstrong,,,1.575,4.0,70.0,35.0,6.0,6.0,3.611464968152866,2.0,46.0,56.0,0,,,,,,
777525,2025-06-13,R,St. Louis Cardinals,Milwaukee Brewers,2,3,1,Erick Fedde,Freddy Peralta,5.0,6.0,3.42,4.0,59.0,38.0,6.0,5.333333333333333,4.335766423357664,3.6666666666666665,47.0,75.0,1,,,,,,
777526,2025-06-13,R,Pittsburgh Pirates,Chicago Cubs,2,1,0,Paul Skenes,Cade Horton,5.0,5.0,0.782608695652174,2.6666666666666665,49.0,40.0,5.0,7.666666666666667,2.4107142857142856,2.0,44.0,37.0,1,,,,,,
777527,2025-06-13,R,Minnesota Twins,Houston Astros,3,10,1,Chris Paddack,Colton Gordon,7.0,5.0,4.098214285714286,4.0,44.0,40.0,6.0,6.0,6.364285714285714,4.333333333333333,73.0,83.0,0,,,,,,
777528,2025-06-13,R,Tampa Bay Rays,New York Mets,7,5,0,Taj Bradley,Clay Holmes,6.0,6.0,2.8173913043478263,3.3333333333333335,76.0,38.0,6.0,4.0,3.25,0.0,62.0,45.0,0,,,,,,
777529,2025-06-13,R,Athletics,Kansas City Royals,6,4,0,Luis Severino,Michael Wacha,6.0,6.0,3.828358208955224,3.3333333333333335,43.0,59.0,6.0,5.666666666666667,5.934065934065934,0.0,64.0,83.0,0,,,,,,
777530,2025-06-13,R,Miami Marlins,Washington Nationals,11,9,0,Edward Cabrera,Mitchell Parker,6.0,6.0,3.951219512195122,3.0,38.0,55.0,7.0,4.0,4.013513513513513,0.0,35.0,52.0,0,,,,,,
777531,2025-06-13,R,Toronto Blue Jays,Philadelphia Phillies,0,8,1,Kevin Gausman,Ranger Suarez,6.0,7.0,4.373239436619718,0.0,42.0,64.0,6.0,6.0,3.2264150943396226,0.0,75.0,57.0,0,,,,,,
777535,2025-06-13,R,Colorado Rockies,Atlanta Braves,4,12,1,Germán Márquez,Bryce Elder,6.0,8.0,4.59,0.0,44.0,48.0,6.0,5.0,5.09433962264151,5.0,47.0,73.0,0,,,,,,
777537,2025-06-13,R,New York Yankees,Boston Red Sox,1,2,1,Ryan Yarbrough,Garrett Crochet,6.0,6.0,2.486842105263158,0.0,70.0,64.0,6.0,4.0,6.214285714285714,3.3333333333333335,61.0,67.0,0,,,,,,
777538,2025-06-13,R,Cincinnati Reds,Detroit Tigers,5,11,1,Nick Martinez,Brant Hurter,3.0,2.6666666666666665,4.527950310559007,2.0,47.0,43.0,6.0,6.0,3.3157894736842106,0.0,47.0,46.0,0,,,,,,
777539,2025-06-13,R,Los Angeles Angels,Baltimore Orioles,0,2,1,Jack Kochanowicz,Charlie Morton,6.0,2.3333333333333335,1.6488549618320612,8.0,47.0,35.0,6.0,3.3333333333333335,3.0223880597014925,0.0,61.0,55.0,0,,,,,,
777506,2025-06-14,R,San Francisco Giants,Los Angeles Dodgers,5,11,1,Landen Roupp,Clayton Kershaw,6.0,5.0,3.9705882352941178,4.333333333333333,61.0,65.0,6.0,6.0,2.763779527559055,2.0,56.0,45.0,0,,,,,,
777507,2025-06-14,R,Cleveland Guardians,Seattle Mariners,3,4,1,Tanner Bibee,George Kirby,6.0,7.0,4.104,3.0,42.0,57.0,6.0,6.333333333333333,2.025,4.0,43.0,42.0,1,,,,,,
777508,2025-06-14,R,Chicago White Sox,Texas Rangers,4,5,1,Mike Vasil,Jacob deGrom,7.0,7.0,1.4765625,6.0,62.0,35.0,6.0,3.3333333333333335,3.537931034482759,3.0,46.0,57.0,1,,,,,,
777509,2025-06-14,R,Toronto Blue Jays,Philadelphia Phillies,2,3,1,Bowden Francis,Cristopher Sánchez,6.0,7.0,4.2631578947368425,2.0,48.0,58.0,6.0,3.3333333333333335,3.6346153846153846,3.0,64.0,58.0,1,,,,,,
777510,2025-06-14,R,Minnesota Twins,Houston Astros,2,3,1,Joe Ryan,Hunter Brown,7.0,5.333333333333333,4.016528925619835,3.0,52.0,42.0,6.0,5.0,6.041958041958042,4.0,64.0,87.0,1,,,,,,
777511,2025-06-14,R,Athletics,Kansas City Royals,4,0,0,Jacob Lopez,Michael Lorenzen,6.0,6.0,3.5859375,3.6666666666666665,42.0,58.0,6.0,4.0,6.107142857142857,1.3333333333333333,63.0,76.0,0,,,,,,
777512,2025-06-14,R,St. Louis Cardinals,Milwaukee Brewers,8,5,0,Andre Pallante,Jose Quintana,7.0,5.0,3.4468085106382977,3.0,56.0,38.0,5.0,6.0,3.176470588235294,2.6666666666666665,48.0,67.0,1,,,,,,
777513,2025-06-14,R,Pittsburgh Pirates,Chicago Cubs,1,2,1,Mike Burrows,Matthew Boyd,5.0,6.0,0.9574468085106383,4.333333333333333,48.0,36.0,5.0,4.333333333333333,2.4545454545454546,5.0,44.0,35.0,1,,,,,,
777514,2025-06-14,R,Miami Marlins,Washington Nationals,4,3,0,Cade Gibson,Trevor Williams,6.0,4.333333333333333,4.640625,5.666666666666667,38.0,59.0,,,5.084415584415584,6.0,46.0,59.0,0,,,,,,
777515,2025-06-14,R,San Diego Padres,Arizona Diamondbacks,7,8,1,Ryan Bergert,Zac Gallen,6.0,6.666666666666667,3.6241610738255035,4.0,65.0,57.0,6.0,5.333333333333333,1.9539473684210527,3.6666666666666665,44.0,43.0,1,,,,,,
777516,2025-06-14,R,New York Yankees,Boston Red Sox,3,4,1,Carlos Rodón,Hunter Dobbins,6.0,5.0,2.625,1.6666666666666667,67.0,64.0,6.0,5.0,5.5227272727272725,5.0,57.0,61.0,1,,,,,,
777517,2025-06-14,R,Cincinnati Reds,Detroit Tigers,11,1,0,Brady Singer,Jack Flaherty,6.0,6.0,4.792899408284024,8.333333333333334,51.0,43.0,6.0,5.0,4.384615384615385,3.0,46.0,55.0,1,,,,,,
777518,2025-06-14,R,Tampa Bay Rays,New York Mets,8,4,0,Drew Rasmussen,Tylor Megill,6.0,5.0,3.923076923076923,4.0,77.0,43.0,6.0,6.0,2.5384615384615383,5.0,68.0,48.0,0,,,,,,
777519,2025-06-14,R,Los Angeles Angels,Baltimore Orioles,5,6,1,Tyler Anderson,Tomoyuki Sugano,6.0,4.333333333333333,1.3795620437956204,4.0,47.0,34.0,6.0,4.666666666666667,2.7794117647058822,3.6666666666666665,57.0,56.0,1,,,,,,
777523,2025-06-14,R,Colorado Rockies,Atlanta Braves,1,4,1,Chase Dollander,Spencer Strider,6.0,6.0,3.7850467289719627,5.666666666666667,55.0,47.0,6.0,3.0,6.5,3.0,49.0,81.0,1,,,,,,
777491,2025-06-15,R,San Diego Padres,Arizona Diamondbacks,8,2,0,Nick Pivetta,Merrill Kelly,6.0,6.0,3.9461538461538463,2.6666666666666665,66.0,53.0,6.0,4.0,2.5369127516778525,3.3333333333333335,51.0,46.0,1,,,,,,
777492,2025-06-15,R,St. Louis Cardinals,Milwaukee Brewers,2,3,1,Miles Mikolas,Quinn Priester,5.0,6.0,2.589041095890411,4.666666666666667,44.0,39.0,5.0,5.0,3.1875,4.666666666666667,54.0,72.0,1,,,,,,
777493,2025-06-15,R,Chicago White Sox,Texas Rangers,1,2,1,Aaron Civale,Kumar Rocker,11.0,3.3333333333333335,1.8409090909090908,5.0,67.0,37.0,6.0,4.666666666666667,3.7358490566037736,6.666666666666667,48.0,58.0,1,,,,,,
777494,2025-06-15,R,Minnesota Twins,Houston Astros,1,2,1,Simeon Woods Richardson,Brandon Walter,7.0,6.0,1.4086956521739131,2.0,52.0,28.0,5.0,4.666666666666667,6.488372093023256,1.6666666666666667,62.0,85.0,1,,,,,,
777495,2025-06-15,R,Cleveland Guardians,Seattle Mariners,0,6,1,Luis Ortiz,Emerson Hancock,6.0,5.0,4.655172413793103,4.0,41.0,56.0,6.0,4.666666666666667,2.5384615384615383,3.6666666666666665,39.0,41.0,1,,,,,,
777496,2025-06-15,R,Athletics,Kansas City Royals,3,2,0,Jeffrey Springs,Noah Cameron,5.0,5.666666666666667,3.7099236641221376,3.0,41.0,62.0,16.0,2.0,6.0,3.0,60.0,68.0,0,,,,,,
777497,2025-06-15,R,Pittsburgh Pirates,Chicago Cubs,2,3,1,Mitch Keller,Colin Rea,5.0,4.333333333333333,1.0714285714285714,3.0,48.0,37.0,5.0,6.0,2.677685950413223,2.6666666666666665,40.0,37.0,1,,,,,,
777498,2025-06-15,R,San Francisco Giants,Los Angeles Dodgers,4,5,1,Sean Hjelle,Dustin May,6.0,5.0,4.526946107784431,2.0,54.0,68.0,,,3.3986013986013988,6.333333333333333,61.0,55.0,0,,,,,,
777499,2025-06-15,R,Toronto Blue Jays,Philadelphia Phillies,4,11,1,José Berríos,Zack Wheeler,6.0,6.0,3.540983606557377,2.0,44.0,43.0,6.0,6.666666666666667,3.6986301369863015,4.333333333333333,58.0,54.0,1,,,,,,
777500,2025-06-15,R,New York Yankees,Boston Red Sox,0,2,1,Max Fried,Brayan Bello,6.0,6.333333333333333,3.143835616438356,3.0,71.0,62.0,5.0,7.0,3.5702479338842976,3.0,58.0,47.0,1,,,,,,
777501,2025-06-15,R,Los Angeles Angels,Baltimore Orioles,2,11,1,Yusei Kikuchi,Scott Blewett,54.0,3.0,1.5319148936170213,4.333333333333333,49.0,37.0,6.0,7.333333333333333,2.152173913043478,3.0,57.0,55.0,1,,,,,,
777502,2025-06-15,R,Tampa Bay Rays,New York Mets,9,0,0,Shane Baz,Griffin Canning,5.0,5.333333333333333,3.888,5.333333333333333,73.0,49.0,6.0,5.333333333333333,2.302325581395349,4.0,60.0,49.0,0,,,,,,
777503,2025-06-15,R,Miami Marlins,Washington Nationals,3,1,0,Eury Pérez,MacKenzie Gore,5.0,6.0,4.21875,3.6666666666666665,30.0,56.0,6.0,3.0,4.982142857142857,8.0,49.0,62.0,0,,,,,,
777504,2025-06-15,R,Colorado Rockies,Atlanta Braves,10,1,0,Austin Gomber,Grant Holmes,5.0,5.333333333333333,3.75,3.0,54.0,48.0,,,6.576923076923077,2.0,48.0,77.0,1,,,,,,
777505,2025-06-15,R,Cincinnati Reds,Detroit Tigers,8,4,0,Wade Miley,Tyler Holton,8.0,1.3333333333333333,4.977653631284916,4.333333333333333,52.0,53.0,6.0,5.0,3.825,3.0,57.0,54.0,1,,,,,,
777483,2025-06-16,R,Philadelphia Phillies,Miami Marlins,5,2,0,Mick Abel,Sandy Alcantara,6.0,6.0,4.810344827586207,5.0,50.0,59.0,6.0,4.0,3.762295081967213,3.0,53.0,42.0,0,,,,,,
777484,2025-06-16,R,Baltimore Orioles,Tampa Bay Rays,1,7,1,Zach Eflin,Ryan Pepiot,6.0,5.666666666666667,2.2330827067669174,2.3333333333333335,69.0,48.0,5.0,6.666666666666667,1.2352941176470589,6.333333333333333,57.0,37.0,0,,,,,,
777485,2025-06-16,R,Houston Astros,Athletics,1,3,1,Ryan Gusto,Mitch Spence,6.0,5.0,5.2105263157894735,3.0,59.0,62.0,5.0,6.0,1.396551724137931,3.3333333333333335,53.0,29.0,0,,,,,,
777486,2025-06-16,R,Boston Red Sox,Seattle Mariners,2,0,0,Lucas Giolito,Logan Gilbert,52.0,3.0,4.539823008849558,2.0,45.0,55.0,6.0,6.0,3.143835616438356,2.0,70.0,61.0,0,,,,,,
777487,2025-06-16,R,Los Angeles Angels,New York Yankees,1,0,0,José Soriano,Clarke Schmidt,5.0,6.0,3.2869565217391306,1.0,51.0,46.0,6.0,7.0,3.477272727272727,2.3333333333333335,57.0,62.0,0,,,,,,
777488,2025-06-16,R,Colorado Rockies,Washington Nationals,6,4,0,Carson Palmquist,Jake Irvin,5.0,5.0,4.4296875,3.0,30.0,56.0,6.0,4.0,6.493670886075949,4.0,55.0,73.0,0,,,,,,
777490,2025-06-16,R,San Diego Padres,Los Angeles Dodgers,3,6,1,Dylan Cease,Shohei Ohtani,,,4.3875,3.0,56.0,65.0,6.0,7.0,2.739130434782609,2.0,53.0,44.0,0,,,,,,
777467,2025-06-17,R,St. Louis Cardinals,Chicago White Sox,12,2,0,Matthew Liberatore,Shane Smith,7.0,6.0,2.606896551724138,0.0,46.0,44.0,6.0,5.0,3.0,0.0,55.0,67.0,0,,,,,,
777468,2025-06-17,R,Kansas City Royals,Texas Rangers,6,1,0,Seth Lugo,Jack Leiter,6.0,4.0,2.0,0.0,61.0,37.0,5.0,5.666666666666667,4.138686131386861,0.0,43.0,64.0,0,,,,,,
777469,2025-06-17,R,Houston Astros,Athletics,13,3,0,Jason Alexander,JP Sears,6.0,5.333333333333333,4.838150289017341,4.0,58.0,53.0,,,1.728,3.0,54.0,32.0,1,,,,,,
777471,2025-06-17,R,San Diego Padres,Los Angeles Dodgers,6,8,1,Randy Vásquez,Jack Dreyer,29.0,2.0,4.238372093023256,8.0,59.0,64.0,6.0,4.666666666666667,2.8208955223880596,3.0,55.0,50.0,1,,,,,,
777472,2025-06-17,R,Cleveland Guardians,San Francisco Giants,3,2,0,Slade Cecconi,Robbie Ray,6.0,4.0,3.884892086330935,0.0,61.0,57.0,7.0,5.0,2.560344827586207,0.0,35.0,45.0,0,,,,,,
777473,2025-06-17,R,Boston Red Sox,Seattle Mariners,0,8,1,Walker Buehler,Bryan Woo,6.0,6.0,4.104,4.0,45.0,57.0,6.0,7.0,3.2977099236641223,3.0,66.0,54.0,0,,,,,,
777475,2025-06-17,R,Pittsburgh Pirates,Detroit Tigers,3,7,1,Bailey Falter,Casey Mize,6.0,5.333333333333333,5.370165745856354,0.0,42.0,60.0,6.0,5.333333333333333,1.7419354838709677,0.0,38.0,34.0,0,,,,,,
777476,2025-06-17,R,Los Angeles Angels,New York Yankees,4,0,0,Kyle Hendricks,Will Warren,5.0,5.666666666666667,3.024,3.3333333333333335,51.0,47.0,6.0,6.0,3.3230769230769233,4.0,51.0,56.0,0,,,,,,
777477,2025-06-17,R,Baltimore Orioles,Tampa Bay Rays,5,1,0,Dean Kremer,Zack Littell,6.0,6.0,2.1838235294117645,1.0,76.0,49.0,11.0,5.333333333333333,1.1666666666666667,3.0,58.0,44.0,1,,,,,,
777478,2025-06-17,R,Minnesota Twins,Cincinnati Reds,5,6,1,David Festa,Andrew Abbott,7.0,9.0,4.663636363636364,0.0,60.0,48.0,6.0,6.0,6.438461538461539,0.0,52.0,81.0,0,,,,,,
777479,2025-06-17,R,Arizona Diamondbacks,Toronto Blue Jays,4,5,1,Brandon Pfaadt,Chris Bassitt,7.0,7.0,4.531468531468532,0.0,54.0,61.0,7.0,5.0,4.813953488372093,0.0,65.0,60.0,0,,,,,,
777480,2025-06-17,R,Colorado Rockies,Washington Nationals,10,6,0,Antonio Senzatela,Michael Soroka,5.0,5.0,4.7299270072992705,3.0,34.0,62.0,5.0,4.0,6.452830188679245,4.333333333333333,55.0,73.0,0,,,,,,
777481,2025-06-17,R,Philadelphia Phillies,Miami Marlins,3,8,1,Jesús Luzardo,Cal Quantrill,6.0,5.0,5.120689655172414,4.0,48.0,58.0,6.0,6.0,3.626865671641791,4.0,58.0,44.0,0,,,,,,
777482,2025-06-17,R,Milwaukee Brewers,Chicago Cubs,3,5,1,Chad Patrick,Ben Brown,6.0,5.666666666666667,0.8307692307692308,0.0,44.0,36.0,6.0,5.0,3.0681818181818183,0.0,39.0,37.0,0,,,,,,
777489,2025-06-17,R,New York Mets,Atlanta Braves,4,5,1,David Peterson,Spencer Schwellenbach,6.0,9.0,5.6571428571428575,0.0,54.0,55.0,6.0,9.0,4.3474576271186445,0.0,64.0,52.0,0,,,,,,
777453,2025-06-18,R,Boston Red Sox,Seattle Mariners,3,1,0,Garrett Crochet,Luis Castillo,5.0,6.0,3.630252100840336,2.0,52.0,52.0,5.0,8.333333333333334,3.2481203007518795,4.666666666666667,63.0,58.0,0,,,,,,
777454,2025-06-18,R,Cleveland Guardians,San Francisco Giants,4,2,0,Logan Allen,Justin Verlander,31.0,4.0,3.5474452554744524,3.0,61.0,57.0,7.0,6.0,2.4146341463414633,4.0,36.0,44.0,0,,,,,,
777456,2025-06-18,R,Houston Astros,Athletics,11,4,0,Framber Valdez,Luis Severino,5.0,7.666666666666667,4.203592814371257,5.666666666666667,58.0,56.0,6.0,5.0,1.728,3.0,64.0,35.0,1,,,,,,
777457,2025-06-18,R,San Diego Padres,Los Angeles Dodgers,3,4,1,Stephen Kolek,Emmet Sheehan,,,4.88135593220339,7.0,61.0,65.0,5.0,4.333333333333333,4.0078125,3.0,58.0,56.0,1,,,,,,
777460,2025-06-18,R,Kansas City Royals,Texas Rangers,6,3,0,Kris Bubic,Patrick Corbin,6.0,5.0,1.7737226277372262,3.3333333333333335,61.0,38.0,7.0,4.333333333333333,4.464566929133858,3.0,39.0,58.0,0,,,,,,
777461,2025-06-18,R,Colorado Rockies,Washington Nationals,3,1,0,Germán Márquez,Mitchell Parker,5.0,3.3333333333333335,5.7272727272727275,3.0,37.0,64.0,5.0,5.0,7.588235294117647,4.0,62.0,77.0,0,,,,,,
777462,2025-06-18,R,Arizona Diamondbacks,Toronto Blue Jays,1,8,1,Eduardo Rodriguez,Eric Lauer,7.0,4.333333333333333,4.984615384615385,3.0,56.0,57.0,7.0,6.333333333333333,5.2781954887218046,3.3333333333333335,61.0,62.0,1,,,,,,
777463,2025-06-18,R,Baltimore Orioles,Tampa Bay Rays,8,12,1,Trevor Rogers,Taj Bradley,5.0,4.0,2.43609022556391,3.0,72.0,53.0,25.0,6.333333333333333,1.125,4.0,58.0,44.0,1,,,,,,
777465,2025-06-18,R,Philadelphia Phillies,Miami Marlins,4,2,0,Ranger Suarez,Adam Mazur,,,4.8,5.0,54.0,58.0,5.0,7.0,3.828358208955224,3.0,53.0,49.0,0,,,,,,
777466,2025-06-18,R,Los Angeles Angels,New York Yankees,3,2,0,Jack Kochanowicz,Ryan Yarbrough,5.0,4.666666666666667,2.7421875,3.0,48.0,49.0,5.0,4.333333333333333,3.4838709677419355,3.0,51.0,53.0,0,,,,,,
777470,2025-06-18,R,New York Mets,Atlanta Braves,0,5,1,Paul Blackburn,Chris Sale,9.0,7.0,5.029411764705882,3.0,56.0,51.0,16.0,5.0,4.422413793103448,2.6666666666666665,63.0,51.0,1,,,,,,
777474,2025-06-18,R,Minnesota Twins,Cincinnati Reds,2,4,1,Bailey Ober,Nick Lodolo,7.0,3.3333333333333335,4.75,3.3333333333333335,62.0,51.0,6.0,4.666666666666667,6.595419847328245,4.333333333333333,47.0,84.0,1,,,,,,
777440,2025-06-19,R,Cleveland Guardians,San Francisco Giants,1,2,1,Gavin Williams,Logan Webb,6.0,7.0,3.573529411764706,4.333333333333333,57.0,56.0,6.0,4.0,2.3951612903225805,3.6666666666666665,36.0,46.0,0,,,,,,
777441,2025-06-19,R,Houston Astros,Athletics,4,6,1,Colton Gordon,Jacob Lopez,5.0,6.0,5.4,4.0,61.0,61.0,6.0,6.0,2.1951219512195124,3.0,75.0,36.0,1,,,,,,
777442,2025-06-19,R,San Diego Padres,Los Angeles Dodgers,5,3,0,Ryan Bergert,Yoshinobu Yamamoto,6.0,4.666666666666667,4.5,5.0,64.0,62.0,5.0,5.0,4.0078125,2.0,56.0,54.0,1,,,,,,
777443,2025-06-19,R,Kansas City Royals,Texas Rangers,4,1,0,Michael Wacha,Shawn Armstrong,6.0,3.0,2.2,4.0,60.0,39.0,6.0,5.333333333333333,4.108695652173913,3.6666666666666665,45.0,61.0,0,,,,,,
777444,2025-06-19,R,Philadelphia Phillies,Miami Marlins,2,1,0,Cristopher Sánchez,Edward Cabrera,6.0,3.0,4.702247191011236,3.3333333333333335,54.0,59.0,5.0,7.0,3.9461538461538463,2.0,56.0,49.0,0,,,,,,
777445,2025-06-19,R,Colorado Rockies,Washington Nationals,3,4,1,Chase Dollander,Trevor Williams,5.0,5.333333333333333,6.0,3.0,36.0,67.0,5.0,6.0,7.664516129032258,3.3333333333333335,62.0,76.0,0,,,,,,
777446,2025-06-19,R,Baltimore Orioles,Tampa Bay Rays,4,1,0,Charlie Morton,Drew Rasmussen,5.0,5.0,2.4375,7.666666666666667,79.0,57.0,6.0,5.0,2.4827586206896552,5.666666666666667,63.0,54.0,1,,,,,,
777447,2025-06-19,R,St. Louis Cardinals,Chicago White Sox,5,4,0,Erick Fedde,Sean Burke,8.0,3.6666666666666665,3.9193548387096775,0.0,36.0,50.0,6.0,5.333333333333333,2.5251798561151078,0.0,60.0,59.0,0,,,,,,
777448,2025-06-19,R,Arizona Diamondbacks,Toronto Blue Jays,9,5,0,Ryne Nelson,Kevin Gausman,6.0,5.0,4.87218045112782,4.0,62.0,57.0,6.0,5.0,6.109489051094891,3.3333333333333335,60.0,69.0,1,,,,,,
777449,2025-06-19,R,Los Angeles Angels,New York Yankees,3,7,1,Tyler Anderson,Carlos Rodón,5.0,5.0,2.7209302325581395,3.6666666666666665,50.0,48.0,5.0,5.0,3.12396694214876,3.6666666666666665,45.0,44.0,0,,,,,,
777450,2025-06-19,R,Milwaukee Brewers,Chicago Cubs,8,7,0,Freddy Peralta,Jameson Taillon,7.0,6.333333333333333,1.0465116279069768,0.0,41.0,34.0,6.0,6.0,3.230769230769231,0.0,31.0,37.0,1,,,,,,
777451,2025-06-19,R,Pittsburgh Pirates,Detroit Tigers,2,9,1,Andrew Heaney,Tarik Skubal,7.0,7.0,4.909090909090909,0.0,43.0,51.0,7.0,6.0,2.26890756302521,0.0,38.0,38.0,1,,,,,,
777452,2025-06-19,R,Minnesota Twins,Cincinnati Reds,12,5,0,Chris Paddack,Nick Martinez,6.0,5.0,4.090909090909091,0.0,65.0,44.0,6.0,4.0,7.260504201680672,0.0,43.0,87.0,1,,,,,,
777455,2025-06-19,R,New York Mets,Atlanta Braves,1,7,1,Clay Holmes,Spencer Strider,5.0,6.0,5.170212765957447,0.3333333333333333,60.0,49.0,6.0,5.0,4.275,4.333333333333333,57.0,55.0,1,,,,,,
777458,2025-06-19,R,St. Louis Cardinals,Chicago White Sox,8,6,0,Michael McGreevy,Mike Vasil,5.0,4.0,4.0,0.0,40.0,55.0,11.0,6.0,2.6821192052980134,0.0,65.0,63.0,0,,,,,,
777464,2025-06-19,R,Pittsburgh Pirates,Detroit Tigers,8,4,0,Paul Skenes,Tyler Holton,4.0,1.0,4.609756097560975,0.0,52.0,53.0,6.0,5.0,2.4732824427480917,0.0,40.0,47.0,1,,,,,,
777425,2025-06-20,R,Boston Red Sox,San Francisco Giants,7,5,0,Hunter Dobbins,Hayden Birdsong,8.0,6.0,3.573529411764706,2.0,56.0,55.0,6.0,6.0,3.15,0.0,55.0,50.0,0,,,,,,
777426,2025-06-20,R,Kansas City Royals,San Diego Padres,6,5,0,Michael Lorenzen,Nick Pivetta,5.0,7.0,4.5,4.333333333333333,59.0,54.0,6.0,6.0,3.857142857142857,3.0,37.0,51.0,0,,,,,,
777427,2025-06-20,R,Washington Nationals,Los Angeles Dodgers,5,6,1,MacKenzie Gore,Clayton Kershaw,6.0,7.0,4.894736842105263,2.6666666666666665,61.0,62.0,5.0,6.0,5.014285714285714,5.666666666666667,39.0,63.0,0,,,,,,
777428,2025-06-20,R,Houston Astros,Los Angeles Angels,3,2,0,Hunter Brown,Yusei Kikuchi,5.0,5.666666666666667,3.6141732283464565,2.0,48.0,51.0,6.0,7.0,2.4923076923076923,4.333333333333333,71.0,40.0,0,,,,,,
777429,2025-06-20,R,Cleveland Guardians,Athletics,1,5,1,Tanner Bibee,Jeffrey Springs,5.0,6.0,5.574193548387097,4.0,53.0,62.0,6.0,5.0,2.4545454545454546,2.0,37.0,44.0,0,,,,,,
777430,2025-06-20,R,Arizona Diamondbacks,Colorado Rockies,14,8,0,Zac Gallen,Austin Gomber,5.0,5.0,7.189349112426036,4.666666666666667,65.0,80.0,6.0,6.333333333333333,6.27906976744186,3.3333333333333335,58.0,64.0,0,,,,,,
777431,2025-06-20,R,Detroit Tigers,Tampa Bay Rays,8,14,1,Jack Flaherty,Shane Baz,5.0,6.666666666666667,2.589041095890411,3.6666666666666665,76.0,58.0,6.0,4.666666666666667,4.909090909090909,12.0,54.0,58.0,0,,,,,,
777432,2025-06-20,R,Texas Rangers,Pittsburgh Pirates,6,2,0,Jacob deGrom,Mike Burrows,6.0,5.333333333333333,2.4,8.0,46.0,43.0,6.0,6.0,1.8243243243243243,8.0,58.0,39.0,0,,,,,,
777433,2025-06-20,R,Cincinnati Reds,St. Louis Cardinals,1,6,1,Brady Singer,Andre Pallante,6.0,4.333333333333333,3.6906474820143886,9.0,62.0,57.0,6.0,6.0,4.576271186440678,6.333333333333333,70.0,56.0,0,,,,,,
777434,2025-06-20,R,Milwaukee Brewers,Minnesota Twins,17,6,0,Jacob Misiorowski,Joe Ryan,6.0,7.0,6.177966101694915,4.0,52.0,78.0,8.0,5.0,3.7674418604651163,4.0,39.0,44.0,0,,,,,,
777435,2025-06-20,R,Chicago White Sox,Toronto Blue Jays,7,1,0,Grant Taylor,Spencer Turnbull,,,4.9787234042553195,4.666666666666667,58.0,65.0,,,3.910344827586207,10.0,43.0,61.0,0,,,,,,
777436,2025-06-20,R,Seattle Mariners,Chicago Cubs,9,4,0,George Kirby,Matthew Boyd,6.0,6.0,1.8,5.0,41.0,41.0,6.0,5.0,3.467889908256881,0.0,48.0,48.0,0,,,,,,
777437,2025-06-20,R,New York Mets,Philadelphia Phillies,2,10,1,Blade Tidwell,Zack Wheeler,5.0,6.0,4.189655172413793,1.0,57.0,41.0,47.0,3.6666666666666665,4.677165354330708,3.3333333333333335,53.0,56.0,0,,,,,,
777438,2025-06-20,R,Baltimore Orioles,New York Yankees,5,3,0,Tomoyuki Sugano,Max Fried,5.0,7.0,2.7209302325581395,3.0,53.0,51.0,6.0,4.666666666666667,2.4827586206896552,3.0,63.0,52.0,0,,,,,,
777439,2025-06-20,R,Atlanta Braves,Miami Marlins,2,6,1,Didier Fuentes,Janson Junk,,,4.645161290322581,2.6666666666666665,55.0,61.0,,,3.13953488372093,3.0,57.0,39.0,0,,,,,,
777410,2025-06-21,R,Arizona Diamondbacks,Colorado Rockies,5,3,0,Merrill Kelly,Carson Palmquist,5.0,4.666666666666667,7.860759493670886,4.333333333333333,71.0,90.0,6.0,5.0,6.328125,4.0,69.0,68.0,0,,,,,,
777411,2025-06-21,R,Cleveland Guardians,Athletics,4,2,0,Luis Ortiz,Mitch Spence,5.0,5.0,5.837837837837838,1.6666666666666667,53.0,59.0,6.0,6.0,2.6517857142857144,0.0,36.0,45.0,1,,,,,,
777412,2025-06-21,R,Milwaukee Brewers,Minnesota Twins,9,0,0,Jose Quintana,Simeon Woods Richardson,6.0,5.0,8.78048780487805,3.6666666666666665,54.0,89.0,7.0,4.333333333333333,3.9767441860465116,3.0,56.0,48.0,0,,,,,,
777413,2025-06-21,R,Kansas City Royals,San Diego Padres,1,5,1,Noah Cameron,Dylan Cease,5.0,5.0,4.909090909090909,4.333333333333333,62.0,60.0,6.0,5.0,3.793388429752066,3.6666666666666665,41.0,49.0,0,,,,,,
777414,2025-06-21,R,Houston Astros,Los Angeles Angels,1,9,1,Brandon Walter,José Soriano,5.0,7.0,3.6141732283464565,3.0,45.0,50.0,6.0,6.666666666666667,2.43609022556391,5.0,70.0,40.0,0,,,,,,
777415,2025-06-21,R,Cincinnati Reds,St. Louis Cardinals,5,6,1,Brent Suter,Sonny Gray,9.0,4.333333333333333,3.857142857142857,3.0,63.0,58.0,35.0,3.0,5.303571428571429,2.0,67.0,59.0,1,,,,,,
777416,2025-06-21,R,Washington Nationals,Los Angeles Dodgers,7,3,0,Jake Irvin,Dustin May,6.0,6.0,5.033898305084746,4.0,67.0,62.0,5.0,6.0,5.086956521739131,2.3333333333333335,42.0,69.0,1,,,,,,
777417,2025-06-21,R,Boston Red Sox,San Francisco Giants,2,3,1,Brayan Bello,Landen Roupp,7.0,1.6666666666666667,3.654135338345865,4.666666666666667,56.0,58.0,6.0,7.0,2.769230769230769,5.0,56.0,46.0,0,,,,,,
777418,2025-06-21,R,Chicago White Sox,Toronto Blue Jays,1,7,1,Aaron Civale,José Berríos,6.0,4.666666666666667,5.361702127659575,7.0,53.0,68.0,6.0,5.0,3.7125,8.0,43.0,60.0,0,,,,,,
777419,2025-06-21,R,Seattle Mariners,Chicago Cubs,7,10,1,Emerson Hancock,Cade Horton,8.0,5.666666666666667,2.9302325581395348,4.0,44.0,47.0,6.0,7.0,3.375,4.0,53.0,47.0,0,,,,,,
777420,2025-06-21,R,Detroit Tigers,Tampa Bay Rays,3,8,1,Brant Hurter,Ryan Pepiot,5.0,8.0,2.7364864864864864,3.6666666666666665,86.0,63.0,8.0,0.6666666666666666,5.285714285714286,5.666666666666667,59.0,71.0,1,,,,,,
777421,2025-06-21,R,Texas Rangers,Pittsburgh Pirates,3,2,0,Kumar Rocker,Mitch Keller,6.0,6.0,2.8636363636363638,4.333333333333333,43.0,45.0,6.0,5.0,1.7197452229299364,3.0,64.0,39.0,0,,,,,,
777422,2025-06-21,R,Baltimore Orioles,New York Yankees,0,9,1,Zach Eflin,Clarke Schmidt,5.0,7.666666666666667,2.763779527559055,3.0,47.0,50.0,5.0,5.0,2.3736263736263736,5.333333333333333,64.0,50.0,0,,,,,,
777423,2025-06-21,R,New York Mets,Philadelphia Phillies,11,4,0,Griffin Canning,Mick Abel,5.0,5.0,4.0,4.0,63.0,38.0,6.0,4.333333333333333,5.977099236641221,4.333333333333333,51.0,64.0,1,,,,,,
777424,2025-06-21,R,Atlanta Braves,Miami Marlins,7,0,0,Grant Holmes,Eury Pérez,6.0,4.0,4.645161290322581,4.0,58.0,59.0,6.0,6.333333333333333,3.857142857142857,3.0,55.0,40.0,1,,,,,,
777395,2025-06-22,R,Boston Red Sox,San Francisco Giants,5,9,1,Lucas Giolito,Robbie Ray,5.0,6.0,4.06015037593985,3.0,56.0,58.0,6.0,6.0,2.6052631578947367,2.0,48.0,42.0,0,,,,,,
777396,2025-06-22,R,Kansas City Royals,San Diego Padres,2,3,1,Seth Lugo,Randy Vásquez,5.0,5.0,4.5,2.3333333333333335,64.0,57.0,5.0,6.0,4.170731707317073,2.6666666666666665,41.0,50.0,0,,,,,,
777397,2025-06-22,R,Houston Astros,Los Angeles Angels,8,7,0,Ryan Gusto,Kyle Hendricks,5.0,6.0,3.4615384615384617,2.3333333333333335,46.0,45.0,6.0,5.0,2.592,2.0,66.0,46.0,0,,,,,,
777398,2025-06-22,R,Washington Nationals,Los Angeles Dodgers,7,13,1,Michael Soroka,Shohei Ohtani,6.0,1.0,5.25,3.0,69.0,67.0,5.0,6.0,4.628571428571429,3.6666666666666665,49.0,67.0,1,,,,,,
777399,2025-06-22,R,Arizona Diamondbacks,Colorado Rockies,2,4,1,Brandon Pfaadt,Antonio Senzatela,5.0,5.0,7.37888198757764,5.0,73.0,87.0,5.0,5.0,5.311475409836065,3.0,73.0,58.0,0,,,,,,
777400,2025-06-22,R,Cleveland Guardians,Athletics,3,0,0,Slade Cecconi,JP Sears,5.0,3.3333333333333335,5.543046357615894,4.333333333333333,51.0,56.0,5.0,5.0,2.9724770642201834,3.0,37.0,42.0,1,,,,,,
777401,2025-06-22,R,Milwaukee Brewers,Minnesota Twins,9,8,0,Quinn Priester,Danny Coulombe,,,8.78048780487805,3.0,50.0,93.0,7.0,6.0,3.642857142857143,3.0,61.0,45.0,0,,,,,,
777402,2025-06-22,R,Atlanta Braves,Miami Marlins,3,5,1,Bryce Elder,Sandy Alcantara,6.0,5.0,4.550561797752809,4.333333333333333,47.0,56.0,9.0,3.3333333333333335,2.9347826086956523,3.3333333333333335,60.0,37.0,1,,,,,,
777403,2025-06-22,R,Seattle Mariners,Chicago Cubs,14,6,0,Logan Gilbert,Colin Rea,7.0,6.0,2.9779411764705883,4.333333333333333,48.0,53.0,6.0,5.0,3.0521739130434784,4.0,54.0,49.0,0,,,,,,
777404,2025-06-22,R,Texas Rangers,Pittsburgh Pirates,3,8,1,Jack Leiter,Bailey Falter,5.0,5.0,2.8421052631578947,3.3333333333333335,43.0,47.0,5.0,5.666666666666667,1.6666666666666667,3.6666666666666665,62.0,41.0,0,,,,,,
777405,2025-06-22,R,New York Mets,Philadelphia Phillies,1,7,1,David Peterson,Jesús Luzardo,5.0,5.0,5.048780487804878,6.0,66.0,47.0,5.0,7.0,5.843283582089552,4.0,54.0,67.0,1,,,,,,
777406,2025-06-22,R,Baltimore Orioles,New York Yankees,2,4,1,Dean Kremer,Will Warren,5.0,6.0,2.516949152542373,2.0,49.0,40.0,5.0,5.0,2.7457627118644066,5.0,57.0,55.0,0,,,,,,
777407,2025-06-22,R,Cincinnati Reds,St. Louis Cardinals,4,1,0,Andrew Abbott,Miles Mikolas,7.0,6.0,4.224489795918367,6.0,67.0,62.0,5.0,5.666666666666667,5.232558139534884,8.666666666666666,59.0,64.0,1,,,,,,
777408,2025-06-22,R,Chicago White Sox,Toronto Blue Jays,4,2,0,Adrian Houser,Chris Bassitt,5.0,6.0,5.360294117647059,1.3333333333333333,55.0,65.0,9.0,5.0,4.207792207792208,1.0,40.0,66.0,0,,,,,,
777409,2025-06-22,R,Detroit Tigers,Tampa Bay Rays,9,3,0,Casey Mize,Zack Littell,5.0,6.0,2.6619718309859155,4.0,84.0,55.0,5.0,6.0,5.170212765957447,7.333333333333333,61.0,73.0,1,,,,,,
777381,2025-06-23,R,Boston Red Sox,Los Angeles Angels,5,9,1,Walker Buehler,Jack Kochanowicz,5.0,5.333333333333333,4.189655172413793,4.0,51.0,50.0,6.0,3.3333333333333335,2.25,2.0,42.0,44.0,0,,,,,,
777382,2025-06-23,R,Washington Nationals,San Diego Padres,10,6,0,Mitchell Parker,Stephen Kolek,5.0,6.333333333333333,4.677165354330708,2.0,66.0,59.0,5.0,6.0,6.447761194029851,2.6666666666666665,54.0,76.0,0,,,,,,
777388,2025-06-23,R,Seattle Mariners,Minnesota Twins,11,2,0,Bryan Woo,Bailey Ober,5.0,5.666666666666667,9.6,8.0,52.0,99.0,6.0,7.0,3.347107438016529,4.0,65.0,53.0,0,,,,,,
777389,2025-06-23,R,Atlanta Braves,New York Mets,3,2,0,Spencer Schwellenbach,Paul Blackburn,5.0,3.6666666666666665,5.641791044776119,4.0,42.0,69.0,6.0,7.0,2.872340425531915,2.6666666666666665,60.0,38.0,0,,,,,,
777390,2025-06-23,R,New York Yankees,Cincinnati Reds,1,6,1,Allan Winans,Nick Lodolo,5.0,6.0,5.487804878048781,2.0,59.0,63.0,,,1.1842105263157894,2.6666666666666665,46.0,31.0,0,,,,,,
777391,2025-06-23,R,Pittsburgh Pirates,Milwaukee Brewers,5,4,0,Braxton Ashcraft,Chad Patrick,6.0,5.0,4.231343283582089,5.666666666666667,70.0,52.0,,,2.7,3.6666666666666665,49.0,49.0,0,,,,,,
777392,2025-06-23,R,Chicago Cubs,St. Louis Cardinals,2,8,1,Ben Brown,Matthew Liberatore,6.0,6.0,3.78,4.0,65.0,59.0,6.0,5.0,4.304347826086956,3.6666666666666665,54.0,63.0,0,,,,,,
777393,2025-06-23,R,Arizona Diamondbacks,Chicago White Sox,10,0,0,Eduardo Rodriguez,Shane Smith,6.0,4.333333333333333,3.537931034482759,2.6666666666666665,39.0,61.0,5.0,4.666666666666667,5.102362204724409,3.0,73.0,58.0,0,,,,,,
777394,2025-06-23,R,Texas Rangers,Baltimore Orioles,0,6,1,Patrick Corbin,Trevor Rogers,5.0,2.3333333333333335,2.9653179190751446,2.3333333333333335,58.0,54.0,5.0,5.0,2.5796178343949046,4.0,61.0,47.0,0,,,,,,
777364,2025-06-24,R,Miami Marlins,San Francisco Giants,4,2,0,Cal Quantrill,Justin Verlander,6.0,4.666666666666667,4.169117647058823,0.0,61.0,60.0,7.0,4.0,3.6818181818181817,0.0,47.0,46.0,0,,,,,,
777372,2025-06-24,R,Washington Nationals,San Diego Padres,3,4,1,Trevor Williams,Ryan Bergert,5.0,4.666666666666667,5.487804878048781,4.666666666666667,65.0,61.0,5.0,5.333333333333333,6.608391608391608,3.0,64.0,82.0,0,,,,,,
777373,2025-06-24,R,Chicago Cubs,St. Louis Cardinals,7,8,1,Jameson Taillon,Michael McGreevy,5.0,5.0,3.5625,2.0,69.0,56.0,5.0,4.0,4.2,3.0,53.0,67.0,1,,,,,,
777374,2025-06-24,R,Pittsburgh Pirates,Milwaukee Brewers,3,9,1,Andrew Heaney,Freddy Peralta,5.0,5.0,3.4511278195488724,4.0,73.0,50.0,5.0,4.0,3.1875,6.0,44.0,50.0,0,,,,,,
777375,2025-06-24,R,Seattle Mariners,Minnesota Twins,6,5,0,Luis Castillo,Chris Paddack,5.0,5.0,9.957446808510639,2.0,54.0,110.0,6.0,6.0,2.3684210526315788,3.0,72.0,47.0,0,,,,,,
777376,2025-06-24,R,Boston Red Sox,Los Angeles Angels,2,3,1,Garrett Crochet,Tyler Anderson,5.0,6.0,3.292682926829268,4.0,53.0,51.0,6.0,6.0,2.292452830188679,4.0,39.0,43.0,1,,,,,,
777377,2025-06-24,R,Philadelphia Phillies,Houston Astros,0,1,1,Ranger Suarez,Framber Valdez,6.0,6.0,2.7421875,0.0,72.0,49.0,6.0,7.0,5.544642857142857,0.0,68.0,43.0,0,,,,,,
777378,2025-06-24,R,Tampa Bay Rays,Kansas City Royals,5,1,0,Taj Bradley,Kris Bubic,6.0,5.333333333333333,4.05,0.0,36.0,48.0,6.0,1.3333333333333333,3.796875,0.0,74.0,54.0,0,,,,,,
777379,2025-06-24,R,Los Angeles Dodgers,Colorado Rockies,9,7,0,Jack Dreyer,Germán Márquez,6.0,5.666666666666667,6.311688311688312,0.0,72.0,76.0,7.0,2.0,6.101694915254237,0.0,67.0,64.0,0,,,,,,
777380,2025-06-24,R,Texas Rangers,Baltimore Orioles,6,5,0,Jacob Latz,Charlie Morton,5.0,6.0,2.914772727272727,1.0,64.0,54.0,16.0,3.3333333333333335,2.602409638554217,3.0,61.0,53.0,1,,,,,,
777383,2025-06-24,R,Arizona Diamondbacks,Chicago White Sox,4,1,0,Ryne Nelson,Jordan Leasure,,,3.5783132530120483,7.0,39.0,71.0,5.0,5.666666666666667,4.462809917355372,3.0,75.0,54.0,0,,,,,,
777384,2025-06-24,R,Toronto Blue Jays,Cleveland Guardians,10,6,0,Eric Lauer,Logan Allen,6.0,5.333333333333333,3.1595744680851063,0.0,32.0,33.0,6.0,5.0,4.68595041322314,0.0,49.0,59.0,0,,,,,,
777385,2025-06-24,R,New York Yankees,Cincinnati Reds,4,5,1,Carlos Rodón,Chase Burns,,,5.184,4.666666666666667,58.0,60.0,5.0,6.0,1.296,3.6666666666666665,47.0,37.0,1,,,,,,
777386,2025-06-24,R,Athletics,Detroit Tigers,4,11,1,Luis Severino,Tarik Skubal,5.0,5.666666666666667,5.371727748691099,0.0,66.0,76.0,6.0,5.0,5.31496062992126,0.0,42.0,51.0,0,,,,,,
777387,2025-06-24,R,Atlanta Braves,New York Mets,7,4,0,Spencer Strider,Frankie Montas,,,5.142857142857143,4.333333333333333,44.0,72.0,5.0,6.0,2.872340425531915,2.0,56.0,39.0,0,,,,,,
777355,2025-06-25,R,Miami Marlins,San Francisco Giants,8,5,0,Edward Cabrera,Logan Webb,6.0,7.0,3.9705882352941178,4.0,57.0,59.0,6.0,6.333333333333333,3.2468354430379747,4.333333333333333,48.0,46.0,0,,,,,,
777357,2025-06-25,R,Chicago Cubs,St. Louis Cardinals,8,0,0,Matthew Boyd,Erick Fedde,6.0,5.0,3.1655172413793102,4.333333333333333,68.0,53.0,5.0,5.0,4.2631578947368425,4.0,52.0,71.0,1,,,,,,
777358,2025-06-25,R,Los Angeles Dodgers,Colorado Rockies,8,1,0,Yoshinobu Yamamoto,Chase Dollander,6.0,6.0,6.136363636363637,5.0,74.0,79.0,6.0,6.333333333333333,5.4,8.0,75.0,60.0,0,,,,,,
777359,2025-06-25,R,Tampa Bay Rays,Kansas City Royals,3,0,0,Drew Rasmussen,Michael Wacha,6.0,6.0,3.403361344537815,3.0,35.0,43.0,6.0,5.333333333333333,4.0078125,2.3333333333333335,78.0,52.0,0,,,,,,
777360,2025-06-25,R,Washington Nationals,San Diego Padres,0,1,1,MacKenzie Gore,Nick Pivetta,5.0,4.666666666666667,4.8,6.0,58.0,63.0,5.0,5.666666666666667,6.230769230769231,3.0,63.0,81.0,0,,,,,,
777361,2025-06-25,R,Pittsburgh Pirates,Milwaukee Brewers,2,4,1,Paul Skenes,Jacob Misiorowski,5.0,6.0,3.375,4.0,78.0,52.0,6.0,6.0,3.122448979591837,4.0,45.0,56.0,0,,,,,,
777362,2025-06-25,R,Boston Red Sox,Los Angeles Angels,2,5,1,Richard Fitts,Yusei Kikuchi,5.0,7.0,3.1153846153846154,5.333333333333333,54.0,52.0,23.0,1.0,2.855769230769231,2.3333333333333335,38.0,45.0,1,,,,,,
777363,2025-06-25,R,Seattle Mariners,Minnesota Twins,0,2,1,George Kirby,Joe Ryan,5.0,5.333333333333333,8.678571428571429,4.0,55.0,100.0,5.0,5.0,0.9230769230769231,4.0,75.0,42.0,0,,,,,,
777365,2025-06-25,R,Texas Rangers,Baltimore Orioles,7,0,0,Jacob deGrom,Brandon Young,60.0,4.666666666666667,3.1853932584269664,5.0,66.0,55.0,5.0,6.0,3.0535714285714284,4.0,51.0,54.0,1,,,,,,
777366,2025-06-25,R,Philadelphia Phillies,Houston Astros,0,2,1,Zack Wheeler,Colton Gordon,6.0,5.0,2.877049180327869,2.0,71.0,45.0,5.0,5.0,4.959183673469388,0.3333333333333333,64.0,36.0,1,,,,,,
777367,2025-06-25,R,New York Yankees,Cincinnati Reds,7,1,0,Max Fried,Brady Singer,5.0,6.0,4.531468531468532,6.0,62.0,64.0,5.0,6.0,2.0610687022900764,4.0,41.0,40.0,1,,,,,,
777368,2025-06-25,R,Toronto Blue Jays,Cleveland Guardians,4,5,1,Max Scherzer,Gavin Williams,6.0,6.0,4.989130434782608,3.3333333333333335,38.0,42.0,88.0,3.0,4.5,3.6666666666666665,49.0,56.0,0,,,,,,
777369,2025-06-25,R,Atlanta Braves,New York Mets,3,7,1,Didier Fuentes,Clay Holmes,6.0,4.666666666666667,6.517241379310345,4.0,43.0,75.0,5.0,5.0,2.7551020408163267,4.0,62.0,39.0,0,,,,,,
777370,2025-06-25,R,Arizona Diamondbacks,Chicago White Sox,3,7,1,Zac Gallen,Sean Burke,6.0,5.333333333333333,3.281767955801105,8.0,36.0,73.0,5.0,5.0,4.239669421487603,4.0,69.0,52.0,0,,,,,,
777371,2025-06-25,R,Athletics,Detroit Tigers,3,0,0,Jacob Lopez,Jack Flaherty,5.0,2.3333333333333335,5.370165745856354,3.0,72.0,77.0,6.0,6.0,5.754098360655738,3.0,45.0,60.0,1,,,,,,
777344,2025-06-26,R,Los Angeles Dodgers,Colorado Rockies,3,1,0,Clayton Kershaw,Austin Gomber,6.0,4.666666666666667,5.748387096774193,3.3333333333333335,68.0,77.0,6.0,5.0,5.491525423728813,4.0,78.0,59.0,0,,,,,,
777347,2025-06-26,R,Miami Marlins,San Francisco Giants,12,5,0,Janson Junk,Hayden Birdsong,6.0,4.333333333333333,4.466165413533835,4.0,52.0,60.0,6.0,5.0,3.312883435582822,4.666666666666667,54.0,46.0,0,,,,,,
777348,2025-06-26,R,Chicago Cubs,St. Louis Cardinals,3,0,0,Shota Imanaga,Andre Pallante,6.0,6.0,3.261744966442953,5.333333333333333,66.0,56.0,53.0,5.666666666666667,4.0,3.0,58.0,64.0,1,,,,,,
777350,2025-06-26,R,Philadelphia Phillies,Houston Astros,1,2,1,Cristopher Sánchez,Hunter Brown,6.0,5.0,2.808,4.0,63.0,43.0,7.0,8.0,5.11578947368421,2.0,57.0,36.0,1,,,,,,
777351,2025-06-26,R,Athletics,Detroit Tigers,0,8,1,Jeffrey Springs,Dietrich Enns,,,4.153846153846154,3.0,71.0,70.0,6.0,7.333333333333333,4.95,2.0,43.0,54.0,1,,,,,,
777352,2025-06-26,R,Atlanta Braves,New York Mets,0,4,1,Grant Holmes,Griffin Canning,5.0,5.0,6.3630573248407645,4.0,45.0,78.0,5.0,5.666666666666667,2.6517857142857144,4.666666666666667,59.0,44.0,0,,,,,,
777353,2025-06-26,R,Tampa Bay Rays,Kansas City Royals,4,0,0,Shane Baz,Michael Lorenzen,6.0,5.333333333333333,3.3157894736842106,3.0,32.0,40.0,6.0,5.333333333333333,3.828358208955224,4.0,78.0,48.0,0,,,,,,
777354,2025-06-26,R,Toronto Blue Jays,Cleveland Guardians,6,0,0,Kevin Gausman,Tanner Bibee,6.0,8.0,4.731958762886598,4.666666666666667,32.0,44.0,7.0,4.333333333333333,4.790322580645161,4.0,48.0,59.0,0,,,,,,
777356,2025-06-26,R,Seattle Mariners,Minnesota Twins,1,10,1,Emerson Hancock,Simeon Woods Richardson,5.0,6.0,8.678571428571429,3.0,51.0,98.0,5.0,4.0,1.1538461538461537,2.0,73.0,39.0,0,,,,,,
777331,2025-06-27,R,Washington Nationals,Los Angeles Angels,15,9,0,Jake Irvin,José Soriano,6.0,6.666666666666667,2.763779527559055,0.0,53.0,49.0,6.0,5.333333333333333,6.595419847328245,0.0,60.0,73.0,0,,,,,,
777332,2025-06-27,R,Miami Marlins,Arizona Diamondbacks,9,8,0,Eury Pérez,Merrill Kelly,6.0,6.0,4.68595041322314,0.0,67.0,57.0,6.0,4.666666666666667,3.016759776536313,5.333333333333333,66.0,51.0,0,,,,,,
777334,2025-06-27,R,Minnesota Twins,Detroit Tigers,4,1,0,David Festa,Sawyer Gipson-Long,23.0,3.6666666666666665,3.877659574468085,4.0,75.0,69.0,10.0,3.6666666666666665,7.18705035971223,4.0,58.0,83.0,0,,,,,,
777335,2025-06-27,R,Los Angeles Dodgers,Kansas City Royals,5,4,0,Dustin May,Noah Cameron,6.0,5.333333333333333,3.3157894736842106,3.3333333333333335,32.0,43.0,6.0,6.0,5.225806451612903,3.0,81.0,60.0,0,,,,,,
777336,2025-06-27,R,Chicago Cubs,Houston Astros,4,7,1,Cade Horton,Brandon Walter,6.0,6.0,2.9495798319327733,2.0,61.0,41.0,6.0,4.666666666666667,3.884892086330935,4.0,58.0,62.0,0,,,,,,
777337,2025-06-27,R,Athletics,New York Yankees,0,3,1,Mitch Spence,Will Warren,5.0,6.333333333333333,1.8305084745762712,0.0,41.0,38.0,6.0,4.666666666666667,5.651162790697675,3.0,43.0,62.0,0,,,,,,
777338,2025-06-27,R,San Francisco Giants,Chicago White Sox,3,1,0,Landen Roupp,Aaron Civale,6.0,7.0,3.103448275862069,0.0,38.0,62.0,6.0,6.0,4.628571428571429,5.0,50.0,64.0,0,,,,,,
777339,2025-06-27,R,Colorado Rockies,Milwaukee Brewers,6,10,1,Kyle Freeland,Jose Quintana,6.0,6.0,3.7016129032258065,0.0,74.0,48.0,16.0,6.0,6.217105263157895,4.0,61.0,73.0,0,,,,,,
777340,2025-06-27,R,Seattle Mariners,Texas Rangers,7,6,0,Logan Gilbert,Nathan Eovaldi,31.0,2.0,3.06,0.0,40.0,45.0,5.0,5.0,2.5714285714285716,3.0,74.0,49.0,0,,,,,,
777341,2025-06-27,R,New York Mets,Pittsburgh Pirates,1,9,1,David Peterson,Mitch Keller,6.0,5.666666666666667,3.0422535211267605,0.0,40.0,55.0,5.0,4.0,5.692771084337349,6.333333333333333,45.0,75.0,0,,,,,,
777342,2025-06-27,R,Philadelphia Phillies,Atlanta Braves,13,0,0,Tanner Banks,Bryce Elder,5.0,5.333333333333333,2.9008264462809916,3.0,59.0,48.0,,,5.079207920792079,2.0,58.0,38.0,0,,,,,,
777343,2025-06-27,R,Tampa Bay Rays,Baltimore Orioles,8,22,1,Ryan Pepiot,Tomoyuki Sugano,7.0,3.6666666666666665,3.3333333333333335,0.0,55.0,57.0,6.0,5.0,3.7445255474452557,1.0,82.0,48.0,0,,,,,,
777345,2025-06-27,R,Toronto Blue Jays,Boston Red Sox,9,0,0,José Berríos,Brayan Bello,6.0,6.0,3.4363636363636365,0.0,36.0,47.0,6.0,7.666666666666667,4.677165354330708,1.0,54.0,59.0,0,,,,,,
777346,2025-06-27,R,San Diego Padres,Cincinnati Reds,1,8,1,Dylan Cease,Nick Martinez,8.0,2.6666666666666665,4.212765957446808,0.0,61.0,60.0,6.0,6.666666666666667,4.4296875,0.0,57.0,58.0,0,,,,,,
777349,2025-06-27,R,St. Louis Cardinals,Cleveland Guardians,5,0,0,Sonny Gray,Luis Ortiz,6.0,6.0,5.09433962264151,3.0,32.0,50.0,6.0,5.0,3.42,4.0,66.0,53.0,0,,,,,,
777315,2025-06-28,R,Washington Nationals,Los Angeles Angels,2,8,1,Michael Soroka,Kyle Hendricks,6.0,5.0,3.9160305343511452,5.0,62.0,62.0,6.0,5.333333333333333,5.6953125,4.666666666666667,66.0,71.0,0,,,,,,
777318,2025-06-28,R,Miami Marlins,Arizona Diamondbacks,8,7,0,Sandy Alcantara,Brandon Pfaadt,6.0,5.0,5.578512396694215,4.0,70.0,65.0,6.0,6.0,2.6228571428571428,4.666666666666667,64.0,50.0,0,,,,,,
777319,2025-06-28,R,Los Angeles Dodgers,Kansas City Royals,5,9,1,Shohei Ohtani,Seth Lugo,6.0,6.333333333333333,2.9745762711864407,5.0,32.0,42.0,6.0,1.0,5.026595744680851,5.0,84.0,58.0,0,,,,,,
777320,2025-06-28,R,Chicago Cubs,Houston Astros,12,3,0,Colin Rea,Lance McCullers Jr.,18.0,5.0,3.403361344537815,3.0,58.0,42.0,6.0,5.333333333333333,3.717391304347826,4.0,61.0,67.0,1,,,,,,
777321,2025-06-28,R,Colorado Rockies,Milwaukee Brewers,0,5,1,Antonio Senzatela,Quinn Priester,6.0,3.3333333333333335,3.888,3.3333333333333335,81.0,52.0,6.0,5.333333333333333,4.877419354838709,4.0,63.0,71.0,1,,,,,,
777322,2025-06-28,R,Seattle Mariners,Texas Rangers,2,3,1,Bryan Woo,Kumar Rocker,7.0,5.333333333333333,3.056603773584906,9.0,43.0,51.0,5.0,6.0,2.562043795620438,6.666666666666667,74.0,53.0,0,,,,,,
777323,2025-06-28,R,Toronto Blue Jays,Boston Red Sox,1,15,1,Chris Bassitt,Lucas Giolito,6.0,6.0,4.7368421052631575,3.0,34.0,55.0,6.0,6.0,3.9193548387096775,2.0,63.0,51.0,0,,,,,,
777324,2025-06-28,R,Minnesota Twins,Detroit Tigers,5,10,1,Bailey Ober,Casey Mize,6.0,5.0,3.5689655172413794,3.6666666666666665,65.0,68.0,5.0,7.0,7.291970802919708,3.3333333333333335,59.0,74.0,0,,,,,,
777325,2025-06-28,R,New York Mets,Pittsburgh Pirates,2,9,1,Paul Blackburn,Bailey Falter,6.0,5.333333333333333,2.9347826086956523,3.6666666666666665,47.0,55.0,5.0,4.666666666666667,5.432926829268292,3.3333333333333335,41.0,77.0,1,,,,,,
777326,2025-06-28,R,Athletics,New York Yankees,7,0,0,JP Sears,Clarke Schmidt,7.0,7.0,1.8782608695652174,4.0,43.0,36.0,6.0,5.0,4.835820895522388,3.0,37.0,61.0,1,,,,,,
777327,2025-06-28,R,San Francisco Giants,Chicago White Sox,0,1,1,Robbie Ray,Adrian Houser,6.0,6.333333333333333,3.3,5.0,38.0,62.0,6.0,5.0,4.468965517241379,3.6666666666666665,47.0,63.0,0,,,,,,
777328,2025-06-28,R,San Diego Padres,Cincinnati Reds,6,4,0,Randy Vásquez,Andrew Abbott,6.0,7.0,3.0,1.0,64.0,50.0,6.0,7.0,5.232558139534884,4.0,57.0,61.0,1,,,,,,
777329,2025-06-28,R,St. Louis Cardinals,Cleveland Guardians,9,6,0,Miles Mikolas,Slade Cecconi,6.0,7.0,4.32,2.0,30.0,48.0,6.0,5.0,3.612676056338028,0.0,69.0,50.0,0,,,,,,
777330,2025-06-28,R,Tampa Bay Rays,Baltimore Orioles,11,3,0,Zack Littell,Zach Eflin,7.0,3.0,3.5,4.0,75.0,65.0,6.0,5.0,6.702127659574468,6.333333333333333,83.0,65.0,1,,,,,,
777333,2025-06-28,R,Philadelphia Phillies,Atlanta Braves,1,6,1,Jesús Luzardo,Spencer Schwellenbach,5.0,7.0,3.456,7.0,47.0,57.0,6.0,6.666666666666667,4.422413793103448,7.0,63.0,38.0,0,,,,,,
777301,2025-06-29,R,Colorado Rockies,Milwaukee Brewers,4,3,0,Germán Márquez,Chad Patrick,6.0,5.0,3.923076923076923,2.0,81.0,44.0,5.0,4.0,4.725,3.6666666666666665,62.0,72.0,1,,,,,,
777302,2025-06-29,R,Seattle Mariners,Texas Rangers,6,4,0,Luis Castillo,Jack Leiter,7.0,4.0,2.769230769230769,4.0,41.0,49.0,5.0,5.0,2.4,3.3333333333333335,72.0,53.0,0,,,,,,
777303,2025-06-29,R,Miami Marlins,Arizona Diamondbacks,6,4,0,Cal Quantrill,Eduardo Rodriguez,6.0,6.0,5.6953125,5.0,69.0,66.0,5.0,4.666666666666667,2.4846625766871164,4.0,68.0,54.0,0,,,,,,
777304,2025-06-29,R,Los Angeles Dodgers,Kansas City Royals,5,1,0,Lou Trivino III,Kris Bubic,5.0,6.0,3.857142857142857,3.3333333333333335,41.0,43.0,19.0,1.0,5.4,6.0,78.0,62.0,0,,,,,,
777305,2025-06-29,R,Washington Nationals,Los Angeles Angels,7,4,0,Mitchell Parker,Jack Kochanowicz,6.0,5.0,4.029850746268656,4.0,65.0,58.0,6.0,6.0,7.2439024390243905,2.0,65.0,75.0,0,,,,,,
777307,2025-06-29,R,Athletics,New York Yankees,5,12,1,Luis Severino,Marcus Stroman,79.0,0.6666666666666666,2.347826086956522,3.0,40.0,39.0,5.0,5.0,4.8,3.3333333333333335,40.0,61.0,1,,,,,,
777308,2025-06-29,R,Chicago Cubs,Houston Astros,0,2,1,Jameson Taillon,Framber Valdez,5.0,7.0,3.9461538461538463,5.666666666666667,58.0,52.0,5.0,4.0,3.8297872340425534,4.0,71.0,69.0,1,,,,,,
777309,2025-06-29,R,St. Louis Cardinals,Cleveland Guardians,7,0,0,Matthew Liberatore,Logan Allen,5.0,5.666666666666667,5.294117647058823,4.333333333333333,33.0,53.0,6.0,7.0,3.3986013986013988,5.0,70.0,51.0,0,,,,,,
777310,2025-06-29,R,Toronto Blue Jays,Boston Red Sox,5,3,0,Eric Lauer,Walker Buehler,6.0,4.0,4.135135135135135,2.0,45.0,53.0,5.0,5.333333333333333,4.813953488372093,6.0,62.0,63.0,0,,,,,,
777311,2025-06-29,R,San Francisco Giants,Chicago White Sox,2,5,1,Justin Verlander,Jonathan Cannon,27.0,3.0,3.0903614457831323,2.0,35.0,57.0,5.0,5.0,3.8863636363636362,2.0,42.0,53.0,0,,,,,,
777312,2025-06-29,R,San Diego Padres,Cincinnati Reds,2,3,1,Stephen Kolek,Nick Lodolo,6.0,4.333333333333333,3.9130434782608696,4.0,57.0,55.0,6.0,4.333333333333333,4.06015037593985,4.666666666666667,56.0,57.0,1,,,,,,
777313,2025-06-29,R,New York Mets,Pittsburgh Pirates,1,12,1,Frankie Montas,Mike Burrows,9.0,4.666666666666667,2.664473684210526,7.333333333333333,55.0,55.0,5.0,5.0,6.071005917159764,7.0,39.0,78.0,1,,,,,,
777314,2025-06-29,R,Minnesota Twins,Detroit Tigers,0,3,1,Chris Paddack,Tarik Skubal,5.0,6.0,3.5357142857142856,2.3333333333333335,74.0,62.0,5.0,5.0,7.575539568345324,2.3333333333333335,62.0,81.0,0,,,,,,
777316,2025-06-29,R,Philadelphia Phillies,Atlanta Braves,2,1,0,Ranger Suarez,Spencer Strider,5.0,5.0,3.540983606557377,2.0,49.0,57.0,5.0,7.666666666666667,5.218487394957983,3.0,61.0,42.0,0,,,,,,
777317,2025-06-29,R,Tampa Bay Rays,Baltimore Orioles,1,5,1,Taj Bradley,Dean Kremer,7.0,5.666666666666667,4.057803468208093,8.0,72.0,71.0,5.0,6.666666666666667,7.4,2.0,86.0,64.0,1,,,,,,
777291,2025-06-30,R,San Francisco Giants,Arizona Diamondbacks,2,4,1,Logan Webb,Ryne Nelson,6.0,5.0,5.952755905511811,3.6666666666666665,71.0,64.0,5.0,6.0,4.32,2.0,40.0,53.0,0,,,,,,
777292,2025-06-30,R,Baltimore Orioles,Texas Rangers,10,6,0,Trevor Rogers,Patrick Corbin,7.0,5.0,3.0,6.0,43.0,54.0,7.0,8.0,4.55625,2.0,66.0,70.0,0,,,,,,
777295,2025-06-30,R,New York Yankees,Toronto Blue Jays,4,5,1,Carlos Rodón,Max Scherzer,5.0,5.0,3.654135338345865,4.666666666666667,63.0,55.0,6.0,6.0,3.0483870967741935,4.0,52.0,42.0,0,,,,,,
777296,2025-06-30,R,Athletics,Tampa Bay Rays,6,4,0,Jacob Lopez,Drew Rasmussen,5.0,5.0,7.345588235294118,2.6666666666666665,78.0,69.0,5.0,7.0,5.633093525179856,4.333333333333333,42.0,71.0,0,,,,,,
777297,2025-06-30,R,Kansas City Royals,Seattle Mariners,2,6,1,Michael Wacha,George Kirby,5.0,6.0,2.3877551020408165,6.0,72.0,57.0,5.0,6.0,3.857142857142857,4.0,40.0,45.0,0,,,,,,
777299,2025-06-30,R,St. Louis Cardinals,Pittsburgh Pirates,0,7,1,Erick Fedde,Andrew Heaney,6.0,4.0,2.5961538461538463,4.666666666666667,65.0,53.0,5.0,3.6666666666666665,3.143835616438356,3.0,75.0,48.0,0,,,,,,
777300,2025-06-30,R,Cincinnati Reds,Boston Red Sox,6,13,1,Chase Burns,Garrett Crochet,6.0,7.0,4.05,5.0,46.0,58.0,6.0,5.0,3.7445255474452557,3.6666666666666665,52.0,53.0,0,,,,,,
777306,2025-06-30,R,San Diego Padres,Philadelphia Phillies,0,4,1,Matt Waldron,Zack Wheeler,5.0,6.0,4.887931034482759,2.0,52.0,39.0,,,4.4,2.6666666666666665,50.0,58.0,0,,,,,,
777278,2025-07-01,R,San Francisco Giants,Arizona Diamondbacks,2,8,1,Hayden Birdsong,Zac Gallen,6.0,5.333333333333333,5.641791044776119,2.3333333333333335,75.0,66.0,5.0,4.0,4.361538461538461,1.6666666666666667,42.0,57.0,1,,,,,,
777280,2025-07-01,R,Chicago White Sox,Los Angeles Dodgers,1,6,1,Shane Smith,Yoshinobu Yamamoto,6.0,5.0,5.230366492146596,0.0,72.0,56.0,8.0,2.0,3.085714285714286,0.0,39.0,57.0,0,,,,,,
777281,2025-07-01,R,Kansas City Royals,Seattle Mariners,6,3,0,Michael Lorenzen,Emerson Hancock,5.0,5.0,2.625,3.0,78.0,57.0,5.0,5.666666666666667,3.796875,3.0,42.0,51.0,1,,,,,,
777282,2025-07-01,R,Baltimore Orioles,Texas Rangers,2,10,1,Brandon Young,Jacob deGrom,6.0,7.0,3.5084745762711864,5.0,49.0,64.0,6.0,4.0,4.660714285714286,5.666666666666667,75.0,69.0,0,,,,,,
777283,2025-07-01,R,New York Yankees,Toronto Blue Jays,5,12,1,Max Fried,Kevin Gausman,5.0,8.0,3.7241379310344827,4.0,68.0,59.0,6.0,7.0,3.5121951219512195,3.0,56.0,46.0,1,,,,,,
777285,2025-07-01,R,Houston Astros,Colorado Rockies,6,5,0,Colton Gordon,Chase Dollander,6.0,5.666666666666667,4.827814569536423,0.0,50.0,70.0,6.0,5.0,3.825,0.0,57.0,48.0,0,,,,,,
777286,2025-07-01,R,Athletics,Tampa Bay Rays,4,3,0,Jeffrey Springs,Shane Baz,5.0,8.0,6.973509933774834,6.0,75.0,74.0,5.0,5.0,5.4375,5.666666666666667,45.0,74.0,0,,,,,,
777287,2025-07-01,R,Cleveland Guardians,Chicago Cubs,2,5,1,Gavin Williams,Matthew Boyd,6.0,6.0,3.884892086330935,0.0,68.0,69.0,6.0,5.333333333333333,6.171428571428572,0.0,33.0,54.0,0,,,,,,
777288,2025-07-01,R,St. Louis Cardinals,Pittsburgh Pirates,0,1,1,Andre Pallante,Paul Skenes,6.0,4.0,2.4846625766871164,2.3333333333333335,72.0,53.0,5.0,5.0,2.9612903225806453,3.0,75.0,55.0,1,,,,,,
777293,2025-07-01,R,Minnesota Twins,Miami Marlins,0,2,1,Joe Ryan,Edward Cabrera,6.0,5.333333333333333,2.554054054054054,0.0,69.0,52.0,6.0,6.0,7.6,0.0,61.0,82.0,0,,,,,,
777294,2025-07-01,R,Cincinnati Reds,Boston Red Sox,3,5,1,Brady Singer,Richard Fitts,6.0,4.0,4.275,3.0,57.0,64.0,6.0,5.0,4.21875,7.666666666666667,58.0,66.0,1,,,,,,
777298,2025-07-01,R,Los Angeles Angels,Atlanta Braves,4,0,0,Tyler Anderson,Grant Holmes,5.0,5.0,2.025,0.0,49.0,49.0,7.0,4.666666666666667,3.375,0.0,66.0,54.0,0,,,,,,
777262,2025-07-02,R,Kansas City Royals,Seattle Mariners,2,3,1,Noah Cameron,Logan Gilbert,5.0,5.333333333333333,2.7551020408163267,3.0,73.0,63.0,5.0,4.0,3.6818181818181817,4.333333333333333,42.0,53.0,1,,,,,,
777266,2025-07-02,R,Cleveland Guardians,Chicago Cubs,4,5,1,Tanner Bibee,Shota Imanaga,6.0,5.0,3.857142857142857,2.0,68.0,68.0,6.0,6.0,6.75,2.3333333333333335,32.0,57.0,1,,,,,,
777267,2025-07-02,R,Chicago White Sox,Los Angeles Dodgers,4,5,1,Brandon Eisert,Clayton Kershaw,6.0,6.0,4.909090909090909,2.0,70.0,51.0,50.0,1.0,2.210526315789474,3.3333333333333335,38.0,51.0,1,,,,,,
777268,2025-07-02,R,Baltimore Orioles,Texas Rangers,0,6,1,Tomoyuki Sugano,Nathan Eovaldi,5.0,3.0,3.528409090909091,3.0,58.0,60.0,5.0,5.0,5.785714285714286,4.0,72.0,78.0,0,,,,,,
777269,2025-07-02,R,Houston Astros,Colorado Rockies,5,3,0,Hunter Brown,Austin Gomber,6.0,5.0,3.759493670886076,6.333333333333333,45.0,70.0,6.0,7.0,3.9193548387096775,4.333333333333333,50.0,50.0,0,,,,,,
777270,2025-07-02,R,San Francisco Giants,Arizona Diamondbacks,6,5,0,Landen Roupp,Merrill Kelly,5.0,5.0,5.1923076923076925,2.0,79.0,63.0,5.0,5.333333333333333,4.669172932330827,4.0,42.0,62.0,1,,,,,,
777271,2025-07-02,R,Athletics,Tampa Bay Rays,5,6,1,Mitch Spence,Ryan Pepiot,5.0,1.6666666666666667,6.6158940397351,3.0,77.0,73.0,5.0,5.0,4.787234042553192,4.666666666666667,46.0,64.0,0,,,,,,
777272,2025-07-02,R,St. Louis Cardinals,Pittsburgh Pirates,0,5,1,Sonny Gray,Mitch Keller,5.0,5.333333333333333,1.7891566265060241,4.0,70.0,46.0,5.0,9.0,3.261744966442953,1.0,63.0,54.0,1,,,,,,
777273,2025-07-02,R,San Diego Padres,Philadelphia Phillies,6,4,0,Nick Pivetta,Mick Abel,11.0,3.0,4.683673469387755,0.0,48.0,29.0,7.0,7.0,3.6141732283464565,0.0,41.0,48.0,1,,,,,,
777274,2025-07-02,R,New York Yankees,Toronto Blue Jays,9,11,1,Will Warren,José Berríos,5.0,7.0,3.831081081081081,4.0,75.0,60.0,5.0,5.0,5.175,2.0,61.0,54.0,1,,,,,,
777275,2025-07-02,R,Minnesota Twins,Miami Marlins,2,1,0,Simeon Woods Richardson,Janson Junk,6.0,3.6666666666666665,2.7194244604316546,2.0,63.0,49.0,6.0,5.0,7.992,1.0,56.0,78.0,1,,,,,,
777277,2025-07-02,R,Cincinnati Reds,Boston Red Sox,8,4,0,Nick Martinez,Brennan Bernardino,,,4.57258064516129,6.0,62.0,59.0,5.0,8.0,4.581818181818182,5.0,55.0,66.0,1,,,,,,
777279,2025-07-02,R,Los Angeles Angels,Atlanta Braves,3,8,1,Yusei Kikuchi,Didier Fuentes,7.0,3.3333333333333335,2.7,3.0,44.0,49.0,7.0,7.0,3.375,3.0,66.0,54.0,0,,,,,,
777284,2025-07-02,R,Detroit Tigers,Washington Nationals,11,2,0,Tyler Holton,Trevor Williams,8.0,5.0,5.447368421052632,0.0,61.0,60.0,13.0,1.3333333333333333,3.6382978723404253,0.0,66.0,51.0,0,,,,,,
777289,2025-07-02,R,Milwaukee Brewers,New York Mets,7,2,0,Freddy Peralta,Clay Holmes,7.0,5.0,6.7924528301886795,0.0,36.0,76.0,8.0,5.0,3.923076923076923,0.0,78.0,41.0,0,,,,,,
777265,2025-07-02,R,Detroit Tigers,Washington Nationals,4,9,1,Jack Flaherty,MacKenzie Gore,7.0,6.0,5.5227272727272725,0.0,63.0,71.0,7.0,6.0,3.5,0.0,77.0,53.0,0,,,,,,
777276,2025-07-02,R,Milwaukee Brewers,New York Mets,3,7,1,Jacob Misiorowski,Huascar Brazobán,63.0,2.0,7.147058823529412,0.0,38.0,83.0,7.0,5.0,3.642857142857143,0.0,85.0,43.0,0,,,,,,
777290,2025-07-02,R,San Diego Padres,Philadelphia Phillies,1,5,1,Dylan Cease,Cristopher Sánchez,6.0,6.0,4.05,0.0,52.0,35.0,5.0,4.0,3.9705882352941178,0.0,47.0,52.0,1,,,,,,
777251,2025-07-03,R,Kansas City Royals,Seattle Mariners,3,2,0,Seth Lugo,Logan Evans,23.0,5.0,2.8609271523178808,4.333333333333333,75.0,62.0,5.0,5.666666666666667,4.32824427480916,3.3333333333333335,38.0,53.0,1,,,,,,
777253,2025-07-03,R,Chicago White Sox,Los Angeles Dodgers,2,6,1,Aaron Civale,Dustin May,6.0,4.0,4.923529411764706,3.0,71.0,52.0,6.0,4.0,2.5051546391752577,7.666666666666667,42.0,56.0,1,,,,,,
777256,2025-07-03,R,San Francisco Giants,Arizona Diamondbacks,7,2,0,Robbie Ray,Brandon Pfaadt,5.0,5.0,4.295454545454546,4.0,83.0,61.0,5.0,6.0,4.891304347826087,6.0,46.0,63.0,1,,,,,,
777257,2025-07-03,R,Milwaukee Brewers,New York Mets,2,3,1,Jose Quintana,David Peterson,6.0,4.666666666666667,7.011049723756906,11.666666666666666,45.0,81.0,6.0,5.666666666666667,3.6906474820143886,7.333333333333333,88.0,50.0,0,,,,,,
777258,2025-07-03,R,Detroit Tigers,Washington Nationals,7,11,1,Dietrich Enns,Jake Irvin,6.0,4.333333333333333,5.440298507462686,9.666666666666666,71.0,72.0,7.0,5.0,4.2631578947368425,10.0,81.0,62.0,0,,,,,,
777259,2025-07-03,R,Cleveland Guardians,Chicago Cubs,0,1,1,Joey Cantillo,Cade Horton,6.0,4.0,3.5625,3.6666666666666665,73.0,72.0,,,6.683168316831683,4.0,32.0,60.0,1,,,,,,
777260,2025-07-03,R,New York Yankees,Toronto Blue Jays,5,8,1,Clarke Schmidt,Chris Bassitt,5.0,2.0,4.32,4.666666666666667,78.0,68.0,5.0,6.0,5.578512396694215,4.0,68.0,62.0,1,,,,,,
777261,2025-07-03,R,Los Angeles Angels,Atlanta Braves,5,1,0,José Soriano,Bryce Elder,6.0,2.0,2.6,5.333333333333333,47.0,52.0,6.0,4.0,4.704545454545454,2.3333333333333335,66.0,60.0,0,,,,,,
777263,2025-07-03,R,Minnesota Twins,Miami Marlins,1,4,1,David Festa,Eury Pérez,6.0,4.333333333333333,2.739130434782609,3.0,62.0,47.0,6.0,5.666666666666667,7.291970802919708,4.0,56.0,75.0,1,,,,,,
777264,2025-07-03,R,Houston Astros,Colorado Rockies,6,7,1,Brandon Walter,Kyle Freeland,6.0,4.0,4.05,4.0,45.0,74.0,6.0,6.0,3.7016129032258065,3.0,44.0,49.0,0,,,,,,
777235,2025-07-04,R,Houston Astros,Los Angeles Dodgers,18,1,0,Lance McCullers Jr.,Ben Casparius,23.0,4.0,4.660714285714286,2.0,74.0,49.0,6.0,3.3333333333333335,3.825,3.0,46.0,50.0,0,,,,,,
777236,2025-07-04,R,Pittsburgh Pirates,Seattle Mariners,0,6,1,Bailey Falter,Bryan Woo,6.0,6.0,3.186335403726708,3.3333333333333335,77.0,65.0,6.0,1.6666666666666667,1.277027027027027,0.0,65.0,33.0,0,,,,,,
777239,2025-07-04,R,Texas Rangers,San Diego Padres,2,3,1,Kumar Rocker,Randy Vásquez,6.0,4.333333333333333,3.731707317073171,0.0,40.0,50.0,6.0,6.0,3.375,0.0,60.0,50.0,0,,,,,,
777242,2025-07-04,R,Los Angeles Angels,Toronto Blue Jays,3,4,1,Kyle Hendricks,Eric Lauer,5.0,4.333333333333333,4.438356164383562,3.3333333333333335,81.0,64.0,6.0,5.0,4.295454545454546,2.0,68.0,54.0,0,,,,,,
777243,2025-07-04,R,Chicago White Sox,Colorado Rockies,3,2,0,Adrian Houser,Antonio Senzatela,6.0,4.333333333333333,4.529032258064516,3.0,49.0,76.0,6.0,7.0,2.4971098265895955,3.0,34.0,49.0,0,,,,,,
777244,2025-07-04,R,San Francisco Giants,Athletics,2,11,1,Justin Verlander,JP Sears,6.0,5.666666666666667,3.2142857142857144,0.0,41.0,55.0,5.0,6.0,5.113636363636363,0.0,51.0,64.0,0,,,,,,
777245,2025-07-04,R,Boston Red Sox,Washington Nationals,11,2,0,Lucas Giolito,Michael Soroka,6.0,6.0,6.642857142857143,3.0,78.0,76.0,6.0,7.0,4.927007299270073,0.0,63.0,66.0,0,,,,,,
777246,2025-07-04,R,St. Louis Cardinals,Chicago Cubs,3,11,1,Miles Mikolas,Colin Rea,6.0,5.0,3.130434782608696,3.0,67.0,64.0,6.0,4.0,2.5511811023622046,0.0,50.0,49.0,0,,,,,,
777247,2025-07-04,R,Tampa Bay Rays,Minnesota Twins,3,4,1,Zack Littell,Chris Paddack,5.0,4.666666666666667,7.419847328244275,2.0,45.0,74.0,6.0,7.0,7.928571428571429,0.0,70.0,66.0,0,,,,,,
777248,2025-07-04,R,Kansas City Royals,Arizona Diamondbacks,9,3,0,Kris Bubic,Eduardo Rodriguez,5.0,5.333333333333333,4.32824427480916,3.0,76.0,63.0,5.0,5.0,4.569230769230769,2.6666666666666665,37.0,54.0,0,,,,,,
777249,2025-07-04,R,Detroit Tigers,Cleveland Guardians,2,1,0,Reese Olson,Slade Cecconi,6.0,4.666666666666667,5.447368421052632,6.333333333333333,31.0,59.0,48.0,6.0,4.591836734693878,4.0,75.0,63.0,0,,,,,,
777250,2025-07-04,R,New York Yankees,New York Mets,5,6,1,Marcus Stroman,Justin Hagenman,,,6.522471910112359,2.3333333333333335,47.0,76.0,5.0,5.0,6.377952755905512,5.0,66.0,67.0,0,,,,,,
777252,2025-07-04,R,Baltimore Orioles,Atlanta Braves,3,2,0,Charlie Morton,Spencer Strider,5.0,7.0,2.739130434782609,4.0,41.0,56.0,10.0,5.0,4.796052631578948,0.0,60.0,71.0,0,,,,,,
777254,2025-07-04,R,Milwaukee Brewers,Miami Marlins,6,5,0,Quinn Priester,Sandy Alcantara,6.0,6.0,2.7194244604316546,3.0,65.0,46.0,6.0,7.0,3.0,2.6666666666666665,82.0,46.0,0,,,,,,
777255,2025-07-04,R,Cincinnati Reds,Philadelphia Phillies,9,6,0,Andrew Abbott,Jesús Luzardo,6.0,5.0,3.923076923076923,0.0,51.0,33.0,6.0,5.0,4.0588235294117645,0.0,54.0,56.0,0,,,,,,
777221,2025-07-05,R,Houston Astros,Los Angeles Dodgers,6,4,0,Framber Valdez,Shohei Ohtani,7.0,2.0,5.896551724137931,6.0,69.0,62.0,6.0,6.0,3.789473684210526,3.0,61.0,49.0,0,,,,,,
777223,2025-07-05,R,Texas Rangers,San Diego Padres,7,4,0,Patrick Corbin,Stephen Kolek,6.0,5.666666666666667,3.319672131147541,4.0,38.0,46.0,5.0,6.0,3.2884615384615383,4.333333333333333,56.0,51.0,1,,,,,,
777225,2025-07-05,R,Pittsburgh Pirates,Seattle Mariners,0,1,1,Mike Burrows,Luis Castillo,6.0,6.0,3.2468354430379747,3.0,74.0,61.0,6.0,4.333333333333333,1.3309859154929577,2.3333333333333335,63.0,33.0,1,,,,,,
777227,2025-07-05,R,San Francisco Giants,Athletics,7,2,0,Logan Webb,Luis Severino,6.0,3.6666666666666665,3.5307692307692307,3.0,47.0,56.0,5.0,6.333333333333333,5.2781954887218046,5.0,48.0,68.0,1,,,,,,
777228,2025-07-05,R,Boston Red Sox,Washington Nationals,10,3,0,Walker Buehler,Mitchell Parker,6.0,5.0,7.052238805970149,5.0,75.0,81.0,6.0,4.0,5.571428571428571,1.3333333333333333,67.0,63.0,0,,,,,,
777229,2025-07-05,R,St. Louis Cardinals,Chicago Cubs,8,6,0,Matthew Liberatore,Drew Pomeranz,30.0,1.0,2.2330827067669174,2.3333333333333335,74.0,58.0,6.0,6.0,3.0483870967741935,2.0,47.0,59.0,1,,,,,,
777230,2025-07-05,R,Tampa Bay Rays,Minnesota Twins,5,6,1,Taj Bradley,Cole Sands,,,4.704545454545454,4.0,43.0,60.0,6.0,5.333333333333333,8.256198347107437,2.0,59.0,62.0,1,,,,,,
777231,2025-07-05,R,Los Angeles Angels,Toronto Blue Jays,3,4,1,Jack Kochanowicz,Max Scherzer,5.0,5.0,4.335766423357664,4.0,84.0,60.0,6.0,4.0,4.231343283582089,3.6666666666666665,69.0,55.0,1,,,,,,
777232,2025-07-05,R,Chicago White Sox,Colorado Rockies,10,3,0,Jonathan Cannon,Germán Márquez,6.0,5.666666666666667,3.7302631578947367,3.3333333333333335,43.0,65.0,6.0,3.0,2.664473684210526,1.0,30.0,50.0,0,,,,,,
777233,2025-07-05,R,Cincinnati Reds,Philadelphia Phillies,1,5,1,Nick Lodolo,Ranger Suarez,6.0,7.0,3.857142857142857,7.0,47.0,40.0,6.0,5.333333333333333,3.7865853658536586,5.666666666666667,62.0,56.0,0,,,,,,
777234,2025-07-05,R,Kansas City Royals,Arizona Diamondbacks,1,7,1,Michael Wacha,Ryne Nelson,5.0,6.666666666666667,4.06015037593985,4.666666666666667,65.0,64.0,5.0,5.0,4.104,2.0,40.0,52.0,0,,,,,,
777237,2025-07-05,R,Baltimore Orioles,Atlanta Braves,9,6,0,Dean Kremer,Aaron Bummer,,,2.347826086956522,3.0,41.0,53.0,6.0,7.0,4.959183673469388,3.6666666666666665,58.0,70.0,0,,,,,,
777238,2025-07-05,R,Milwaukee Brewers,Miami Marlins,2,4,1,Chad Patrick,Cal Quantrill,6.0,5.0,2.7794117647058822,3.0,64.0,50.0,6.0,5.0,2.5251798561151078,4.333333333333333,71.0,45.0,0,,,,,,
777240,2025-07-05,R,Detroit Tigers,Cleveland Guardians,1,0,0,Casey Mize,Logan Allen,6.0,6.0,5.048780487804878,3.0,31.0,56.0,7.0,6.666666666666667,3.75,4.666666666666667,69.0,50.0,0,,,,,,
777241,2025-07-05,R,New York Yankees,New York Mets,6,12,1,Carlos Rodón,Frankie Montas,6.0,4.0,5.430167597765363,4.666666666666667,51.0,71.0,5.0,5.0,6.590551181102362,3.0,68.0,68.0,1,,,,,,
777205,2025-07-06,R,Pittsburgh Pirates,Seattle Mariners,0,1,1,Paul Skenes,George Kirby,6.0,6.0,3.1973684210526314,2.0,68.0,51.0,5.0,5.0,1.5319148936170213,3.0,61.0,31.0,1,,,,,,
777206,2025-07-06,R,Houston Astros,Los Angeles Dodgers,5,1,0,Ryan Gusto,Emmet Sheehan,18.0,4.0,5.661290322580645,7.0,70.0,61.0,14.0,6.0,3.230769230769231,3.0,66.0,44.0,0,,,,,,
777207,2025-07-06,R,Texas Rangers,San Diego Padres,1,4,1,Jack Leiter,David Morgan,,,3.4285714285714284,3.6666666666666665,37.0,52.0,7.0,6.0,3.6818181818181817,3.0,60.0,53.0,1,,,,,,
777210,2025-07-06,R,San Francisco Giants,Athletics,6,2,0,Hayden Birdsong,Jacob Lopez,6.0,3.3333333333333335,3.9160305343511452,4.666666666666667,47.0,59.0,5.0,4.0,4.9465648854961835,2.3333333333333335,52.0,68.0,1,,,,,,
777213,2025-07-06,R,Boston Red Sox,Washington Nationals,6,4,0,Garrett Crochet,Shinnosuke Ogasawara,,,6.954545454545454,3.0,71.0,88.0,6.0,6.0,5.318181818181818,4.0,75.0,63.0,0,,,,,,
777214,2025-07-06,R,Los Angeles Angels,Toronto Blue Jays,2,3,1,Tyler Anderson,Kevin Gausman,5.0,5.0,4.032467532467533,7.0,81.0,62.0,5.0,6.0,3.965034965034965,5.333333333333333,63.0,58.0,1,,,,,,
777215,2025-07-06,R,Chicago White Sox,Colorado Rockies,4,6,1,Shane Smith,Chase Dollander,5.0,2.6666666666666665,4.2534246575342465,3.0,43.0,70.0,5.0,4.666666666666667,2.3625,3.6666666666666665,39.0,46.0,0,,,,,,
777216,2025-07-06,R,New York Yankees,New York Mets,6,4,0,Max Fried,Chris Devenski,,,5.796610169491525,3.3333333333333335,52.0,73.0,5.0,6.0,7.476923076923077,3.0,65.0,80.0,1,,,,,,
777217,2025-07-06,R,Cincinnati Reds,Philadelphia Phillies,1,3,1,Chase Burns,Zack Wheeler,6.0,8.0,2.475,4.0,48.0,30.0,6.0,0.3333333333333333,3.9375,2.0,58.0,55.0,0,,,,,,
777218,2025-07-06,R,Kansas City Royals,Arizona Diamondbacks,4,0,0,Michael Lorenzen,Anthony DeSclafani,,,4.153846153846154,2.0,67.0,62.0,5.0,4.666666666666667,3.9767441860465116,4.0,40.0,54.0,0,,,,,,
777219,2025-07-06,R,St. Louis Cardinals,Chicago Cubs,0,11,1,Erick Fedde,Matthew Boyd,5.0,7.0,2.958904109589041,8.666666666666666,70.0,59.0,6.0,5.0,2.9745762711864407,4.0,49.0,60.0,1,,,,,,
777220,2025-07-06,R,Tampa Bay Rays,Minnesota Twins,7,5,0,Drew Rasmussen,Joe Ryan,5.0,7.0,4.591836734693878,8.0,49.0,56.0,6.0,3.0,8.844827586206897,2.3333333333333335,56.0,65.0,1,,,,,,
777222,2025-07-06,R,Baltimore Orioles,Atlanta Braves,2,1,0,Trevor Rogers,Grant Holmes,5.0,6.0,3.0397350993377485,7.666666666666667,40.0,62.0,6.0,5.333333333333333,4.7114093959731544,5.666666666666667,67.0,67.0,0,,,,,,
777224,2025-07-06,R,Milwaukee Brewers,Miami Marlins,3,1,0,Brandon Woodruff,Edward Cabrera,5.0,7.0,1.9424460431654675,5.333333333333333,68.0,45.0,,,2.9136690647482015,3.0,64.0,49.0,0,,,,,,
777226,2025-07-06,R,Detroit Tigers,Cleveland Guardians,7,2,0,Tarik Skubal,Gavin Williams,5.0,5.666666666666667,4.609756097560975,3.0,27.0,55.0,7.0,7.0,3.375,2.0,67.0,42.0,0,,,,,,
777199,2025-07-07,R,Philadelphia Phillies,San Francisco Giants,1,3,1,Cristopher Sánchez,Landen Roupp,5.0,4.0,4.9465648854961835,4.0,49.0,65.0,5.0,7.0,2.3893805309734515,0.0,44.0,30.0,0,,,,,,
777200,2025-07-07,R,Texas Rangers,Los Angeles Angels,5,6,1,Jacob deGrom,Yusei Kikuchi,5.0,5.666666666666667,3.4714285714285715,3.0,58.0,53.0,6.0,6.0,3.1354838709677417,4.333333333333333,58.0,49.0,0,,,,,,
777201,2025-07-07,R,Los Angeles Dodgers,Milwaukee Brewers,1,9,1,Yoshinobu Yamamoto,Freddy Peralta,5.0,6.0,2.0610687022900764,3.0,58.0,42.0,6.0,7.0,5.586206896551724,4.0,58.0,59.0,0,,,,,,
777202,2025-07-07,R,Cleveland Guardians,Houston Astros,7,5,0,Tanner Bibee,Colton Gordon,6.0,4.666666666666667,2.769230769230769,3.0,63.0,38.0,5.0,4.0,5.441860465116279,4.0,26.0,62.0,0,,,,,,
777203,2025-07-07,R,Arizona Diamondbacks,San Diego Padres,6,3,0,Zac Gallen,Yu Darvish,,,3.020979020979021,7.666666666666667,38.0,51.0,6.0,7.0,3.9705882352941178,5.0,65.0,62.0,0,,,,,,
777204,2025-07-07,R,Pittsburgh Pirates,Kansas City Royals,3,9,1,Andrew Heaney,Noah Cameron,5.0,4.666666666666667,3.558139534883721,2.0,42.0,51.0,7.0,6.666666666666667,1.7482014388489209,3.0,53.0,29.0,0,,,,,,
777208,2025-07-07,R,Miami Marlins,Cincinnati Reds,5,1,0,Janson Junk,Brady Singer,6.0,3.0,4.195945945945946,3.3333333333333335,55.0,57.0,5.0,6.0,2.1838235294117645,2.0,64.0,45.0,0,,,,,,
777209,2025-07-07,R,Colorado Rockies,Boston Red Sox,3,9,1,Austin Gomber,Richard Fitts,6.0,3.0,5.086956521739131,4.0,76.0,58.0,5.0,5.0,4.291390728476821,5.333333333333333,45.0,72.0,0,,,,,,
777211,2025-07-07,R,Tampa Bay Rays,Detroit Tigers,1,5,1,Shane Baz,Keider Montero,36.0,4.666666666666667,3.24,3.0,65.0,41.0,6.0,7.0,6.75,8.0,60.0,61.0,0,,,,,,
777212,2025-07-07,R,Toronto Blue Jays,Chicago White Sox,8,4,0,José Berríos,Sean Burke,12.0,5.0,2.4846625766871164,3.6666666666666665,39.0,50.0,5.0,4.333333333333333,4.006451612903226,3.3333333333333335,82.0,60.0,0,,,,,,
777180,2025-07-08,R,Texas Rangers,Los Angeles Angels,13,1,0,Nathan Eovaldi,José Soriano,5.0,7.0,3.4714285714285715,4.0,55.0,53.0,6.0,5.0,3.4615384615384617,3.3333333333333335,63.0,49.0,1,,,,,,
777185,2025-07-08,R,Arizona Diamondbacks,San Diego Padres,0,1,1,Merrill Kelly,Nick Pivetta,6.0,6.0,2.793103448275862,5.333333333333333,35.0,47.0,6.0,6.0,4.169117647058823,3.0,61.0,65.0,0,,,,,,
777186,2025-07-08,R,Philadelphia Phillies,San Francisco Giants,3,4,1,Taijuan Walker,Robbie Ray,5.0,9.0,4.531468531468532,4.0,52.0,66.0,39.0,4.0,2.793103448275862,1.0,45.0,33.0,1,,,,,,
777187,2025-07-08,R,Seattle Mariners,New York Yankees,3,10,1,Logan Gilbert,Will Warren,6.0,4.0,7.902439024390244,0.0,66.0,76.0,6.0,4.666666666666667,3.1079136690647484,0.0,44.0,43.0,0,,,,,,
777188,2025-07-08,R,Toronto Blue Jays,Chicago White Sox,6,1,0,Chris Bassitt,Aaron Civale,5.0,5.0,2.4545454545454546,4.0,43.0,48.0,5.0,5.666666666666667,3.951219512195122,3.0,90.0,64.0,0,,,,,,
777189,2025-07-08,R,Atlanta Braves,Athletics,1,10,1,Didier Fuentes,Jeffrey Springs,7.0,5.333333333333333,4.2631578947368425,0.0,49.0,62.0,6.0,3.6666666666666665,3.143835616438356,0.0,35.0,57.0,0,,,,,,
777190,2025-07-08,R,Chicago Cubs,Minnesota Twins,1,8,1,Shota Imanaga,Simeon Woods Richardson,6.0,5.0,3.3488372093023258,0.0,44.0,43.0,6.0,5.333333333333333,1.7608695652173914,0.0,73.0,37.0,0,,,,,,
777191,2025-07-08,R,Washington Nationals,St. Louis Cardinals,2,4,1,Jake Irvin,Sonny Gray,6.0,6.333333333333333,3.825,0.0,40.0,65.0,5.0,6.0,4.835820895522388,0.0,58.0,75.0,0,,,,,,
777192,2025-07-08,R,Cleveland Guardians,Houston Astros,10,6,0,Joey Cantillo,Hunter Brown,6.0,6.0,2.9763779527559056,3.3333333333333335,68.0,45.0,5.0,3.3333333333333335,5.133802816901408,4.333333333333333,33.0,67.0,0,,,,,,
777193,2025-07-08,R,Los Angeles Dodgers,Milwaukee Brewers,1,3,1,Clayton Kershaw,Jacob Misiorowski,6.0,3.6666666666666665,2.109375,3.0,63.0,38.0,6.0,6.0,5.510204081632653,7.333333333333333,59.0,68.0,1,,,,,,
777194,2025-07-08,R,Pittsburgh Pirates,Kansas City Royals,3,4,1,Mitch Keller,Seth Lugo,5.0,6.333333333333333,3.6,2.0,51.0,54.0,6.0,7.0,1.9852941176470589,5.0,51.0,34.0,1,,,,,,
777195,2025-07-08,R,Tampa Bay Rays,Detroit Tigers,2,4,1,Ryan Pepiot,Jack Flaherty,6.0,5.0,3.0223880597014925,3.0,70.0,42.0,6.0,6.0,6.850746268656716,2.0,61.0,66.0,1,,,,,,
777196,2025-07-08,R,Colorado Rockies,Boston Red Sox,2,10,1,Kyle Freeland,Brayan Bello,11.0,6.0,4.367647058823529,3.3333333333333335,80.0,52.0,5.0,6.0,4.695652173913044,3.3333333333333335,48.0,81.0,1,,,,,,
777197,2025-07-08,R,Miami Marlins,Cincinnati Reds,12,2,0,Eury Pérez,Nick Martinez,6.0,6.666666666666667,4.438356164383562,4.0,50.0,61.0,5.0,6.0,2.0482758620689654,3.0,69.0,46.0,0,,,,,,
777198,2025-07-08,R,New York Mets,Baltimore Orioles,7,6,0,Clay Holmes,Brandon Young,7.0,4.0,4.623287671232877,0.0,61.0,64.0,6.0,5.333333333333333,6.554913294797688,0.0,53.0,69.0,0,,,,,,
777162,2025-07-09,R,Arizona Diamondbacks,San Diego Padres,8,2,0,Brandon Pfaadt,Dylan Cease,7.0,6.0,2.9562043795620436,3.3333333333333335,32.0,44.0,6.0,6.0,4.464566929133858,1.0,57.0,65.0,0,,,,,,
777163,2025-07-09,R,Philadelphia Phillies,San Francisco Giants,13,0,0,Jesús Luzardo,Justin Verlander,5.0,3.0,4.787234042553192,3.3333333333333335,54.0,65.0,5.0,2.0,3.1640625,4.333333333333333,48.0,36.0,1,,,,,,
777171,2025-07-09,R,Texas Rangers,Los Angeles Angels,8,11,1,Kumar Rocker,Kyle Hendricks,5.0,5.333333333333333,5.0503597122302155,5.0,53.0,64.0,5.0,5.333333333333333,3.0,3.0,70.0,45.0,1,,,,,,
777172,2025-07-09,R,Toronto Blue Jays,Chicago White Sox,1,2,1,Eric Lauer,Adrian Houser,5.0,8.0,2.739130434782609,2.6666666666666665,43.0,50.0,5.0,6.0,3.3529411764705883,0.0,86.0,59.0,0,,,,,,
777173,2025-07-09,R,Chicago Cubs,Minnesota Twins,2,4,1,Cade Horton,David Festa,6.0,6.0,3.3488372093023258,4.0,47.0,38.0,6.0,7.0,3.0681818181818183,2.0,67.0,37.0,1,,,,,,
777174,2025-07-09,R,Cleveland Guardians,Houston Astros,4,2,0,Slade Cecconi,Brandon Walter,6.0,5.0,3.4511278195488724,4.0,73.0,55.0,5.0,6.0,4.32,6.0,37.0,63.0,0,,,,,,
777175,2025-07-09,R,Los Angeles Dodgers,Milwaukee Brewers,2,3,1,Tyler Glasnow,Jose Quintana,6.0,5.333333333333333,2.16,3.0,57.0,36.0,73.0,1.0,5.308988764044944,2.0,51.0,64.0,1,,,,,,
777176,2025-07-09,R,Atlanta Braves,Athletics,9,2,0,Bryce Elder,Mitch Spence,7.0,5.0,3.857142857142857,3.0,55.0,52.0,6.0,5.0,3.1354838709677417,7.0,29.0,63.0,1,,,,,,
777177,2025-07-09,R,Pittsburgh Pirates,Kansas City Royals,3,4,1,Bailey Falter,Kris Bubic,5.0,7.0,3.6,3.0,54.0,52.0,5.0,5.666666666666667,2.302325581395349,1.6666666666666667,51.0,29.0,1,,,,,,
777178,2025-07-09,R,Washington Nationals,St. Louis Cardinals,8,2,0,MacKenzie Gore,Andre Pallante,8.0,7.0,3.403361344537815,4.0,36.0,60.0,7.0,5.333333333333333,4.9465648854961835,2.0,57.0,75.0,1,,,,,,
777179,2025-07-09,R,Colorado Rockies,Boston Red Sox,2,10,1,Antonio Senzatela,Lucas Giolito,5.0,7.666666666666667,4.186046511627907,0.0,88.0,51.0,5.0,5.666666666666667,5.294117647058823,2.3333333333333335,43.0,82.0,1,,,,,,
777182,2025-07-09,R,Tampa Bay Rays,Detroit Tigers,7,3,0,Zack Littell,Reese Olson,5.0,4.333333333333333,3.045112781954887,2.6666666666666665,63.0,40.0,5.0,6.0,7.105263157894737,2.0,58.0,69.0,1,,,,,,
777183,2025-07-09,R,Miami Marlins,Cincinnati Reds,2,7,1,Sandy Alcantara,Andrew Abbott,5.0,3.3333333333333335,4.821428571428571,4.0,47.0,69.0,5.0,6.0,2.0625,4.0,77.0,46.0,0,,,,,,
777184,2025-07-09,R,Seattle Mariners,New York Yankees,6,9,1,Logan Evans,Cam Schlittler,,,7.809917355371901,3.3333333333333335,72.0,74.0,6.0,5.666666666666667,4.2,2.6666666666666665,41.0,48.0,1,,,,,,
777156,2025-07-10,R,Atlanta Braves,Athletics,4,5,1,Spencer Strider,JP Sears,6.0,6.0,3.9705882352941178,3.0,54.0,61.0,6.0,6.0,3.1013513513513513,2.3333333333333335,35.0,58.0,1,,,,,,
777158,2025-07-10,R,Arizona Diamondbacks,San Diego Padres,3,4,1,Eduardo Rodriguez,Randy Vásquez,6.0,6.0,3.2785714285714285,3.0,33.0,52.0,6.0,4.333333333333333,4.204918032786885,1.0,62.0,60.0,0,,,,,,
777159,2025-07-10,R,Texas Rangers,Los Angeles Angels,11,4,0,Patrick Corbin,Jack Kochanowicz,5.0,5.333333333333333,5.25503355704698,5.333333333333333,59.0,70.0,5.0,6.0,3.4177215189873418,3.6666666666666665,71.0,56.0,1,,,,,,
777165,2025-07-10,R,New York Mets,Baltimore Orioles,1,3,1,David Peterson,Charlie Morton,6.0,5.333333333333333,4.984615384615385,0.0,62.0,58.0,7.0,6.666666666666667,5.597560975609756,0.0,49.0,65.0,0,,,,,,
777166,2025-07-10,R,Chicago Cubs,Minnesota Twins,8,1,0,Colin Rea,Chris Paddack,6.0,5.0,3.2977099236641223,3.6666666666666665,49.0,40.0,6.0,6.666666666666667,3.045112781954887,3.3333333333333335,61.0,41.0,1,,,,,,
777167,2025-07-10,R,Washington Nationals,St. Louis Cardinals,1,8,1,Michael Soroka,Miles Mikolas,6.0,6.0,3.6160714285714284,3.0,38.0,60.0,6.0,4.0,5.037313432835821,3.0,65.0,76.0,1,,,,,,
777168,2025-07-10,R,Miami Marlins,Cincinnati Reds,0,6,1,Cal Quantrill,Nick Lodolo,5.0,6.0,4.704545454545454,1.3333333333333333,53.0,64.0,5.0,3.6666666666666665,1.9424460431654675,3.0,71.0,48.0,0,,,,,,
777169,2025-07-10,R,Seattle Mariners,New York Yankees,5,6,1,Bryan Woo,Marcus Stroman,6.0,5.0,8.142857142857142,3.6666666666666665,74.0,79.0,6.0,6.0,4.273381294964029,3.3333333333333335,47.0,55.0,1,,,,,,
777170,2025-07-10,R,Tampa Bay Rays,Boston Red Sox,3,4,1,Taj Bradley,Walker Buehler,5.0,5.0,4.071428571428571,3.0,96.0,48.0,5.0,5.666666666666667,7.213740458015267,3.3333333333333335,62.0,72.0,0,,,,,,
777181,2025-07-10,R,New York Mets,Baltimore Orioles,3,7,1,Brandon Waddell,Tomoyuki Sugano,8.0,4.666666666666667,4.661870503597123,0.0,65.0,59.0,,,5.820359281437126,0.0,50.0,68.0,0,,,,,,
777139,2025-07-11,R,Philadelphia Phillies,San Diego Padres,2,4,1,Ranger Suarez,Ryan Bergert,17.0,3.0,3.155844155844156,4.666666666666667,37.0,55.0,6.0,5.0,2.877049180327869,0.0,60.0,32.0,0,,,,,,
777143,2025-07-11,R,Los Angeles Dodgers,San Francisco Giants,7,8,1,Dustin May,Logan Webb,6.0,6.666666666666667,5.2682926829268295,0.0,44.0,58.0,8.0,7.0,5.7176470588235295,0.0,42.0,65.0,0,,,,,,
777147,2025-07-11,R,Atlanta Braves,St. Louis Cardinals,6,5,0,Grant Holmes,Matthew Liberatore,6.0,5.0,3.6818181818181817,3.3333333333333335,46.0,58.0,5.0,6.0,2.88,3.6666666666666665,39.0,59.0,0,,,,,,
777148,2025-07-11,R,Pittsburgh Pirates,Minnesota Twins,1,2,1,Paul Skenes,Joe Ryan,5.0,6.0,3.50381679389313,4.0,40.0,47.0,5.0,5.0,2.5511811023622046,0.0,52.0,29.0,0,,,,,,
777149,2025-07-11,R,Washington Nationals,Milwaukee Brewers,3,8,1,Mitchell Parker,DL Hall,37.0,3.0,2.16,0.0,56.0,36.0,6.0,6.0,5.732876712328767,4.0,66.0,84.0,0,,,,,,
777150,2025-07-11,R,Arizona Diamondbacks,Los Angeles Angels,5,6,1,Ryne Nelson,Tyler Anderson,5.0,5.0,5.142857142857143,6.333333333333333,63.0,81.0,6.0,7.0,3.828358208955224,4.0,65.0,64.0,0,,,,,,
777151,2025-07-11,R,New York Mets,Kansas City Royals,8,3,0,Kodai Senga,Michael Wacha,6.0,4.0,3.857142857142857,0.0,58.0,48.0,29.0,5.666666666666667,6.460122699386503,6.0,49.0,75.0,0,,,,,,
777152,2025-07-11,R,Toronto Blue Jays,Athletics,7,6,0,Max Scherzer,Luis Severino,6.0,4.333333333333333,2.9793103448275864,6.0,59.0,57.0,6.0,4.0,3.24,0.0,77.0,56.0,0,,,,,,
777153,2025-07-11,R,Chicago Cubs,New York Yankees,0,11,1,Chris Flexen,Carlos Rodón,6.0,5.0,7.851063829787234,5.0,80.0,84.0,,,3.188976377952756,2.0,66.0,42.0,0,,,,,,
777154,2025-07-11,R,Texas Rangers,Houston Astros,7,3,0,Jack Leiter,Lance McCullers Jr.,7.0,6.0,3.9193548387096775,0.0,71.0,58.0,5.0,3.6666666666666665,3.4941176470588236,4.0,82.0,60.0,0,,,,,,
777155,2025-07-11,R,Tampa Bay Rays,Boston Red Sox,4,5,1,Drew Rasmussen,Hunter Dobbins,21.0,4.0,3.8,3.0,100.0,51.0,5.0,2.0,7.656716417910448,2.0,61.0,76.0,1,,,,,,
777157,2025-07-11,R,Miami Marlins,Baltimore Orioles,2,5,1,Edward Cabrera,Dean Kremer,6.0,4.333333333333333,4.378378378378378,6.0,72.0,62.0,5.0,7.0,2.0454545454545454,3.0,59.0,49.0,0,,,,,,
777160,2025-07-11,R,Colorado Rockies,Cincinnati Reds,3,2,0,Germán Márquez,Chase Burns,5.0,4.666666666666667,4.404255319148936,3.0,59.0,64.0,6.0,6.0,5.5928571428571425,0.0,43.0,81.0,0,,,,,,
777161,2025-07-11,R,Seattle Mariners,Detroit Tigers,12,3,0,Luis Castillo,Tarik Skubal,5.0,7.0,4.354838709677419,0.0,58.0,44.0,6.0,7.0,3.5474452554744524,2.3333333333333335,51.0,51.0,0,,,,,,
777164,2025-07-11,R,Cleveland Guardians,Chicago White Sox,4,2,0,Logan Allen,Shane Smith,5.0,4.333333333333333,2.659090909090909,0.0,38.0,48.0,6.0,6.0,4.2631578947368425,0.0,36.0,55.0,0,,,,,,
777146,2025-07-11,R,Cleveland Guardians,Chicago White Sox,4,5,1,Gavin Williams,Jonathan Cannon,6.0,5.333333333333333,2.7,0.0,40.0,52.0,5.0,6.0,3.992957746478873,0.0,40.0,57.0,0,,,,,,
777126,2025-07-12,R,Philadelphia Phillies,San Diego Padres,4,5,1,Zack Wheeler,Yu Darvish,5.0,3.6666666666666665,2.4387096774193546,4.333333333333333,40.0,49.0,6.0,9.0,3.6,1.3333333333333333,49.0,36.0,1,,,,,,
777127,2025-07-12,R,Los Angeles Dodgers,San Francisco Giants,2,1,0,Shohei Ohtani,Landen Roupp,5.0,5.0,5.487804878048781,3.6666666666666665,49.0,64.0,7.0,2.0,6.054545454545455,3.3333333333333335,44.0,69.0,1,,,,,,
777131,2025-07-12,R,Arizona Diamondbacks,Los Angeles Angels,5,10,1,Zac Gallen,Yusei Kikuchi,5.0,5.0,4.418181818181818,4.0,60.0,71.0,5.0,6.0,3.4,4.333333333333333,62.0,61.0,1,,,,,,
777132,2025-07-12,R,Toronto Blue Jays,Athletics,3,4,1,Kevin Gausman,Jacob Lopez,6.0,4.333333333333333,2.8993288590604025,4.333333333333333,65.0,61.0,6.0,5.666666666666667,3.7058823529411766,3.0,75.0,62.0,0,,,,,,
777133,2025-07-12,R,Atlanta Braves,St. Louis Cardinals,7,6,0,Aaron Bummer,Erick Fedde,6.0,1.3333333333333333,3.1640625,6.0,46.0,64.0,7.0,2.3333333333333335,2.3877551020408165,6.0,45.0,51.0,0,,,,,,
777134,2025-07-12,R,Pittsburgh Pirates,Minnesota Twins,4,12,1,Mike Burrows,Cole Sands,7.0,1.0,3.2481203007518795,4.0,38.0,47.0,7.0,5.0,2.592,3.0,44.0,30.0,1,,,,,,
777135,2025-07-12,R,Washington Nationals,Milwaukee Brewers,5,6,1,Shinnosuke Ogasawara,Brandon Woodruff,6.0,6.0,2.030075187969925,6.0,54.0,33.0,6.0,2.6666666666666665,6.084507042253521,3.3333333333333335,54.0,83.0,1,,,,,,
777136,2025-07-12,R,New York Mets,Kansas City Royals,3,1,0,Frankie Montas,Angel Zerpa,,,5.487804878048781,4.0,57.0,51.0,7.0,5.666666666666667,6.107142857142857,5.0,56.0,69.0,0,,,,,,
777137,2025-07-12,R,Texas Rangers,Houston Astros,4,5,1,Jacob deGrom,Framber Valdez,7.0,6.0,3.4511278195488724,6.0,67.0,61.0,5.0,5.0,3.5064935064935066,3.6666666666666665,83.0,56.0,0,,,,,,
777138,2025-07-12,R,Cleveland Guardians,Chicago White Sox,6,2,0,Tanner Bibee,Sean Burke,5.0,5.0,2.6470588235294117,12.0,44.0,53.0,5.0,4.666666666666667,3.5526315789473686,8.333333333333334,44.0,57.0,0,,,,,,
777140,2025-07-12,R,Colorado Rockies,Cincinnati Reds,3,4,1,Bradley Blalock,Brady Singer,5.0,5.0,4.408163265306122,3.0,53.0,66.0,63.0,3.6666666666666665,5.321167883211679,3.0,40.0,73.0,0,,,,,,
777141,2025-07-12,R,Miami Marlins,Baltimore Orioles,6,0,0,Janson Junk,Trevor Rogers,6.0,6.666666666666667,4.753521126760563,2.0,55.0,56.0,5.0,6.0,1.4538461538461538,4.0,52.0,46.0,1,,,,,,
777142,2025-07-12,R,Chicago Cubs,New York Yankees,5,2,0,Matthew Boyd,Max Fried,6.0,5.0,8.386363636363637,1.0,88.0,84.0,6.0,5.0,4.889763779527559,4.0,62.0,46.0,1,,,,,,
777144,2025-07-12,R,Tampa Bay Rays,Boston Red Sox,0,1,1,Shane Baz,Garrett Crochet,6.0,5.0,2.3716216216216215,7.333333333333333,105.0,46.0,5.0,6.0,5.2388059701492535,6.333333333333333,57.0,59.0,1,,,,,,
777145,2025-07-12,R,Seattle Mariners,Detroit Tigers,15,7,0,George Kirby,Casey Mize,7.0,7.0,5.616,4.0,60.0,52.0,6.0,6.333333333333333,3.558139534883721,4.0,56.0,48.0,0,,,,,,
777113,2025-07-13,R,Pittsburgh Pirates,Minnesota Twins,2,1,0,Mitch Keller,Simeon Woods Richardson,5.0,5.0,2.938775510204082,7.0,45.0,41.0,5.0,6.666666666666667,3.731707317073171,6.666666666666667,39.0,40.0,1,,,,,,
777115,2025-07-13,R,Arizona Diamondbacks,Los Angeles Angels,5,1,0,Merrill Kelly,José Soriano,5.0,4.0,4.638036809815951,3.3333333333333335,62.0,74.0,5.0,7.0,3.558139534883721,3.0,60.0,63.0,1,,,,,,
777116,2025-07-13,R,Toronto Blue Jays,Athletics,3,6,1,José Berríos,Jeffrey Springs,5.0,6.0,3.0397350993377485,4.0,62.0,64.0,6.0,6.0,2.8125,3.0,77.0,51.0,0,,,,,,
777117,2025-07-13,R,Philadelphia Phillies,San Diego Padres,2,1,0,Cristopher Sánchez,Nick Pivetta,5.0,5.666666666666667,2.4545454545454546,4.333333333333333,39.0,49.0,6.0,7.0,2.911764705882353,2.0,52.0,35.0,1,,,,,,
777118,2025-07-13,R,Atlanta Braves,St. Louis Cardinals,4,5,1,Davis Daniel,Sonny Gray,5.0,5.0,4.071428571428571,4.333333333333333,43.0,65.0,,,2.6666666666666665,7.0,46.0,56.0,0,,,,,,
777119,2025-07-13,R,Los Angeles Dodgers,San Francisco Giants,5,2,0,Yoshinobu Yamamoto,Robbie Ray,5.0,5.666666666666667,5.357142857142857,3.0,50.0,65.0,6.0,0.6666666666666666,4.745454545454545,6.0,41.0,61.0,1,,,,,,
777120,2025-07-13,R,Cleveland Guardians,Chicago White Sox,6,5,0,Joey Cantillo,Aaron Civale,5.0,4.0,3.2264150943396226,4.0,45.0,59.0,5.0,4.0,2.5369127516778525,3.3333333333333335,44.0,50.0,0,,,,,,
777121,2025-07-13,R,Seattle Mariners,Detroit Tigers,8,4,0,Logan Gilbert,Jack Flaherty,5.0,6.333333333333333,6.352941176470588,6.0,57.0,62.0,5.0,5.333333333333333,4.122137404580153,4.0,69.0,52.0,0,,,,,,
777122,2025-07-13,R,Chicago Cubs,New York Yankees,4,1,0,Shota Imanaga,Will Warren,5.0,5.666666666666667,7.659574468085107,6.0,90.0,82.0,5.0,6.0,5.491525423728813,1.0,55.0,45.0,1,,,,,,
777123,2025-07-13,R,Washington Nationals,Milwaukee Brewers,1,8,1,Jake Irvin,Freddy Peralta,6.0,6.0,2.4893617021276597,4.666666666666667,55.0,38.0,5.0,6.0,5.073825503355705,4.333333333333333,57.0,81.0,1,,,,,,
777124,2025-07-13,R,New York Mets,Kansas City Royals,2,3,1,Clay Holmes,Noah Cameron,6.0,7.0,4.532846715328467,8.0,49.0,49.0,5.0,5.0,5.433962264150943,4.0,57.0,61.0,0,,,,,,
777125,2025-07-13,R,Texas Rangers,Houston Astros,5,1,0,Nathan Eovaldi,Hunter Brown,5.0,6.0,3.0916030534351147,5.0,69.0,53.0,5.0,6.0,3.832258064516129,4.333333333333333,84.0,59.0,0,,,,,,
777128,2025-07-13,R,Colorado Rockies,Cincinnati Reds,2,4,1,Austin Gomber,Nick Martinez,5.0,5.0,3.5874125874125875,2.6666666666666665,53.0,63.0,6.0,4.666666666666667,6.090225563909774,2.3333333333333335,43.0,72.0,0,,,,,,
777129,2025-07-13,R,Miami Marlins,Baltimore Orioles,11,1,0,Eury Pérez,Brandon Young,5.0,5.333333333333333,4.968,2.3333333333333335,52.0,51.0,5.0,5.0,1.5241935483870968,2.0,50.0,39.0,1,,,,,,
777130,2025-07-13,R,Tampa Bay Rays,Boston Red Sox,1,4,1,Ryan Pepiot,Brayan Bello,5.0,9.0,2.471830985915493,0.0,91.0,45.0,5.0,6.0,4.87218045112782,1.6666666666666667,46.0,57.0,1,,,,,,
777098,2025-07-18,R,Detroit Tigers,Texas Rangers,0,2,1,Reese Olson,Patrick Corbin,8.0,5.0,3.6,0.0,63.0,42.0,9.0,5.0,7.29,0.0,36.0,48.0,0,,,,,,
777099,2025-07-18,R,Houston Astros,Seattle Mariners,1,6,1,Brandon Walter,Luis Castillo,7.0,5.0,4.879518072289157,0.0,57.0,39.0,9.0,6.0,3.145631067961165,0.0,51.0,43.0,0,,,,,,
777100,2025-07-18,R,St. Louis Cardinals,Arizona Diamondbacks,3,7,1,Andre Pallante,Brandon Pfaadt,9.0,8.0,1.96875,0.0,42.0,41.0,9.0,6.0,4.3474576271186445,0.0,41.0,56.0,0,,,,,,
777101,2025-07-18,R,Boston Red Sox,Chicago Cubs,1,4,1,Lucas Giolito,Colin Rea,8.0,7.0,7.363636363636363,0.0,48.0,38.0,9.0,6.0,1.569767441860465,0.0,70.0,24.0,0,,,,,,
777102,2025-07-18,R,Minnesota Twins,Colorado Rockies,4,6,1,Chris Paddack,Kyle Freeland,10.0,5.666666666666667,7.670454545454546,0.0,26.0,56.0,8.0,5.0,3.3488372093023258,0.0,43.0,33.0,0,,,,,,
777103,2025-07-18,R,Milwaukee Brewers,Los Angeles Dodgers,2,0,0,Quinn Priester,Tyler Glasnow,9.0,5.0,6.340909090909091,0.0,24.0,55.0,14.0,4.666666666666667,2.43,0.0,48.0,23.0,0,,,,,,
777105,2025-07-18,R,Athletics,Cleveland Guardians,6,8,1,JP Sears,Slade Cecconi,9.0,7.0,2.3275862068965516,0.0,44.0,37.0,8.0,5.0,2.3142857142857145,0.0,48.0,42.0,0,,,,,,
777106,2025-07-18,R,Los Angeles Angels,Philadelphia Phillies,6,5,0,Ryan Zeferjahn,Jesús Luzardo,9.0,7.0,3.857142857142857,0.0,39.0,28.0,,,3.6818181818181817,0.0,47.0,63.0,0,,,,,,
777107,2025-07-18,R,Chicago White Sox,Pittsburgh Pirates,10,1,0,Jonathan Cannon,Bailey Falter,9.0,4.666666666666667,4.935483870967742,0.0,16.0,40.0,7.0,5.0,3.375,0.0,38.0,46.0,0,,,,,,
777108,2025-07-18,R,San Francisco Giants,Toronto Blue Jays,0,4,1,Justin Verlander,Chris Bassitt,10.0,6.0,1.9484536082474226,0.0,39.0,31.0,9.0,6.0,4.86,0.0,33.0,46.0,0,,,,,,
777109,2025-07-18,R,Kansas City Royals,Miami Marlins,7,8,1,Seth Lugo,Sandy Alcantara,9.0,5.0,1.4361702127659575,0.0,48.0,33.0,10.0,6.0,4.989130434782608,0.0,38.0,32.0,0,,,,,,
777110,2025-07-18,R,Baltimore Orioles,Tampa Bay Rays,1,11,1,Charlie Morton,Taj Bradley,8.0,6.0,5.4,0.0,33.0,41.0,8.0,6.0,4.882978723404255,0.0,36.0,39.0,0,,,,,,
777111,2025-07-18,R,Cincinnati Reds,New York Mets,8,4,0,Nick Lodolo,Sean Manaea,,,4.460869565217391,0.0,46.0,40.0,8.0,6.0,2.479591836734694,0.0,37.0,41.0,0,,,,,,
777112,2025-07-18,R,San Diego Padres,Washington Nationals,7,2,0,Dylan Cease,Michael Soroka,8.0,4.0,5.823529411764706,0.0,29.0,63.0,9.0,6.0,1.8984375,0.0,31.0,35.0,0,,,,,,
777114,2025-07-18,R,New York Yankees,Atlanta Braves,3,7,1,Ian Hamilton,Spencer Strider,8.0,6.666666666666667,3.0916030534351147,0.0,40.0,47.0,,,5.785714285714286,0.0,56.0,45.0,0,,,,,,
777080,2025-07-19,R,Minnesota Twins,Colorado Rockies,6,10,1,Zebby Matthews,Antonio Senzatela,10.0,5.0,8.689655172413794,3.0,30.0,57.0,45.0,5.0,3.4285714285714284,3.0,43.0,36.0,1,,,,,,
777081,2025-07-19,R,St. Louis Cardinals,Arizona Diamondbacks,1,10,1,Sonny Gray,Ryne Nelson,8.0,4.0,3.0681818181818183,2.0,46.0,35.0,6.0,3.0,3.762295081967213,3.3333333333333335,41.0,52.0,1,,,,,,
777085,2025-07-19,R,Milwaukee Brewers,Los Angeles Dodgers,8,7,0,Freddy Peralta,Emmet Sheehan,13.0,5.0,4.390243902439025,3.0,23.0,39.0,6.0,6.666666666666667,2.53125,3.0,44.0,18.0,0,,,,,,
777086,2025-07-19,R,Houston Astros,Seattle Mariners,6,7,1,Lance McCullers Jr.,Logan Evans,10.0,4.666666666666667,5.333333333333333,2.3333333333333335,57.0,40.0,8.0,3.0,4.59,2.0,34.0,48.0,1,,,,,,
777088,2025-07-19,R,Detroit Tigers,Texas Rangers,1,4,1,Keider Montero,Kumar Rocker,10.0,4.333333333333333,3.7058823529411766,3.3333333333333335,63.0,39.0,12.0,6.0,8.242105263157894,3.0,34.0,49.0,1,,,,,,
777089,2025-07-19,R,Los Angeles Angels,Philadelphia Phillies,5,9,1,Yusei Kikuchi,Taijuan Walker,11.0,4.0,3.9193548387096775,4.333333333333333,38.0,25.0,7.0,5.666666666666667,4.096551724137931,8.0,50.0,64.0,0,,,,,,
777090,2025-07-19,R,Chicago White Sox,Pittsburgh Pirates,10,4,0,Adrian Houser,Mike Burrows,7.0,1.3333333333333333,5.6138613861386135,5.0,17.0,44.0,10.0,7.0,3.2869565217391306,2.0,45.0,45.0,0,,,,,,
777091,2025-07-19,R,San Diego Padres,Washington Nationals,2,4,1,Yu Darvish,Mitchell Parker,8.0,4.666666666666667,6.545454545454546,4.0,29.0,59.0,7.0,4.666666666666667,2.338582677165354,3.6666666666666665,35.0,35.0,0,,,,,,
777092,2025-07-19,R,Cincinnati Reds,New York Mets,5,2,0,Nick Martinez,Clay Holmes,6.0,5.0,5.818965517241379,5.0,44.0,43.0,6.0,5.333333333333333,2.1724137931034484,2.0,36.0,39.0,0,,,,,,
777093,2025-07-19,R,Kansas City Royals,Miami Marlins,1,3,1,Michael Wacha,Cal Quantrill,9.0,5.0,1.6701030927835052,4.0,51.0,34.0,8.0,5.0,5.34375,3.3333333333333335,36.0,37.0,1,,,,,,
777094,2025-07-19,R,San Francisco Giants,Toronto Blue Jays,3,6,1,Logan Webb,Eric Lauer,10.0,4.0,1.7419354838709677,2.6666666666666665,39.0,28.0,8.0,5.333333333333333,4.00990099009901,5.333333333333333,31.0,39.0,1,,,,,,
777095,2025-07-19,R,Baltimore Orioles,Tampa Bay Rays,3,4,1,Dean Kremer,Zack Littell,10.0,5.666666666666667,4.683673469387755,3.0,41.0,38.0,8.0,7.0,6.230769230769231,2.6666666666666665,34.0,48.0,1,,,,,,
777096,2025-07-19,R,Boston Red Sox,Chicago Cubs,0,6,1,Brayan Bello,Shota Imanaga,6.0,7.0,6.387096774193548,4.0,41.0,36.0,6.0,6.333333333333333,1.2,2.6666666666666665,60.0,26.0,1,,,,,,
777097,2025-07-19,R,New York Yankees,Atlanta Braves,12,9,0,Will Warren,Joey Wentz,,,3.7099236641221376,3.0,45.0,47.0,6.0,5.333333333333333,5.4,7.0,54.0,46.0,1,,,,,,
777104,2025-07-19,R,Athletics,Cleveland Guardians,8,2,0,Luis Severino,Logan Allen,8.0,6.0,2.477064220183486,0.6666666666666666,51.0,41.0,8.0,4.666666666666667,2.0,4.0,43.0,48.0,1,,,,,,
777067,2025-07-20,R,Houston Astros,Seattle Mariners,11,3,0,Hunter Brown,Bryan Woo,10.0,7.333333333333333,5.34375,7.0,63.0,46.0,7.0,5.0,4.2631578947368425,7.666666666666667,34.0,51.0,1,,,,,,
777070,2025-07-20,R,Milwaukee Brewers,Los Angeles Dodgers,6,5,0,Jose Quintana,Clayton Kershaw,12.0,6.0,4.05,6.0,26.0,41.0,11.0,6.0,2.727272727272727,4.0,50.0,21.0,0,,,,,,
777071,2025-07-20,R,St. Louis Cardinals,Arizona Diamondbacks,3,5,1,Miles Mikolas,Merrill Kelly,7.0,5.0,2.967032967032967,3.0,49.0,35.0,10.0,5.666666666666667,3.0483870967741935,4.666666666666667,34.0,56.0,1,,,,,,
777072,2025-07-20,R,Minnesota Twins,Colorado Rockies,7,1,0,Joe Ryan,Germán Márquez,9.0,6.0,8.678571428571429,2.0,37.0,53.0,9.0,5.0,3.789473684210526,4.0,43.0,41.0,1,,,,,,
777073,2025-07-20,R,Detroit Tigers,Texas Rangers,2,1,0,Tarik Skubal,Jacob Latz,26.0,6.0,3.4752475247524752,2.6666666666666665,60.0,36.0,9.0,5.0,7.83,3.6666666666666665,34.0,53.0,1,,,,,,
777074,2025-07-20,R,Chicago White Sox,Pittsburgh Pirates,7,2,0,Aaron Civale,Andrew Heaney,13.0,3.0,7.269230769230769,4.0,21.0,53.0,7.0,5.666666666666667,2.9745762711864407,4.666666666666667,45.0,46.0,0,,,,,,
777075,2025-07-20,R,Boston Red Sox,Chicago Cubs,6,1,0,Garrett Crochet,Cade Horton,11.0,4.666666666666667,5.917808219178082,2.0,41.0,28.0,8.0,9.0,2.25,2.0,50.0,29.0,1,,,,,,
777076,2025-07-20,R,Baltimore Orioles,Tampa Bay Rays,5,3,0,Trevor Rogers,Ryan Pepiot,7.0,6.0,4.05,3.0,40.0,35.0,8.0,6.666666666666667,7.363636363636363,1.0,28.0,46.0,1,,,,,,
777077,2025-07-20,R,San Diego Padres,Washington Nationals,8,1,0,Nick Pivetta,MacKenzie Gore,11.0,6.0,6.545454545454546,3.0,30.0,51.0,7.0,6.666666666666667,2.376,3.0,33.0,32.0,0,,,,,,
777078,2025-07-20,R,Los Angeles Angels,Philadelphia Phillies,8,2,0,José Soriano,Ranger Suarez,9.0,6.666666666666667,4.569230769230769,5.0,42.0,29.0,7.0,5.0,5.673913043478261,3.0,52.0,69.0,0,,,,,,
777079,2025-07-20,R,San Francisco Giants,Toronto Blue Jays,6,8,1,Robbie Ray,José Berríos,7.0,3.0,2.0,3.0,41.0,28.0,7.0,6.0,4.59,2.0,27.0,43.0,1,,,,,,
777082,2025-07-20,R,Kansas City Royals,Miami Marlins,7,4,0,Kris Bubic,Janson Junk,8.0,7.0,2.1,3.0,50.0,33.0,11.0,5.666666666666667,5.4,2.0,36.0,33.0,1,,,,,,
777083,2025-07-20,R,New York Yankees,Atlanta Braves,4,2,0,Marcus Stroman,Grant Holmes,9.0,3.0,5.2682926829268295,5.0,48.0,50.0,10.0,5.0,4.846153846153846,5.333333333333333,60.0,43.0,1,,,,,,
777084,2025-07-20,R,Athletics,Cleveland Guardians,2,8,1,Jeffrey Springs,Gavin Williams,9.0,5.0,3.6486486486486487,3.6666666666666665,53.0,48.0,7.0,6.666666666666667,1.528301886792453,4.0,49.0,43.0,1,,,,,,
777087,2025-07-20,R,Cincinnati Reds,New York Mets,2,3,1,Andrew Abbott,David Peterson,10.0,7.0,5.3076923076923075,3.6666666666666665,34.0,42.0,11.0,7.666666666666667,1.7419354838709677,4.0,40.0,36.0,0,,,,,,
777050,2025-07-21,R,Milwaukee Brewers,Seattle Mariners,6,0,0,Brandon Woodruff,George Kirby,9.0,5.0,6.958762886597938,3.0,65.0,57.0,9.0,4.333333333333333,2.727272727272727,3.0,53.0,25.0,0,,,,,,
777051,2025-07-21,R,Minnesota Twins,Los Angeles Dodgers,2,5,1,David Festa,Shohei Ohtani,9.0,3.0,3.762295081967213,4.666666666666667,30.0,42.0,12.0,5.333333333333333,3.25,2.0,45.0,35.0,0,,,,,,
777053,2025-07-21,R,St. Louis Cardinals,Colorado Rockies,6,2,0,Michael McGreevy,Austin Gomber,8.0,4.333333333333333,9.418604651162791,6.0,32.0,56.0,27.0,4.666666666666667,2.0948275862068964,4.0,37.0,50.0,0,,,,,,
777055,2025-07-21,R,Houston Astros,Arizona Diamondbacks,6,3,0,Colton Gordon,Zac Gallen,9.0,5.0,3.4941176470588236,3.0,54.0,34.0,14.0,5.666666666666667,4.05,5.0,40.0,53.0,0,,,,,,
777057,2025-07-21,R,Athletics,Texas Rangers,2,7,1,Jacob Lopez,Jack Leiter,10.0,5.333333333333333,3.24,4.0,60.0,34.0,9.0,5.0,1.8173076923076923,4.0,49.0,45.0,0,,,,,,
777059,2025-07-21,R,Chicago White Sox,Tampa Bay Rays,8,3,0,Sean Burke,Shane Baz,9.0,6.333333333333333,4.129411764705883,3.0,36.0,35.0,9.0,5.0,3.0258620689655173,3.0,48.0,42.0,0,,,,,,
777060,2025-07-21,R,Detroit Tigers,Pittsburgh Pirates,0,3,1,Jack Flaherty,Paul Skenes,10.0,5.0,6.627272727272727,5.0,23.0,59.0,8.0,5.0,7.714285714285714,2.3333333333333335,29.0,52.0,0,,,,,,
777061,2025-07-21,R,Los Angeles Angels,New York Mets,5,7,1,Tyler Anderson,Kodai Senga,10.0,4.0,4.628571428571429,3.0,33.0,38.0,10.0,5.0,5.8,2.0,58.0,68.0,0,,,,,,
777062,2025-07-21,R,San Diego Padres,Miami Marlins,2,1,0,Randy Vásquez,Eury Pérez,8.0,7.0,1.96875,4.0,53.0,37.0,11.0,4.333333333333333,2.675675675675676,3.0,37.0,32.0,0,,,,,,
777063,2025-07-21,R,Boston Red Sox,Philadelphia Phillies,2,3,1,Walker Buehler,Zack Wheeler,9.0,6.0,4.10126582278481,4.666666666666667,41.0,36.0,11.0,6.0,1.6666666666666667,3.0,50.0,26.0,0,,,,,,
777064,2025-07-21,R,Cincinnati Reds,Washington Nationals,8,10,1,Brady Singer,Jake Irvin,8.0,5.0,5.94,6.666666666666667,27.0,53.0,9.0,6.333333333333333,1.5168539325842696,2.0,41.0,36.0,0,,,,,,
777065,2025-07-21,R,Kansas City Royals,Chicago Cubs,12,4,0,Noah Cameron,Ryan Brasier,,,8.366197183098592,3.3333333333333335,31.0,34.0,8.0,6.666666666666667,5.0625,4.0,39.0,37.0,0,,,,,,
777066,2025-07-21,R,New York Yankees,Toronto Blue Jays,1,4,1,Carlos Rodón,Kevin Gausman,9.0,5.0,2.6666666666666665,3.3333333333333335,46.0,32.0,10.0,8.0,4.973684210526316,3.0,58.0,41.0,0,,,,,,
777068,2025-07-21,R,Baltimore Orioles,Cleveland Guardians,5,10,1,Tomoyuki Sugano,Tanner Bibee,9.0,5.666666666666667,2.8285714285714287,2.0,59.0,43.0,11.0,6.0,7.177215189873418,3.0,31.0,48.0,0,,,,,,
777069,2025-07-21,R,San Francisco Giants,Atlanta Braves,5,9,1,Hayden Birdsong,Bryce Elder,12.0,6.666666666666667,5.487804878048781,3.0,49.0,52.0,15.0,5.0,5.181818181818182,3.6666666666666665,27.0,49.0,0,,,,,,
777035,2025-07-22,R,Milwaukee Brewers,Seattle Mariners,0,1,1,Jacob Misiorowski,Logan Gilbert,9.0,5.333333333333333,6.622641509433962,3.0,65.0,63.0,14.0,6.0,2.4545454545454546,3.0,50.0,24.0,0,,,,,,
777039,2025-07-22,R,Minnesota Twins,Los Angeles Dodgers,10,7,0,Simeon Woods Richardson,Yoshinobu Yamamoto,9.0,7.0,3.2033898305084745,6.0,34.0,35.0,9.0,4.666666666666667,3.2586206896551726,2.6666666666666665,47.0,40.0,1,,,,,,
777040,2025-07-22,R,Houston Astros,Arizona Diamondbacks,3,1,0,Framber Valdez,Eduardo Rodriguez,12.0,4.0,3.176470588235294,3.0,51.0,37.0,10.0,6.0,3.6,3.3333333333333335,41.0,49.0,0,,,,,,
777042,2025-07-22,R,Cincinnati Reds,Washington Nationals,1,6,1,Chase Burns,Brad Lord,77.0,6.0,5.818965517241379,5.333333333333333,37.0,61.0,11.0,6.0,2.0106382978723403,5.666666666666667,48.0,41.0,1,,,,,,
777043,2025-07-22,R,Athletics,Texas Rangers,2,6,1,J.T. Ginn,Jacob deGrom,10.0,6.0,2.4545454545454546,3.0,62.0,30.0,64.0,4.0,2.150442477876106,3.0,51.0,52.0,1,,,,,,
777044,2025-07-22,R,Detroit Tigers,Pittsburgh Pirates,5,8,1,Casey Mize,Mitch Keller,9.0,6.0,5.711538461538462,3.0,23.0,50.0,10.0,3.0,7.269230769230769,5.0,24.0,54.0,1,,,,,,
777045,2025-07-22,R,Boston Red Sox,Philadelphia Phillies,1,4,1,Richard Fitts,Cristopher Sánchez,9.0,7.333333333333333,3.0681818181818183,4.0,43.0,35.0,15.0,5.666666666666667,1.7532467532467533,2.0,43.0,26.0,1,,,,,,
777046,2025-07-22,R,New York Yankees,Toronto Blue Jays,5,4,0,Cam Schlittler,Max Scherzer,11.0,6.0,2.423076923076923,2.0,42.0,29.0,13.0,5.333333333333333,4.609756097560975,3.0,59.0,45.0,1,,,,,,
777047,2025-07-22,R,Kansas City Royals,Chicago Cubs,0,6,1,Rich Hill,Matthew Boyd,10.0,8.0,9.378947368421052,8.0,35.0,46.0,,,4.636363636363637,3.0,42.0,38.0,0,,,,,,
777048,2025-07-22,R,Chicago White Sox,Tampa Bay Rays,3,4,1,Davis Martin,Drew Rasmussen,11.0,2.0,3.1595744680851063,5.0,38.0,38.0,40.0,6.0,2.722689075630252,5.0,52.0,37.0,0,,,,,,
777049,2025-07-22,R,St. Louis Cardinals,Colorado Rockies,4,8,1,Erick Fedde,Bradley Blalock,10.0,5.666666666666667,8.476744186046512,3.3333333333333335,31.0,53.0,10.0,4.666666666666667,1.9918032786885247,2.0,43.0,52.0,0,,,,,,
777052,2025-07-22,R,San Diego Padres,Miami Marlins,3,4,1,Stephen Kolek,Edward Cabrera,11.0,4.0,1.9090909090909092,4.0,49.0,38.0,17.0,5.333333333333333,1.7339449541284404,4.666666666666667,36.0,27.0,0,,,,,,
777054,2025-07-22,R,Los Angeles Angels,New York Mets,2,3,1,Kyle Hendricks,Frankie Montas,10.0,5.0,4.170731707317073,6.0,40.0,43.0,13.0,3.6666666666666665,6.069767441860465,2.0,57.0,70.0,1,,,,,,
777056,2025-07-22,R,Baltimore Orioles,Cleveland Guardians,3,6,1,Brandon Young,Joey Cantillo,9.0,5.333333333333333,2.7551020408163267,2.0,62.0,43.0,9.0,4.333333333333333,7.923913043478261,4.333333333333333,36.0,58.0,1,,,,,,
777058,2025-07-22,R,San Francisco Giants,Atlanta Braves,9,0,0,Landen Roupp,Davis Daniel,9.0,4.0,5.4,4.0,58.0,57.0,10.0,6.0,5.594594594594595,8.0,29.0,57.0,1,,,,,,
777022,2025-07-23,R,Minnesota Twins,Los Angeles Dodgers,3,4,1,Chris Paddack,Tyler Glasnow,5.0,6.0,3.9193548387096775,4.0,40.0,42.0,5.0,5.0,3.762295081967213,6.0,49.0,46.0,1,,,,,,
777024,2025-07-23,R,Milwaukee Brewers,Seattle Mariners,10,2,0,Quinn Priester,Luis Castillo,5.0,6.666666666666667,5.349056603773585,2.6666666666666665,63.0,53.0,5.0,6.0,2.621359223300971,4.333333333333333,47.0,24.0,0,,,,,,
777026,2025-07-23,R,Cincinnati Reds,Washington Nationals,5,0,0,Nick Lodolo,Michael Soroka,5.0,5.0,5.4,5.0,41.0,58.0,5.0,7.0,1.8202247191011236,2.3333333333333335,47.0,35.0,1,,,,,,
777027,2025-07-23,R,New York Yankees,Toronto Blue Jays,4,8,1,Max Fried,Chris Bassitt,5.0,6.333333333333333,2.4,4.0,40.0,33.0,11.0,3.0,3.888,4.0,54.0,46.0,1,,,,,,
777028,2025-07-23,R,St. Louis Cardinals,Colorado Rockies,0,6,1,Andre Pallante,Tanner Gordon,56.0,4.666666666666667,7.2,3.6666666666666665,37.0,47.0,5.0,4.666666666666667,2.16,5.0,43.0,58.0,0,,,,,,
777029,2025-07-23,R,Detroit Tigers,Pittsburgh Pirates,1,6,1,Troy Melton,Bailey Falter,5.0,4.0,5.75,3.0,28.0,51.0,,,7.75,4.0,25.0,60.0,1,,,,,,
777030,2025-07-23,R,Chicago White Sox,Tampa Bay Rays,11,9,0,Jonathan Cannon,Taj Bradley,5.0,6.0,2.621359223300971,5.0,40.0,37.0,5.0,7.0,2.475,3.0,54.0,35.0,0,,,,,,
777031,2025-07-23,R,Kansas City Royals,Chicago Cubs,8,4,0,Seth Lugo,Colin Rea,5.0,5.0,7.673684210526316,2.0,40.0,38.0,5.0,6.0,5.181818181818182,3.0,38.0,41.0,0,,,,,,
777032,2025-07-23,R,Houston Astros,Arizona Diamondbacks,4,3,0,Brandon Walter,Brandon Pfaadt,5.0,7.0,3.9,2.6666666666666665,52.0,39.0,5.0,6.0,3.0789473684210527,2.0,38.0,40.0,0,,,,,,
777033,2025-07-23,R,Athletics,Texas Rangers,1,2,1,JP Sears,Patrick Corbin,5.0,5.666666666666667,2.4545454545454546,3.0,55.0,31.0,5.0,4.0,3.3451327433628317,3.0,43.0,57.0,1,,,,,,
777034,2025-07-23,R,Los Angeles Angels,New York Mets,3,6,1,Brock Burke,Sean Manaea,5.0,4.0,4.11864406779661,3.3333333333333335,36.0,39.0,,,4.57258064516129,3.3333333333333335,58.0,60.0,1,,,,,,
777036,2025-07-23,R,Baltimore Orioles,Cleveland Guardians,2,3,1,Zach Eflin,Slade Cecconi,5.0,8.333333333333334,2.641304347826087,4.0,58.0,40.0,25.0,1.0,7.887640449438202,3.6666666666666665,33.0,57.0,1,,,,,,
777037,2025-07-23,R,San Diego Padres,Miami Marlins,2,3,1,Dylan Cease,Sandy Alcantara,5.0,6.0,2.5051546391752577,3.3333333333333335,41.0,39.0,5.0,5.333333333333333,2.0377358490566038,2.3333333333333335,38.0,31.0,0,,,,,,
777038,2025-07-23,R,Boston Red Sox,Philadelphia Phillies,9,8,0,Lucas Giolito,Jesús Luzardo,5.0,4.666666666666667,2.52,0.0,44.0,32.0,5.0,5.333333333333333,1.4835164835164836,4.666666666666667,34.0,28.0,1,,,,,,
777041,2025-07-23,R,San Francisco Giants,Atlanta Braves,9,3,0,Justin Verlander,Spencer Strider,5.0,6.0,6.214285714285714,4.0,57.0,56.0,5.0,2.6666666666666665,5.017699115044247,4.0,34.0,54.0,1,,,,,,
777018,2025-07-24,R,Seattle Mariners,Los Angeles Angels,4,2,0,Logan Evans,Yusei Kikuchi,5.0,5.0,4.813953488372093,7.0,50.0,58.0,5.0,4.0,5.75,4.0,59.0,54.0,0,,,,,,
777019,2025-07-24,R,Baltimore Orioles,Cleveland Guardians,4,3,0,Charlie Morton,Logan Allen,5.0,5.333333333333333,2.557894736842105,3.0,57.0,40.0,6.0,5.333333333333333,7.438775510204081,3.0,35.0,60.0,1,,,,,,
777021,2025-07-24,R,Toronto Blue Jays,Detroit Tigers,11,4,0,Eric Lauer,Reese Olson,6.0,5.0,6.685714285714286,3.0,23.0,59.0,5.0,6.0,2.602409638554217,1.6666666666666667,47.0,35.0,0,,,,,,
777023,2025-07-24,R,San Diego Padres,St. Louis Cardinals,7,9,1,Yu Darvish,Sonny Gray,5.0,3.3333333333333335,2.16,3.0,41.0,56.0,5.0,5.0,1.528301886792453,3.0,38.0,26.0,0,,,,,,
777025,2025-07-24,R,Athletics,Houston Astros,5,2,0,Luis Severino,Jason Alexander,37.0,6.0,3.1621621621621623,2.0,40.0,39.0,5.0,5.0,3.3451327433628317,3.0,42.0,50.0,0,,,,,,
777004,2025-07-25,R,New York Mets,San Francisco Giants,8,1,0,Clay Holmes,Logan Webb,6.0,6.0,3.4913793103448274,0.0,43.0,44.0,6.0,5.333333333333333,3.6160714285714284,0.0,38.0,32.0,0,,,,,,
777005,2025-07-25,R,San Diego Padres,St. Louis Cardinals,0,3,1,Nick Pivetta,Miles Mikolas,5.0,4.0,1.9133858267716535,4.0,42.0,62.0,5.0,6.0,1.528301886792453,4.666666666666667,41.0,32.0,1,,,,,,
777006,2025-07-25,R,Seattle Mariners,Los Angeles Angels,2,3,1,Bryan Woo,José Soriano,5.0,7.0,4.609756097560975,4.333333333333333,48.0,51.0,5.0,6.0,5.017699115044247,4.0,58.0,50.0,0,,,,,,
777007,2025-07-25,R,Athletics,Houston Astros,15,3,0,Jeffrey Springs,Ryan Gusto,19.0,6.0,2.925,3.0,42.0,44.0,5.0,4.0,3.4752475247524752,2.0,42.0,48.0,0,,,,,,
777008,2025-07-25,R,Miami Marlins,Milwaukee Brewers,5,1,0,Cal Quantrill,Freddy Peralta,6.0,5.0,2.5051546391752577,0.0,54.0,24.0,6.0,6.0,2.8588235294117648,0.0,42.0,28.0,0,,,,,,
777009,2025-07-25,R,Atlanta Braves,Texas Rangers,3,8,1,Joey Wentz,Nathan Eovaldi,12.0,7.666666666666667,1.255813953488372,0.0,38.0,17.0,6.0,4.0,7.65,0.0,47.0,58.0,0,,,,,,
777011,2025-07-25,R,Washington Nationals,Minnesota Twins,0,1,1,MacKenzie Gore,Zebby Matthews,6.0,4.0,4.542056074766355,0.0,47.0,40.0,5.0,2.3333333333333335,4.973684210526316,0.0,32.0,53.0,0,,,,,,
777012,2025-07-25,R,Los Angeles Dodgers,Boston Red Sox,5,2,0,Emmet Sheehan,Brayan Bello,6.0,6.0,1.148936170212766,0.0,29.0,31.0,6.0,3.0,4.384615384615385,0.0,42.0,42.0,0,,,,,,
777013,2025-07-25,R,Tampa Bay Rays,Cincinnati Reds,2,7,1,Zack Littell,Nick Martinez,6.0,5.0,1.7763157894736843,0.0,39.0,33.0,6.0,6.0,3.220183486238532,0.0,39.0,41.0,0,,,,,,
777014,2025-07-25,R,Arizona Diamondbacks,Pittsburgh Pirates,1,0,0,Ryne Nelson,Mike Burrows,6.0,5.0,5.711538461538462,0.0,31.0,48.0,6.0,6.0,4.709302325581396,0.0,44.0,37.0,0,,,,,,
777015,2025-07-25,R,Philadelphia Phillies,New York Yankees,12,5,0,Taijuan Walker,Will Warren,6.0,3.6666666666666665,3.532710280373832,0.0,43.0,43.0,6.0,4.0,2.4827586206896552,0.0,39.0,41.0,0,,,,,,
777016,2025-07-25,R,Toronto Blue Jays,Detroit Tigers,6,2,0,José Berríos,Keider Montero,6.0,4.333333333333333,7.51304347826087,3.3333333333333335,27.0,70.0,5.0,5.666666666666667,3.453488372093023,1.0,58.0,39.0,0,,,,,,
777017,2025-07-25,R,Chicago Cubs,Chicago White Sox,5,12,1,Shota Imanaga,Adrian Houser,6.0,4.333333333333333,2.953125,0.0,63.0,43.0,6.0,7.0,8.604395604395604,0.0,34.0,41.0,0,,,,,,
777020,2025-07-25,R,Colorado Rockies,Baltimore Orioles,6,5,0,Kyle Freeland,Dean Kremer,6.0,7.0,8.379310344827585,2.3333333333333335,29.0,59.0,7.0,6.0,5.4,0.0,41.0,37.0,0,,,,,,
776985,2025-07-26,R,New York Mets,San Francisco Giants,2,1,0,David Peterson,Robbie Ray,6.0,4.333333333333333,3.6,5.0,36.0,45.0,6.0,6.0,2.9724770642201834,4.0,38.0,30.0,0,,,,,,
776991,2025-07-26,R,Athletics,Houston Astros,5,1,0,Jacob Lopez,Hunter Brown,6.0,4.0,4.084033613445378,5.666666666666667,42.0,52.0,5.0,5.0,3.8969072164948453,3.0,51.0,44.0,0,,,,,,
776992,2025-07-26,R,San Diego Padres,St. Louis Cardinals,3,1,0,Randy Vásquez,Matthew Liberatore,15.0,3.0,2.0082644628099175,4.0,40.0,56.0,5.0,4.333333333333333,1.653061224489796,1.6666666666666667,37.0,33.0,1,,,,,,
776993,2025-07-26,R,Atlanta Braves,Texas Rangers,5,6,1,Grant Holmes,Kumar Rocker,7.0,6.333333333333333,2.1724137931034484,4.0,39.0,17.0,6.0,6.0,9.079646017699115,3.6666666666666665,44.0,61.0,1,,,,,,
776994,2025-07-26,R,Chicago Cubs,Chicago White Sox,6,1,0,Cade Horton,Aaron Civale,6.0,6.0,3.272727272727273,2.3333333333333335,68.0,40.0,6.0,5.666666666666667,6.8936170212765955,5.0,39.0,42.0,1,,,,,,
776995,2025-07-26,R,Seattle Mariners,Los Angeles Angels,7,2,0,George Kirby,Tyler Anderson,5.0,6.0,4.390243902439025,4.0,45.0,48.0,5.0,6.0,5.0625,3.6666666666666665,48.0,50.0,0,,,,,,
776996,2025-07-26,R,Miami Marlins,Milwaukee Brewers,7,4,0,Janson Junk,Jose Quintana,6.0,6.0,2.967032967032967,4.0,47.0,26.0,6.0,5.0,2.541176470588235,4.0,45.0,24.0,0,,,,,,
776997,2025-07-26,R,Washington Nationals,Minnesota Twins,9,3,0,Mitchell Parker,Joe Ryan,6.0,7.0,4.673076923076923,3.0,46.0,39.0,7.0,6.0,4.778761061946903,3.0,29.0,46.0,1,,,,,,
776998,2025-07-26,R,Los Angeles Dodgers,Boston Red Sox,2,4,1,Clayton Kershaw,Garrett Crochet,6.0,6.0,1.9518072289156627,3.6666666666666665,26.0,32.0,6.0,4.333333333333333,4.084033613445378,4.0,40.0,36.0,0,,,,,,
776999,2025-07-26,R,Colorado Rockies,Baltimore Orioles,0,18,1,Antonio Senzatela,Trevor Rogers,6.0,6.0,7.8,3.0,29.0,63.0,7.0,7.0,5.4,3.0,44.0,40.0,0,,,,,,
777000,2025-07-26,R,Tampa Bay Rays,Cincinnati Reds,2,6,1,Ryan Pepiot,Andrew Abbott,6.0,6.0,1.3670886075949367,4.0,44.0,32.0,6.0,6.0,3.09375,2.0,37.0,43.0,1,,,,,,
777001,2025-07-26,R,Philadelphia Phillies,New York Yankees,9,4,0,Ranger Suarez,Marcus Stroman,6.0,6.0,5.684210526315789,3.3333333333333335,37.0,55.0,6.0,4.333333333333333,2.6129032258064515,3.3333333333333335,49.0,42.0,0,,,,,,
777002,2025-07-26,R,Arizona Diamondbacks,Pittsburgh Pirates,0,2,1,Merrill Kelly,Andrew Heaney,6.0,4.0,5.4,5.0,30.0,47.0,6.0,6.0,3.9886363636363638,5.0,40.0,31.0,0,,,,,,
777003,2025-07-26,R,Toronto Blue Jays,Detroit Tigers,6,1,0,Kevin Gausman,Tarik Skubal,6.0,6.666666666666667,5.720338983050848,5.0,26.0,64.0,5.0,7.0,2.511627906976744,3.0,57.0,35.0,0,,,,,,
777010,2025-07-26,R,Cleveland Guardians,Kansas City Royals,3,5,1,Gavin Williams,Michael Wacha,7.0,6.0,4.395348837209302,0.0,39.0,34.0,6.0,7.0,3.1153846153846154,0.0,52.0,37.0,0,,,,,,
776990,2025-07-26,R,Cleveland Guardians,Kansas City Royals,6,4,0,Tanner Bibee,Kris Bubic,6.0,5.0,4.32,0.0,44.0,37.0,5.0,7.0,3.6818181818181817,0.0,55.0,42.0,1,,,,,,
776974,2025-07-27,R,New York Mets,San Francisco Giants,5,3,0,Kodai Senga,Matt Gage,,,3.5702479338842976,3.3333333333333335,36.0,45.0,6.0,3.0,3.056603773584906,3.0,37.0,30.0,0,,,,,,
776975,2025-07-27,R,Cleveland Guardians,Kansas City Royals,1,4,1,Joey Cantillo,Noah Cameron,6.0,6.0,4.2631578947368425,11.0,47.0,40.0,5.0,5.0,3.6,7.333333333333333,55.0,44.0,1,,,,,,
776976,2025-07-27,R,Athletics,Houston Astros,7,1,0,J.T. Ginn,Colton Gordon,6.0,5.666666666666667,3.956896551724138,4.0,38.0,53.0,5.0,5.0,3.8181818181818183,4.666666666666667,52.0,42.0,0,,,,,,
776977,2025-07-27,R,Seattle Mariners,Los Angeles Angels,1,4,1,Logan Gilbert,Kyle Hendricks,5.0,4.666666666666667,4.928571428571429,4.333333333333333,37.0,50.0,5.0,6.333333333333333,4.458715596330276,3.0,40.0,45.0,0,,,,,,
776978,2025-07-27,R,Miami Marlins,Milwaukee Brewers,2,3,1,Eury Pérez,Brandon Woodruff,6.0,6.0,2.730337078651685,4.0,45.0,28.0,6.0,5.0,2.67032967032967,4.0,46.0,28.0,0,,,,,,
776979,2025-07-27,R,Washington Nationals,Minnesota Twins,7,2,0,Jake Irvin,Cole Sands,15.0,2.0,5.4,4.0,37.0,44.0,6.0,3.6666666666666665,4.418181818181818,3.3333333333333335,33.0,43.0,1,,,,,,
776980,2025-07-27,R,San Diego Padres,St. Louis Cardinals,9,2,0,Stephen Kolek,Michael McGreevy,6.0,7.0,1.3278688524590163,4.666666666666667,35.0,52.0,5.0,5.666666666666667,1.653061224489796,4.333333333333333,35.0,30.0,1,,,,,,
776981,2025-07-27,R,Atlanta Braves,Texas Rangers,1,8,1,Bryce Elder,Jack Leiter,6.0,6.0,2.0543478260869565,6.0,41.0,17.0,6.0,5.0,9.08411214953271,5.0,42.0,61.0,1,,,,,,
776982,2025-07-27,R,Tampa Bay Rays,Cincinnati Reds,1,2,1,Shane Baz,Brady Singer,6.0,2.3333333333333335,1.6875,3.0,46.0,31.0,6.0,4.0,4.175257731958763,2.0,39.0,48.0,1,,,,,,
776983,2025-07-27,R,Los Angeles Dodgers,Boston Red Sox,3,4,1,Dustin May,Walker Buehler,6.0,7.0,1.7608695652173914,3.0,29.0,34.0,16.0,4.666666666666667,4.135135135135135,3.3333333333333335,40.0,39.0,0,,,,,,
776984,2025-07-27,R,Arizona Diamondbacks,Pittsburgh Pirates,0,6,1,Zac Gallen,Paul Skenes,6.0,6.0,4.235294117647059,4.0,28.0,35.0,6.0,6.0,2.927710843373494,1.3333333333333333,35.0,23.0,0,,,,,,
776986,2025-07-27,R,Colorado Rockies,Baltimore Orioles,1,5,1,Austin Gomber,Tomoyuki Sugano,6.0,3.6666666666666665,6.370786516853933,2.0,47.0,57.0,6.0,5.666666666666667,7.389473684210526,4.0,41.0,54.0,0,,,,,,
776987,2025-07-27,R,Toronto Blue Jays,Detroit Tigers,4,10,1,Max Scherzer,Jack Flaherty,6.0,3.0,5.4495412844036695,3.0,20.0,55.0,5.0,5.0,2.8255813953488373,3.0,60.0,32.0,0,,,,,,
776988,2025-07-27,R,Philadelphia Phillies,New York Yankees,3,4,1,Zack Wheeler,Carlos Rodón,6.0,5.0,6.508928571428571,5.333333333333333,39.0,59.0,6.0,6.0,3.0618556701030926,3.3333333333333335,54.0,41.0,0,,,,,,
776989,2025-07-27,R,Chicago Cubs,Chicago White Sox,5,4,0,Ben Brown,Grant Taylor,37.0,1.0,3.8181818181818183,4.0,67.0,40.0,34.0,5.0,6.2727272727272725,2.6666666666666665,40.0,41.0,1,,,,,,
776957,2025-07-28,R,Seattle Mariners,Athletics,3,1,0,Luis Castillo,JP Sears,5.0,5.0,4.00990099009901,3.0,53.0,40.0,5.0,5.0,4.037383177570093,3.0,33.0,45.0,0,,,,,,
776958,2025-07-28,R,Texas Rangers,Los Angeles Angels,4,6,1,Jacob deGrom,Jack Kochanowicz,18.0,2.6666666666666665,5.048780487804878,3.0,40.0,46.0,6.0,6.0,1.9484536082474226,3.0,44.0,17.0,0,,,,,,
776959,2025-07-28,R,New York Mets,San Diego Padres,6,7,1,Frankie Montas,Dylan Cease,5.0,5.0,1.35,3.0,43.0,30.0,6.0,5.666666666666667,2.75,4.0,40.0,30.0,0,,,,,,
776960,2025-07-28,R,Miami Marlins,St. Louis Cardinals,1,7,1,Edward Cabrera,Andre Pallante,5.0,5.0,1.3846153846153846,4.333333333333333,32.0,57.0,6.0,5.666666666666667,2.8421052631578947,3.3333333333333335,37.0,30.0,0,,,,,,
776961,2025-07-28,R,Boston Red Sox,Minnesota Twins,4,5,1,Richard Fitts,Simeon Woods Richardson,6.0,3.0,6.29126213592233,7.0,38.0,49.0,6.0,3.3333333333333335,1.6701030927835052,4.333333333333333,29.0,36.0,0,,,,,,
776964,2025-07-28,R,Pittsburgh Pirates,San Francisco Giants,6,5,0,Mitch Keller,Carson Whisenhunt,,,3.9461538461538463,8.0,37.0,45.0,6.0,6.0,4.235294117647059,3.0,32.0,34.0,0,,,,,,
776965,2025-07-28,R,Chicago Cubs,Milwaukee Brewers,4,8,1,Matthew Boyd,Jacob Misiorowski,6.0,3.6666666666666665,2.67032967032967,3.0,40.0,29.0,6.0,7.0,6.685714285714286,4.0,41.0,44.0,0,,,,,,
776966,2025-07-28,R,Toronto Blue Jays,Baltimore Orioles,4,11,1,Chris Bassitt,Zach Eflin,5.0,5.0,5.464285714285714,3.0,51.0,47.0,5.0,7.333333333333333,5.108108108108108,1.0,61.0,36.0,0,,,,,,
776967,2025-07-28,R,Los Angeles Dodgers,Cincinnati Reds,5,2,0,Yoshinobu Yamamoto,Chase Burns,6.0,5.666666666666667,1.8243243243243243,1.6666666666666667,44.0,30.0,6.0,5.0,3.75,3.0,38.0,41.0,0,,,,,,
776968,2025-07-28,R,Colorado Rockies,Cleveland Guardians,8,6,0,Bradley Blalock,Slade Cecconi,5.0,6.0,3.6818181818181817,4.0,50.0,43.0,6.0,5.333333333333333,7.105263157894737,3.6666666666666665,40.0,55.0,0,,,,,,
776969,2025-07-28,R,Washington Nationals,Houston Astros,2,1,0,Brad Lord,Framber Valdez,6.0,7.0,4.422413793103448,4.0,38.0,55.0,6.0,4.0,3.2803738317757007,2.0,39.0,37.0,0,,,,,,
776970,2025-07-28,R,Tampa Bay Rays,New York Yankees,4,2,0,Drew Rasmussen,Cam Schlittler,6.0,5.0,6.026785714285714,3.6666666666666665,42.0,58.0,6.0,4.0,4.05,3.0,39.0,46.0,0,,,,,,
776971,2025-07-28,R,Atlanta Braves,Kansas City Royals,10,7,0,Spencer Strider,Rich Hill,6.0,5.0,3.78,4.0,48.0,39.0,5.0,5.0,7.783783783783784,5.333333333333333,39.0,64.0,0,,,,,,
776972,2025-07-28,R,Philadelphia Phillies,Chicago White Sox,2,6,1,Cristopher Sánchez,Davis Martin,6.0,5.0,3.6818181818181817,8.0,66.0,39.0,6.0,9.0,3.0,2.3333333333333335,55.0,44.0,0,,,,,,
776973,2025-07-28,R,Arizona Diamondbacks,Detroit Tigers,1,5,1,Eduardo Rodriguez,Troy Melton,5.0,5.0,5.349056603773585,3.0,26.0,51.0,6.0,6.333333333333333,3.857142857142857,2.0,30.0,28.0,0,,,,,,
776943,2025-07-29,R,Pittsburgh Pirates,San Francisco Giants,3,1,0,Bailey Falter,Justin Verlander,6.0,5.0,3.992957746478873,4.0,42.0,51.0,6.0,7.0,3.951219512195122,7.0,38.0,39.0,0,,,,,,
776944,2025-07-29,R,Seattle Mariners,Athletics,1,6,1,Logan Evans,Luis Severino,5.0,7.0,3.5217391304347827,4.666666666666667,54.0,43.0,5.0,5.0,3.8230088495575223,2.0,36.0,46.0,0,,,,,,
776945,2025-07-29,R,Texas Rangers,Los Angeles Angels,5,8,1,Patrick Corbin,Yusei Kikuchi,5.0,4.666666666666667,4.963235294117647,4.333333333333333,46.0,50.0,6.0,5.666666666666667,2.057142857142857,2.6666666666666665,48.0,23.0,1,,,,,,
776946,2025-07-29,R,Miami Marlins,St. Louis Cardinals,5,0,0,Sandy Alcantara,Sonny Gray,5.0,5.0,1.5365853658536586,2.0,39.0,58.0,6.0,7.0,3.742574257425743,2.0,38.0,37.0,1,,,,,,
776947,2025-07-29,R,New York Mets,San Diego Padres,1,7,1,Sean Manaea,Ryan Bergert,18.0,4.666666666666667,1.4336283185840708,4.333333333333333,50.0,36.0,6.0,5.0,2.677685950413223,4.333333333333333,46.0,37.0,1,,,,,,
776949,2025-07-29,R,Tampa Bay Rays,New York Yankees,5,7,1,Joe Boyle,Max Fried,6.0,5.333333333333333,5.571428571428571,4.666666666666667,44.0,62.0,107.0,5.0,3.6160714285714284,4.0,43.0,48.0,0,,,,,,
776950,2025-07-29,R,Washington Nationals,Houston Astros,4,7,1,Michael Soroka,Jason Alexander,5.0,6.0,4.32,3.0,39.0,57.0,6.0,5.666666666666667,2.9745762711864407,3.6666666666666665,41.0,38.0,0,,,,,,
776951,2025-07-29,R,Colorado Rockies,Cleveland Guardians,4,10,1,Tanner Gordon,Logan Allen,5.0,6.333333333333333,4.0212765957446805,2.0,56.0,51.0,6.0,6.0,8.048076923076923,3.0,48.0,61.0,0,,,,,,
776952,2025-07-29,R,Philadelphia Phillies,Chicago White Sox,6,3,0,Jesús Luzardo,Jonathan Cannon,6.0,4.333333333333333,3.375,3.3333333333333335,72.0,41.0,6.0,5.0,3.407766990291262,1.3333333333333333,57.0,50.0,1,,,,,,
776953,2025-07-29,R,Arizona Diamondbacks,Detroit Tigers,2,12,1,Brandon Pfaadt,Casey Mize,7.0,4.0,5.303571428571429,2.0,31.0,52.0,6.0,5.333333333333333,3.5783132530120483,2.0,31.0,33.0,1,,,,,,
776954,2025-07-29,R,Boston Red Sox,Minnesota Twins,8,5,0,Lucas Giolito,Pierson Ohl,,,5.818965517241379,4.333333333333333,43.0,53.0,6.0,4.0,2.209090909090909,4.333333333333333,33.0,41.0,1,,,,,,
776955,2025-07-29,R,Atlanta Braves,Kansas City Royals,6,9,1,Erick Fedde,Seth Lugo,6.0,6.0,4.695652173913044,5.0,55.0,49.0,7.0,3.0,8.121951219512194,4.0,49.0,71.0,0,,,,,,
776956,2025-07-29,R,Chicago Cubs,Milwaukee Brewers,3,9,1,Colin Rea,Quinn Priester,6.0,7.0,2.547169811320755,5.0,48.0,33.0,6.0,5.0,6.868421052631579,3.0,45.0,52.0,1,,,,,,
776963,2025-07-29,R,Los Angeles Dodgers,Cincinnati Reds,5,4,0,Tyler Glasnow,Nick Lodolo,6.0,9.0,2.25,3.3333333333333335,46.0,35.0,6.0,7.0,3.789473684210526,2.0,43.0,43.0,0,,,,,,
778372,2025-07-29,R,Toronto Blue Jays,Baltimore Orioles,4,16,1,Easton Lucas,Charlie Morton,5.0,6.666666666666667,4.683673469387755,4.666666666666667,62.0,51.0,100.0,1.6666666666666667,5.637362637362638,5.666666666666667,65.0,47.0,1,,,,,,
776962,2025-07-29,R,Toronto Blue Jays,Baltimore Orioles,2,3,1,Eric Lauer,Brandon Young,7.0,4.333333333333333,4.542056074766355,4.666666666666667,78.0,55.0,5.0,8.0,7.822429906542056,5.666666666666667,69.0,63.0,1,,,,,,
776929,2025-07-30,R,Chicago Cubs,Milwaukee Brewers,10,3,0,Shota Imanaga,Freddy Peralta,5.0,5.0,2.560344827586207,3.3333333333333335,57.0,36.0,5.0,3.0,6.857142857142857,4.0,48.0,61.0,1,,,,,,
776930,2025-07-30,R,Seattle Mariners,Athletics,4,5,1,Bryan Woo,Jeffrey Springs,5.0,6.0,3.188976377952756,4.0,60.0,44.0,5.0,6.0,3.5121951219512195,3.3333333333333335,37.0,52.0,0,,,,,,
776931,2025-07-30,R,New York Mets,San Diego Padres,0,5,1,Clay Holmes,Yu Darvish,6.0,3.3333333333333335,1.265625,5.0,57.0,37.0,5.0,5.0,3.7384615384615385,3.0,47.0,44.0,1,,,,,,
776932,2025-07-30,R,Texas Rangers,Los Angeles Angels,6,3,0,Nathan Eovaldi,José Soriano,5.0,6.0,4.775510204081633,3.6666666666666665,54.0,55.0,5.0,5.0,3.0789473684210527,3.0,53.0,31.0,1,,,,,,
776933,2025-07-30,R,Pittsburgh Pirates,San Francisco Giants,2,1,0,Mike Burrows,Logan Webb,5.0,4.0,4.032467532467533,4.0,43.0,54.0,5.0,6.0,3.6,4.0,41.0,40.0,0,,,,,,
776934,2025-07-30,R,Miami Marlins,St. Louis Cardinals,2,0,0,Cal Quantrill,Miles Mikolas,5.0,5.0,1.8,4.0,39.0,63.0,5.0,5.0,3.3451327433628317,4.0,43.0,37.0,1,,,,,,
776935,2025-07-30,R,Boston Red Sox,Minnesota Twins,13,1,0,Brayan Bello,Zebby Matthews,5.0,6.0,5.440298507462686,6.0,48.0,61.0,5.0,5.333333333333333,2.722689075630252,3.0,41.0,46.0,1,,,,,,
776936,2025-07-30,R,Atlanta Braves,Kansas City Royals,0,1,1,Joey Wentz,Angel Zerpa,18.0,1.0,4.968,3.3333333333333335,64.0,55.0,5.0,4.333333333333333,8.526315789473685,3.3333333333333335,55.0,80.0,0,,,,,,
776937,2025-07-30,R,Washington Nationals,Houston Astros,1,9,1,MacKenzie Gore,Ryan Gusto,5.0,3.3333333333333335,4.304347826086956,4.333333333333333,46.0,61.0,5.0,5.0,3.6818181818181817,4.666666666666667,45.0,45.0,0,,,,,,
776938,2025-07-30,R,Tampa Bay Rays,New York Yankees,4,5,1,Zack Littell,Will Warren,5.0,5.666666666666667,5.481203007518797,2.3333333333333335,51.0,67.0,5.0,6.0,3.4285714285714284,4.666666666666667,48.0,55.0,0,,,,,,
776939,2025-07-30,R,Philadelphia Phillies,Chicago White Sox,3,9,1,Taijuan Walker,Tyler Alexander,89.0,0.6666666666666666,3.13953488372093,3.0,75.0,47.0,5.0,5.666666666666667,3.963302752293578,2.0,63.0,53.0,1,,,,,,
776940,2025-07-30,R,Arizona Diamondbacks,Detroit Tigers,2,7,1,Ryne Nelson,Chris Paddack,7.0,6.0,4.432835820895522,7.333333333333333,43.0,54.0,5.0,6.0,4.645161290322581,3.3333333333333335,33.0,45.0,1,,,,,,
776941,2025-07-30,R,Los Angeles Dodgers,Cincinnati Reds,2,5,1,Shohei Ohtani,Nick Martinez,5.0,5.0,2.8421052631578947,3.6666666666666665,50.0,40.0,9.0,3.0,3.3488372093023258,5.0,48.0,47.0,0,,,,,,
776942,2025-07-30,R,Colorado Rockies,Cleveland Guardians,0,5,1,Kyle Freeland,Kolby Allard,63.0,4.0,4.05,2.0,66.0,55.0,5.0,6.0,7.714285714285714,5.0,52.0,71.0,0,,,,,,
776948,2025-07-30,R,Toronto Blue Jays,Baltimore Orioles,9,8,0,José Berríos,Dean Kremer,5.0,6.0,4.189655172413793,6.0,81.0,57.0,5.0,6.0,7.448275862068965,8.333333333333334,71.0,66.0,1,,,,,,
776923,2025-07-31,R,Texas Rangers,Seattle Mariners,0,6,1,Kumar Rocker,George Kirby,5.0,6.0,3.375,1.6666666666666667,41.0,57.0,5.0,4.0,3.375,2.0,59.0,34.0,0,,,,,,
776927,2025-07-31,R,Tampa Bay Rays,New York Yankees,4,7,1,Ryan Pepiot,Marcus Stroman,5.0,3.6666666666666665,5.29054054054054,5.0,56.0,71.0,5.0,6.0,3.6382978723404253,5.0,52.0,60.0,0,,,,,,
776928,2025-07-31,R,Atlanta Braves,Cincinnati Reds,12,11,0,Carlos Carrasco,Andrew Abbott,5.0,6.0,2.5961538461538463,3.0,55.0,42.0,92.0,3.3333333333333335,8.1,2.3333333333333335,55.0,81.0,0,,,,,,
776906,2025-08-01,R,St. Louis Cardinals,San Diego Padres,1,4,1,Matthew Liberatore,Nick Pivetta,7.0,6.333333333333333,1.208955223880597,0.0,62.0,37.0,6.0,4.333333333333333,1.6875,0.0,39.0,65.0,0,,,,,,
776908,2025-08-01,R,Texas Rangers,Seattle Mariners,3,4,1,Jack Leiter,Logan Gilbert,5.0,5.0,3.153284671532847,3.0,47.0,57.0,5.0,6.0,3.5307692307692307,3.3333333333333335,59.0,40.0,1,,,,,,
776913,2025-08-01,R,Detroit Tigers,Philadelphia Phillies,4,5,1,Jack Flaherty,Ranger Suarez,6.0,5.666666666666667,5.262711864406779,0.0,66.0,62.0,5.0,6.0,4.3426573426573425,0.0,50.0,56.0,0,,,,,,
776914,2025-08-01,R,Arizona Diamondbacks,Athletics,1,5,1,Anthony DeSclafani,Jacob Lopez,6.0,4.333333333333333,3.573529411764706,0.0,65.0,48.0,26.0,4.0,5.079207920792079,0.0,35.0,52.0,0,,,,,,
776915,2025-08-01,R,Baltimore Orioles,Chicago Cubs,0,1,1,Trevor Rogers,Cade Horton,6.0,6.333333333333333,6.260869565217392,0.0,58.0,64.0,6.0,7.0,5.0625,0.0,89.0,66.0,0,,,,,,
776916,2025-08-01,R,Chicago White Sox,Los Angeles Angels,6,3,0,Shane Smith,Tyler Anderson,6.0,4.666666666666667,5.294117647058823,0.0,57.0,61.0,21.0,3.0,2.958904109589041,0.0,84.0,50.0,0,,,,,,
776917,2025-08-01,R,Milwaukee Brewers,Washington Nationals,16,9,0,Jose Quintana,Mitchell Parker,6.0,5.666666666666667,4.05,0.0,46.0,54.0,6.0,5.0,3.2977099236641223,0.0,60.0,46.0,0,,,,,,
776918,2025-08-01,R,Los Angeles Dodgers,Tampa Bay Rays,5,0,0,Clayton Kershaw,Shane Baz,5.0,5.0,3.3529411764705883,4.0,56.0,67.0,6.0,4.666666666666667,3.0,0.0,50.0,52.0,0,,,,,,
776919,2025-08-01,R,Pittsburgh Pirates,Colorado Rockies,16,17,1,Andrew Heaney,Antonio Senzatela,6.0,4.0,7.455223880597015,0.0,52.0,76.0,6.0,5.0,3.306122448979592,0.0,43.0,41.0,0,,,,,,
776920,2025-08-01,R,Kansas City Royals,Toronto Blue Jays,9,3,0,Michael Wacha,Kevin Gausman,6.0,6.0,7.061538461538461,0.0,80.0,74.0,6.0,5.333333333333333,4.0855263157894735,0.0,65.0,55.0,0,,,,,,
776921,2025-08-01,R,Atlanta Braves,Cincinnati Reds,2,3,1,Bryce Elder,Brady Singer,5.0,7.333333333333333,4.11864406779661,4.666666666666667,66.0,54.0,5.0,2.6666666666666665,8.881578947368421,4.0,67.0,92.0,0,,,,,,
776922,2025-08-01,R,Houston Astros,Boston Red Sox,1,2,1,Hunter Brown,Cooper Criswell,,,2.592,0.0,54.0,47.0,6.0,5.0,4.040816326530612,0.0,55.0,62.0,0,,,,,,
776924,2025-08-01,R,Minnesota Twins,Cleveland Guardians,2,3,1,Joe Ryan,Gavin Williams,6.0,6.0,3.4615384615384617,0.0,71.0,55.0,6.0,5.0,6.385135135135135,0.0,49.0,74.0,0,,,,,,
776925,2025-08-01,R,New York Yankees,Miami Marlins,12,13,1,Carlos Rodón,Janson Junk,6.0,5.0,3.024,0.0,45.0,37.0,5.0,5.333333333333333,4.89375,4.0,63.0,75.0,0,,,,,,
776926,2025-08-01,R,San Francisco Giants,New York Mets,4,3,0,Robbie Ray,David Peterson,6.0,6.0,3.5874125874125875,0.0,47.0,49.0,6.0,5.666666666666667,3.718562874251497,0.0,44.0,56.0,0,,,,,,
776896,2025-08-02,R,St. Louis Cardinals,San Diego Padres,8,5,0,Michael McGreevy,Randy Vásquez,7.0,4.666666666666667,0.8372093023255814,2.0,59.0,36.0,6.0,4.666666666666667,1.4896551724137932,3.6666666666666665,37.0,62.0,1,,,,,,
776897,2025-08-02,R,Texas Rangers,Seattle Mariners,6,4,0,Merrill Kelly,Luis Castillo,5.0,7.0,2.9136690647482015,3.0,45.0,59.0,7.0,6.666666666666667,3.9160305343511452,3.6666666666666665,60.0,44.0,1,,,,,,
776898,2025-08-02,R,Chicago White Sox,Los Angeles Angels,1,0,0,Aaron Civale,Kyle Hendricks,6.0,6.0,5.478260869565218,3.0,54.0,62.0,7.0,5.0,2.9805194805194803,4.666666666666667,80.0,52.0,0,,,,,,
776899,2025-08-02,R,Arizona Diamondbacks,Athletics,7,2,0,Zac Gallen,J.T. Ginn,6.0,6.0,3.573529411764706,4.0,64.0,41.0,6.0,6.0,4.098214285714286,5.666666666666667,29.0,54.0,1,,,,,,
776900,2025-08-02,R,Kansas City Royals,Toronto Blue Jays,2,4,1,Noah Cameron,Max Scherzer,6.0,7.0,7.8320610687022905,3.0,79.0,83.0,6.0,5.0,4.2827586206896555,1.0,67.0,50.0,0,,,,,,
776901,2025-08-02,R,Los Angeles Dodgers,Tampa Bay Rays,0,4,1,Blake Snell,Drew Rasmussen,5.0,5.0,3.1153846153846154,4.0,45.0,71.0,122.0,4.0,2.8125,3.0,55.0,50.0,0,,,,,,
776902,2025-08-02,R,Baltimore Orioles,Chicago Cubs,4,3,0,Tomoyuki Sugano,Matthew Boyd,5.0,5.0,6.260869565217392,4.0,55.0,63.0,6.0,6.0,4.5,0.0,88.0,56.0,1,,,,,,
776903,2025-08-02,R,Milwaukee Brewers,Washington Nationals,8,2,0,Brandon Woodruff,Jake Irvin,6.0,7.0,3.965034965034965,5.0,53.0,63.0,6.0,6.0,4.634328358208955,4.0,74.0,55.0,0,,,,,,
776904,2025-08-02,R,Pittsburgh Pirates,Colorado Rockies,5,8,1,Paul Skenes,Austin Gomber,6.0,4.333333333333333,7.56,8.333333333333334,63.0,88.0,6.0,6.0,4.591836734693878,5.0,58.0,48.0,1,,,,,,
776905,2025-08-02,R,Minnesota Twins,Cleveland Guardians,4,5,1,Bailey Ober,Tanner Bibee,7.0,5.0,3.188976377952756,4.0,66.0,51.0,35.0,5.666666666666667,6.1610738255033555,3.3333333333333335,47.0,71.0,1,,,,,,
776907,2025-08-02,R,Atlanta Braves,Cincinnati Reds,4,2,0,Austin Cox,Chase Burns,5.0,5.666666666666667,4.462809917355372,3.0,61.0,52.0,,,8.816326530612244,1.3333333333333333,62.0,92.0,0,,,,,,
776909,2025-08-02,R,Houston Astros,Boston Red Sox,3,7,1,Colton Gordon,Walker Buehler,6.0,4.666666666666667,2.5714285714285716,3.0,55.0,44.0,6.0,5.0,3.122448979591837,2.0,55.0,58.0,1,,,,,,
776910,2025-08-02,R,New York Yankees,Miami Marlins,0,2,1,Cam Schlittler,Eury Pérez,6.0,5.0,3.888,4.0,50.0,42.0,5.0,4.333333333333333,5.76,3.6666666666666665,72.0,81.0,1,,,,,,
776911,2025-08-02,R,San Francisco Giants,New York Mets,6,12,1,Kai-Wei Teng,Kodai Senga,6.0,5.0,2.507142857142857,4.0,46.0,45.0,,,4.21875,3.0,48.0,55.0,0,,,,,,
776912,2025-08-02,R,Detroit Tigers,Philadelphia Phillies,7,5,0,Tarik Skubal,Zack Wheeler,6.0,5.666666666666667,5.351351351351352,2.0,66.0,60.0,7.0,6.0,4.628571428571429,2.0,54.0,59.0,1,,,,,,
776881,2025-08-03,R,Arizona Diamondbacks,Athletics,6,4,0,Eduardo Rodriguez,Jack Perkins,,,3.9130434782608696,4.666666666666667,58.0,46.0,6.0,6.0,4.098214285714286,3.0,26.0,55.0,1,,,,,,
776883,2025-08-03,R,Texas Rangers,Seattle Mariners,4,5,1,Jacob deGrom,Logan Evans,5.0,4.666666666666667,2.739130434782609,6.666666666666667,42.0,59.0,6.0,5.333333333333333,3.6906474820143886,5.333333333333333,62.0,47.0,1,,,,,,
776884,2025-08-03,R,St. Louis Cardinals,San Diego Padres,3,7,1,Andre Pallante,Dylan Cease,6.0,4.666666666666667,1.2,5.0,62.0,40.0,6.0,7.0,1.7357142857142858,3.0,44.0,57.0,1,,,,,,
776885,2025-08-03,R,Chicago White Sox,Los Angeles Angels,5,8,1,Sean Burke,Jack Kochanowicz,6.0,4.666666666666667,4.0212765957446805,4.0,49.0,54.0,13.0,4.0,3.1013513513513513,2.6666666666666665,71.0,48.0,0,,,,,,
776886,2025-08-03,R,Pittsburgh Pirates,Colorado Rockies,9,5,0,Mitch Keller,Bradley Blalock,6.0,6.0,6.923076923076923,4.0,61.0,87.0,6.0,2.0,3.9375,3.0,59.0,46.0,1,,,,,,
776887,2025-08-03,R,San Francisco Giants,New York Mets,12,4,0,Carson Whisenhunt,Frankie Montas,6.0,4.333333333333333,2.8125,5.0,56.0,46.0,6.0,5.0,4.821428571428571,4.666666666666667,51.0,61.0,0,,,,,,
776888,2025-08-03,R,Baltimore Orioles,Chicago Cubs,3,5,1,Brandon Young,Colin Rea,5.0,4.0,7.043478260869565,2.0,52.0,67.0,5.0,6.0,3.9767441860465116,4.0,89.0,55.0,1,,,,,,
776889,2025-08-03,R,Los Angeles Dodgers,Tampa Bay Rays,3,0,0,Yoshinobu Yamamoto,Joe Boyle,5.0,3.3333333333333335,2.9050632911392404,3.6666666666666665,45.0,68.0,6.0,7.0,2.6,3.0,48.0,46.0,0,,,,,,
776890,2025-08-03,R,Detroit Tigers,Philadelphia Phillies,0,2,1,Charlie Morton,Cristopher Sánchez,6.0,6.666666666666667,5.914285714285715,3.0,62.0,62.0,5.0,6.0,5.2,2.0,60.0,60.0,1,,,,,,
776891,2025-08-03,R,New York Yankees,Miami Marlins,3,7,1,Luis Gil,Edward Cabrera,6.0,6.0,3.672,3.0,49.0,41.0,,,5.286713286713287,3.0,60.0,74.0,1,,,,,,
776892,2025-08-03,R,Minnesota Twins,Cleveland Guardians,5,4,0,José Ureña,Joey Cantillo,7.0,4.0,2.0930232558139537,4.333333333333333,69.0,47.0,84.0,2.0,5.5479452054794525,3.0,45.0,66.0,1,,,,,,
776893,2025-08-03,R,Kansas City Royals,Toronto Blue Jays,7,4,0,Seth Lugo,Chris Bassitt,6.0,2.3333333333333335,7.8320610687022905,3.0,77.0,82.0,5.0,5.666666666666667,3.9375,1.6666666666666667,68.0,51.0,0,,,,,,
776894,2025-08-03,R,Milwaukee Brewers,Washington Nationals,14,3,0,Logan Henderson,Brad Lord,6.0,5.333333333333333,4.348993288590604,5.0,51.0,69.0,70.0,5.0,4.122137404580153,3.0,74.0,50.0,0,,,,,,
776895,2025-08-03,R,Houston Astros,Boston Red Sox,1,6,1,Framber Valdez,Lucas Giolito,5.0,6.0,1.8134328358208955,4.666666666666667,62.0,41.0,6.0,6.0,3.375,4.0,52.0,58.0,1,,,,,,
776867,2025-08-04,R,Tampa Bay Rays,Los Angeles Angels,1,5,1,Adrian Houser,Yusei Kikuchi,6.0,5.333333333333333,3.9375,3.0,49.0,57.0,10.0,6.666666666666667,3.3540372670807455,4.0,42.0,66.0,0,,,,,,
776870,2025-08-04,R,St. Louis Cardinals,Los Angeles Dodgers,3,2,0,Sonny Gray,Tyler Glasnow,6.0,4.0,2.0610687022900764,3.3333333333333335,46.0,40.0,6.0,5.0,2.759124087591241,3.0,44.0,59.0,0,,,,,,
776871,2025-08-04,R,New York Yankees,Texas Rangers,5,8,1,Max Fried,Patrick Corbin,6.0,5.0,3.573529411764706,3.0,65.0,50.0,6.0,6.666666666666667,5.29054054054054,4.666666666666667,59.0,79.0,0,,,,,,
776872,2025-08-04,R,Toronto Blue Jays,Colorado Rockies,15,1,0,Eric Lauer,Tanner Gordon,6.0,3.0,6.9324324324324325,3.3333333333333335,65.0,89.0,6.0,5.0,8.1203007518797,4.0,73.0,83.0,0,,,,,,
776873,2025-08-04,R,San Diego Padres,Arizona Diamondbacks,2,6,1,JP Sears,Brandon Pfaadt,6.0,4.666666666666667,4.226086956521739,4.0,27.0,56.0,7.0,4.333333333333333,1.7608695652173914,4.0,61.0,42.0,0,,,,,,
776874,2025-08-04,R,Minnesota Twins,Detroit Tigers,3,6,1,Travis Adams,Casey Mize,6.0,1.6666666666666667,5.440298507462686,2.0,58.0,61.0,,,5.574193548387097,5.0,43.0,69.0,0,,,,,,
776875,2025-08-04,R,Houston Astros,Miami Marlins,8,2,0,Jason Alexander,Sandy Alcantara,6.0,5.0,3.9836065573770494,3.0,52.0,37.0,6.0,4.666666666666667,3.6141732283464565,2.0,42.0,61.0,0,,,,,,
776876,2025-08-04,R,Cleveland Guardians,New York Mets,7,6,0,Slade Cecconi,Sean Manaea,6.0,5.0,3.42,5.0,57.0,56.0,7.0,7.0,2.030075187969925,3.3333333333333335,65.0,50.0,0,,,,,,
776877,2025-08-04,R,Baltimore Orioles,Philadelphia Phillies,3,13,1,Cade Povich,Jesús Luzardo,6.0,7.0,6.319148936170213,1.0,62.0,54.0,55.0,4.666666666666667,4.153846153846154,3.3333333333333335,87.0,57.0,0,,,,,,
776878,2025-08-04,R,Cincinnati Reds,Chicago Cubs,3,2,0,Nick Lodolo,Michael Soroka,6.0,3.3333333333333335,5.9361702127659575,4.333333333333333,56.0,64.0,6.0,5.333333333333333,4.889763779527559,0.0,56.0,51.0,0,,,,,,
776879,2025-08-04,R,San Francisco Giants,Pittsburgh Pirates,4,5,1,Justin Verlander,Johan Oviedo,,,4.0212765957446805,4.0,66.0,44.0,6.0,5.0,4.5,3.6666666666666665,57.0,57.0,0,,,,,,
776880,2025-08-04,R,Kansas City Royals,Boston Red Sox,5,8,1,Bailey Falter,Brayan Bello,5.0,7.0,1.8984375,1.0,62.0,41.0,6.0,5.0,4.013513513513513,5.333333333333333,68.0,51.0,0,,,,,,
776882,2025-08-04,R,Milwaukee Brewers,Atlanta Braves,3,1,0,Quinn Priester,Erick Fedde,6.0,4.666666666666667,6.704697986577181,0.0,55.0,78.0,6.0,5.666666666666667,4.367647058823529,4.666666666666667,82.0,48.0,0,,,,,,
776848,2025-08-05,R,Tampa Bay Rays,Los Angeles Angels,7,3,0,Ryan Pepiot,José Soriano,6.0,7.0,3.673469387755102,3.0,49.0,51.0,5.0,4.0,3.5294117647058822,2.3333333333333335,40.0,63.0,1,,,,,,
776852,2025-08-05,R,San Diego Padres,Arizona Diamondbacks,10,5,0,Yu Darvish,Ryne Nelson,6.0,5.333333333333333,4.189655172413793,3.3333333333333335,30.0,52.0,6.0,7.0,2.030075187969925,3.0,61.0,47.0,1,,,,,,
776854,2025-08-05,R,Toronto Blue Jays,Colorado Rockies,10,4,0,José Berríos,Anthony Molina,,,7.738853503184713,6.333333333333333,64.0,98.0,6.0,4.333333333333333,7.9411764705882355,3.0,84.0,83.0,0,,,,,,
776855,2025-08-05,R,New York Yankees,Texas Rangers,0,2,1,Will Warren,Nathan Eovaldi,6.0,7.0,3.6486486486486487,7.0,66.0,53.0,6.0,6.0,5.647058823529412,4.666666666666667,63.0,83.0,1,,,,,,
776857,2025-08-05,R,Chicago White Sox,Seattle Mariners,3,8,1,Davis Martin,Bryan Woo,6.0,6.333333333333333,1.6363636363636365,0.0,44.0,46.0,8.0,5.666666666666667,4.029850746268656,0.0,61.0,51.0,0,,,,,,
776858,2025-08-05,R,St. Louis Cardinals,Los Angeles Dodgers,6,12,1,Miles Mikolas,Emmet Sheehan,11.0,5.0,2.495798319327731,2.0,43.0,41.0,6.0,6.0,2.9562043795620436,2.0,41.0,59.0,0,,,,,,
776860,2025-08-05,R,Cincinnati Reds,Chicago Cubs,5,1,0,Zack Littell,Shota Imanaga,6.0,5.0,4.304347826086956,7.0,54.0,55.0,6.0,5.0,4.5,7.333333333333333,51.0,43.0,0,,,,,,
776861,2025-08-05,R,Minnesota Twins,Detroit Tigers,6,3,0,Zebby Matthews,Chris Paddack,6.0,6.0,5.6953125,3.0,64.0,61.0,6.0,4.333333333333333,6.0576923076923075,3.0,44.0,70.0,1,,,,,,
776862,2025-08-05,R,Houston Astros,Miami Marlins,7,3,0,Steven Okert,Cal Quantrill,6.0,5.0,4.655172413793103,2.0,53.0,43.0,,,4.071428571428571,3.0,44.0,60.0,0,,,,,,
776863,2025-08-05,R,Cleveland Guardians,New York Mets,3,2,0,Logan Allen,Clay Holmes,6.0,3.6666666666666665,3.3517241379310345,4.333333333333333,56.0,58.0,7.0,7.0,2.3309352517985613,4.0,62.0,51.0,0,,,,,,
776864,2025-08-05,R,Kansas City Royals,Boston Red Sox,2,6,1,Ryan Bergert,Garrett Crochet,10.0,6.0,2.6793893129770994,3.0,68.0,43.0,7.0,4.0,4.112582781456954,4.0,61.0,55.0,1,,,,,,
776865,2025-08-05,R,Athletics,Washington Nationals,16,7,0,Luis Severino,MacKenzie Gore,6.0,5.333333333333333,6.642857142857143,0.0,43.0,67.0,7.0,5.0,3.4,0.0,58.0,37.0,0,,,,,,
776866,2025-08-05,R,San Francisco Giants,Pittsburgh Pirates,8,1,0,Logan Webb,Mike Burrows,6.0,6.0,3.980769230769231,8.0,68.0,48.0,6.0,5.666666666666667,4.909090909090909,3.3333333333333335,56.0,53.0,1,,,,,,
776868,2025-08-05,R,Baltimore Orioles,Philadelphia Phillies,0,5,1,Dean Kremer,Taijuan Walker,6.0,5.0,6.527472527472527,3.0,72.0,55.0,6.0,5.0,5.008064516129032,2.3333333333333335,85.0,60.0,1,,,,,,
776869,2025-08-05,R,Milwaukee Brewers,Atlanta Braves,7,2,0,Freddy Peralta,Joey Wentz,6.0,6.666666666666667,6.385135135135135,3.6666666666666665,47.0,76.0,6.0,4.0,4.466165413533835,2.0,79.0,49.0,0,,,,,,
776836,2025-08-06,R,Toronto Blue Jays,Colorado Rockies,20,1,0,Kevin Gausman,Kyle Freeland,7.0,3.0,7.860759493670886,4.0,60.0,104.0,5.0,6.0,7.8,3.6666666666666665,90.0,82.0,0,,,,,,
776838,2025-08-06,R,San Diego Padres,Arizona Diamondbacks,3,2,0,Nestor Cortes,Anthony DeSclafani,5.0,2.3333333333333335,4.790322580645161,5.333333333333333,34.0,59.0,125.0,6.0,2.020408163265306,7.0,68.0,48.0,1,,,,,,
776839,2025-08-06,R,St. Louis Cardinals,Los Angeles Dodgers,5,3,0,Matthew Liberatore,Shohei Ohtani,7.0,3.0,2.26890756302521,4.0,48.0,37.0,5.0,4.333333333333333,4.138686131386861,5.0,43.0,63.0,0,,,,,,
776841,2025-08-06,R,Chicago White Sox,Seattle Mariners,6,8,1,Jonathan Cannon,George Kirby,6.0,6.0,2.076923076923077,2.0,51.0,49.0,8.0,6.0,4.432835820895522,3.0,61.0,55.0,1,,,,,,
776843,2025-08-06,R,Tampa Bay Rays,Los Angeles Angels,5,4,0,Shane Baz,Tyler Anderson,5.0,6.0,3.5526315789473686,5.0,50.0,55.0,5.0,5.0,3.4662162162162162,3.3333333333333335,43.0,63.0,1,,,,,,
776844,2025-08-06,R,San Francisco Giants,Pittsburgh Pirates,4,2,0,Robbie Ray,Andrew Heaney,5.0,3.3333333333333335,3.88125,4.333333333333333,61.0,51.0,5.0,7.0,5.006622516556291,3.0,55.0,54.0,1,,,,,,
776845,2025-08-06,R,New York Yankees,Texas Rangers,3,2,0,Carlos Rodón,Jack Leiter,5.0,4.333333333333333,3.8028169014084505,1.0,62.0,51.0,5.0,4.666666666666667,6.12,3.0,58.0,81.0,1,,,,,,
776846,2025-08-06,R,Cleveland Guardians,New York Mets,4,1,0,Gavin Williams,David Peterson,5.0,6.0,3.489795918367347,4.0,55.0,59.0,5.0,6.0,1.9424460431654675,4.0,59.0,50.0,0,,,,,,
776847,2025-08-06,R,Cincinnati Reds,Chicago Cubs,1,6,1,Andrew Abbott,Cade Horton,5.0,5.0,5.014285714285714,2.6666666666666665,49.0,60.0,6.0,5.333333333333333,4.534351145038168,2.0,55.0,38.0,0,,,,,,
776849,2025-08-06,R,Houston Astros,Miami Marlins,4,6,1,Spencer Arrighetti,Janson Junk,5.0,5.0,4.05,4.666666666666667,52.0,47.0,123.0,3.6666666666666665,3.992957746478873,7.333333333333333,48.0,62.0,0,,,,,,
776850,2025-08-06,R,Athletics,Washington Nationals,1,2,1,Jeffrey Springs,Cade Cavalli,,,8.162790697674419,6.0,44.0,82.0,7.0,6.0,3.2,3.0,72.0,38.0,0,,,,,,
776851,2025-08-06,R,Baltimore Orioles,Philadelphia Phillies,5,1,0,Trevor Rogers,Ranger Suarez,5.0,7.0,5.94,3.0,73.0,54.0,5.0,8.0,4.764705882352941,2.0,82.0,59.0,1,,,,,,
776853,2025-08-06,R,Milwaukee Brewers,Atlanta Braves,5,4,0,Jose Quintana,Spencer Strider,9.0,5.0,6.061224489795919,3.6666666666666665,49.0,74.0,5.0,5.0,4.5,4.0,86.0,50.0,0,,,,,,
776856,2025-08-06,R,Kansas City Royals,Boston Red Sox,7,3,0,Michael Wacha,Dustin May,10.0,5.0,2.8536585365853657,2.0,73.0,41.0,5.0,8.0,4.348993288590604,2.3333333333333335,63.0,55.0,1,,,,,,
776859,2025-08-06,R,Minnesota Twins,Detroit Tigers,9,4,0,Pierson Ohl,Jack Flaherty,5.0,6.0,5.358778625954199,5.0,62.0,59.0,8.0,3.0,5.94,4.0,40.0,66.0,1,,,,,,
776830,2025-08-07,R,Chicago White Sox,Seattle Mariners,3,4,1,Shane Smith,Logan Gilbert,6.0,6.0,2.125984251968504,3.0,57.0,45.0,6.0,4.333333333333333,3.884892086330935,6.333333333333333,56.0,54.0,1,,,,,,
776837,2025-08-07,R,Athletics,Washington Nationals,6,0,0,Jacob Lopez,Mitchell Parker,6.0,4.0,7.511278195488722,4.666666666666667,46.0,78.0,6.0,5.0,3.2481203007518795,2.3333333333333335,72.0,38.0,0,,,,,,
776840,2025-08-07,R,Cincinnati Reds,Pittsburgh Pirates,0,7,1,Brady Singer,Paul Skenes,5.0,5.0,4.203592814371257,4.333333333333333,57.0,54.0,6.0,6.0,4.8,1.3333333333333333,51.0,44.0,0,,,,,,
776842,2025-08-07,R,Miami Marlins,Atlanta Braves,6,8,1,Eury Pérez,Carlos Carrasco,7.0,6.0,4.925675675675675,4.333333333333333,50.0,70.0,5.0,6.0,3.857142857142857,4.0,55.0,49.0,0,,,,,,
776820,2025-08-08,R,Boston Red Sox,San Diego Padres,10,2,0,Walker Buehler,Nick Pivetta,7.0,7.0,1.9708029197080292,0.0,62.0,38.0,6.0,4.333333333333333,3.6610169491525424,0.0,67.0,40.0,0,,,,,,
776821,2025-08-08,R,Philadelphia Phillies,Texas Rangers,9,1,0,Cristopher Sánchez,Merrill Kelly,6.0,5.666666666666667,3.8053691275167787,0.0,62.0,53.0,5.0,8.0,6.3,0.0,66.0,50.0,0,,,,,,
776822,2025-08-08,R,Washington Nationals,San Francisco Giants,0,5,1,Jake Irvin,Matt Gage,12.0,1.0,4.5608108108108105,0.0,50.0,53.0,6.0,4.0,7.2620689655172415,4.0,46.0,84.0,0,,,,,,
776823,2025-08-08,R,Toronto Blue Jays,Los Angeles Dodgers,1,5,1,Max Scherzer,Clayton Kershaw,7.0,6.0,2.3203125,0.0,47.0,39.0,6.0,6.0,7.30827067669173,0.0,91.0,75.0,0,,,,,,
776824,2025-08-08,R,Tampa Bay Rays,Seattle Mariners,2,3,1,Drew Rasmussen,Luis Castillo,6.0,4.333333333333333,2.030075187969925,6.0,57.0,46.0,6.0,5.333333333333333,2.4893617021276597,0.0,39.0,56.0,0,,,,,,
776825,2025-08-08,R,Colorado Rockies,Arizona Diamondbacks,1,6,1,Austin Gomber,Zac Gallen,6.0,6.0,4.889763779527559,0.0,33.0,58.0,6.0,5.0,10.0,0.0,55.0,124.0,0,,,,,,
776826,2025-08-08,R,Chicago Cubs,St. Louis Cardinals,0,5,1,Matthew Boyd,Michael McGreevy,6.0,6.0,4.122137404580153,0.0,39.0,53.0,6.0,7.0,4.891304347826087,0.0,51.0,53.0,0,,,,,,
776827,2025-08-08,R,Kansas City Royals,Minnesota Twins,4,9,1,Seth Lugo,Joe Ryan,7.0,6.0,5.031055900621118,0.0,46.0,66.0,5.0,4.666666666666667,4.167785234899329,0.0,62.0,54.0,0,,,,,,
776828,2025-08-08,R,New York Mets,Milwaukee Brewers,2,3,1,Kodai Senga,Brandon Woodruff,6.0,6.0,4.6,0.0,81.0,52.0,6.0,4.0,3.1875,0.0,50.0,60.0,0,,,,,,
776829,2025-08-08,R,Cincinnati Reds,Pittsburgh Pirates,2,3,1,Chase Burns,Mitch Keller,5.0,5.0,3.9886363636363638,3.0,64.0,54.0,6.0,1.0,4.743243243243243,4.333333333333333,51.0,51.0,1,,,,,,
776831,2025-08-08,R,Athletics,Baltimore Orioles,2,3,1,J.T. Ginn,Tomoyuki Sugano,6.0,5.0,4.821428571428571,0.0,81.0,54.0,6.0,4.333333333333333,3.2977099236641223,1.3333333333333333,73.0,36.0,0,,,,,,
776832,2025-08-08,R,Los Angeles Angels,Detroit Tigers,5,6,1,Kyle Hendricks,Tarik Skubal,6.0,7.0,4.968,0.0,61.0,51.0,6.0,5.0,3.045112781954887,0.0,49.0,50.0,0,,,,,,
776833,2025-08-08,R,Cleveland Guardians,Chicago White Sox,9,5,0,Tanner Bibee,Aaron Civale,6.0,6.333333333333333,3.4838709677419355,5.333333333333333,59.0,58.0,6.0,4.666666666666667,2.1951219512195124,0.0,57.0,45.0,0,,,,,,
776834,2025-08-08,R,Miami Marlins,Atlanta Braves,5,1,0,Edward Cabrera,Bryce Elder,7.0,6.666666666666667,4.613924050632911,3.3333333333333335,58.0,76.0,5.0,6.0,4.029850746268656,2.6666666666666665,61.0,57.0,1,,,,,,
776835,2025-08-08,R,Houston Astros,New York Yankees,5,3,0,Hunter Brown,Cam Schlittler,6.0,5.0,5.6103896103896105,0.0,57.0,75.0,7.0,7.0,3.857142857142857,0.0,46.0,60.0,0,,,,,,
776802,2025-08-09,R,Washington Nationals,San Francisco Giants,4,2,0,Brad Lord,Carson Whisenhunt,6.0,5.333333333333333,3.9554140127388533,8.0,54.0,45.0,6.0,4.666666666666667,7.5,2.6666666666666665,46.0,88.0,1,,,,,,
776805,2025-08-09,R,Tampa Bay Rays,Seattle Mariners,4,7,1,Joe Boyle,Logan Evans,6.0,5.0,2.109375,2.0,58.0,45.0,6.0,5.0,2.6808510638297873,2.0,39.0,52.0,1,,,,,,
776807,2025-08-09,R,Boston Red Sox,San Diego Padres,4,5,1,Lucas Giolito,Michael King,83.0,5.333333333333333,2.872340425531915,3.0,64.0,45.0,6.0,8.0,3.7241379310344827,3.0,75.0,37.0,0,,,,,,
776808,2025-08-09,R,Toronto Blue Jays,Los Angeles Dodgers,1,9,1,Chris Bassitt,Blake Snell,7.0,5.0,2.376,3.0,47.0,38.0,6.0,6.0,8.1,2.0,86.0,78.0,1,,,,,,
776809,2025-08-09,R,Colorado Rockies,Arizona Diamondbacks,5,6,1,Bradley Blalock,Eduardo Rodriguez,6.0,5.0,5.132231404958677,3.0,38.0,59.0,6.0,5.666666666666667,10.018867924528301,2.0,50.0,125.0,1,,,,,,
776810,2025-08-09,R,Philadelphia Phillies,Texas Rangers,3,2,0,Jesús Luzardo,Jacob deGrom,6.0,5.0,4.112582781456954,4.666666666666667,55.0,59.0,5.0,6.0,5.764044943820225,3.0,63.0,46.0,0,,,,,,
776811,2025-08-09,R,Athletics,Baltimore Orioles,11,3,0,Jack Perkins,Brandon Young,6.0,4.666666666666667,4.954128440366972,2.0,79.0,50.0,6.0,3.0,3.0916030534351147,3.0,60.0,36.0,1,,,,,,
776812,2025-08-09,R,Cincinnati Reds,Pittsburgh Pirates,2,1,0,Nick Martinez,Braxton Ashcraft,47.0,3.0,4.105263157894737,3.3333333333333335,67.0,55.0,10.0,6.0,5.323943661971831,2.0,46.0,52.0,1,,,,,,
776813,2025-08-09,R,Los Angeles Angels,Detroit Tigers,7,4,0,Yusei Kikuchi,Charlie Morton,6.0,6.0,5.2682926829268295,4.333333333333333,65.0,50.0,5.0,6.0,3.7384615384615385,3.0,51.0,54.0,1,,,,,,
776814,2025-08-09,R,Cleveland Guardians,Chicago White Sox,3,1,0,Joey Cantillo,Sean Burke,6.0,5.0,2.9454545454545453,5.666666666666667,52.0,62.0,6.0,5.666666666666667,2.216417910447761,3.6666666666666665,66.0,50.0,0,,,,,,
776815,2025-08-09,R,Houston Astros,New York Yankees,4,5,1,Framber Valdez,Luis Gil,6.0,3.3333333333333335,4.0754716981132075,5.0,55.0,68.0,6.0,6.0,2.562043795620438,4.666666666666667,48.0,48.0,0,,,,,,
776816,2025-08-09,R,Kansas City Royals,Minnesota Twins,2,0,0,Noah Cameron,Bailey Ober,7.0,5.0,5.432926829268292,4.0,54.0,70.0,7.0,6.333333333333333,4.192546583850931,4.0,66.0,63.0,1,,,,,,
776817,2025-08-09,R,New York Mets,Milwaukee Brewers,4,7,1,Reed Garrett,Tobias Myers,84.0,3.6666666666666665,4.186046511627907,2.0,83.0,49.0,,,3.2097902097902096,3.6666666666666665,44.0,62.0,1,,,,,,
776818,2025-08-09,R,Chicago Cubs,St. Louis Cardinals,9,1,0,Colin Rea,Andre Pallante,6.0,5.0,4.21875,3.0,41.0,53.0,6.0,4.666666666666667,4.909090909090909,3.0,46.0,46.0,1,,,,,,
778431,2025-08-09,R,Miami Marlins,Atlanta Braves,1,7,1,Ryan Gusto,Hurston Waldrep,,,3.980769230769231,3.0,56.0,73.0,10.0,6.0,4.32,1.0,61.0,57.0,1,,,,,,
776819,2025-08-09,R,Miami Marlins,Atlanta Braves,6,8,1,Sandy Alcantara,Erick Fedde,5.0,5.333333333333333,3.7636363636363637,3.0,63.0,74.0,5.0,7.0,4.9465648854961835,1.0,62.0,64.0,1,,,,,,
776788,2025-08-10,R,Toronto Blue Jays,Los Angeles Dodgers,5,4,0,Eric Lauer,Tyler Glasnow,6.0,7.0,2.5511811023622046,4.0,54.0,35.0,6.0,6.0,9.068702290076336,3.3333333333333335,81.0,86.0,1,,,,,,
776789,2025-08-10,R,Boston Red Sox,San Diego Padres,2,6,1,Brayan Bello,Dylan Cease,7.0,5.0,3.0197368421052633,8.0,66.0,48.0,6.0,6.0,3.6,4.333333333333333,75.0,40.0,0,,,,,,
776791,2025-08-10,R,Tampa Bay Rays,Seattle Mariners,3,6,1,Adrian Houser,Bryan Woo,5.0,7.0,2.2846153846153845,3.6666666666666665,58.0,47.0,6.0,5.666666666666667,1.9932885906040267,4.666666666666667,41.0,53.0,1,,,,,,
776793,2025-08-10,R,Washington Nationals,San Francisco Giants,8,0,0,MacKenzie Gore,Justin Verlander,6.0,5.0,4.0,5.0,55.0,47.0,5.0,3.0,7.5524475524475525,3.0,41.0,87.0,1,,,,,,
776794,2025-08-10,R,Colorado Rockies,Arizona Diamondbacks,6,13,1,Tanner Gordon,Brandon Pfaadt,6.0,5.666666666666667,4.8515625,3.6666666666666665,44.0,62.0,6.0,2.6666666666666665,8.373417721518987,3.6666666666666665,55.0,113.0,1,,,,,,
776795,2025-08-10,R,Chicago Cubs,St. Louis Cardinals,2,3,1,Shota Imanaga,Sonny Gray,6.0,7.0,4.367647058823529,7.333333333333333,41.0,59.0,5.0,6.333333333333333,4.669172932330827,3.0,49.0,46.0,1,,,,,,
776796,2025-08-10,R,Kansas City Royals,Minnesota Twins,3,5,1,Ryan Bergert,José Ureña,7.0,4.0,5.031055900621118,3.0,51.0,63.0,5.0,5.666666666666667,4.108695652173913,3.3333333333333335,59.0,54.0,1,,,,,,
776797,2025-08-10,R,Houston Astros,New York Yankees,7,1,0,Jason Alexander,Max Fried,6.0,5.0,3.6818181818181817,3.6666666666666665,56.0,63.0,6.0,6.0,2.659090909090909,2.3333333333333335,51.0,48.0,0,,,,,,
776798,2025-08-10,R,Cleveland Guardians,Chicago White Sox,4,6,1,Slade Cecconi,Davis Martin,5.0,5.0,2.0647058823529414,5.666666666666667,52.0,59.0,6.0,6.0,1.7704918032786885,3.3333333333333335,60.0,42.0,0,,,,,,
776799,2025-08-10,R,New York Mets,Milwaukee Brewers,6,7,1,Sean Manaea,Quinn Priester,6.0,7.0,3.828358208955224,5.666666666666667,86.0,46.0,6.0,5.666666666666667,3.3096774193548386,7.0,46.0,68.0,1,,,,,,
776800,2025-08-10,R,Philadelphia Phillies,Texas Rangers,4,2,0,Zack Wheeler,Patrick Corbin,6.0,3.0,4.05,2.3333333333333335,51.0,57.0,8.0,6.0,5.215909090909091,3.0,57.0,44.0,0,,,,,,
776801,2025-08-10,R,Cincinnati Reds,Pittsburgh Pirates,14,8,0,Zack Littell,Mike Burrows,5.0,4.666666666666667,4.142045454545454,5.666666666666667,66.0,57.0,5.0,7.0,5.244604316546763,2.0,42.0,51.0,1,,,,,,
776803,2025-08-10,R,Miami Marlins,Atlanta Braves,1,7,1,Cal Quantrill,Joey Wentz,5.0,5.333333333333333,4.0,7.0,66.0,74.0,5.0,4.333333333333333,5.484375,5.0,61.0,68.0,1,,,,,,
776804,2025-08-10,R,Athletics,Baltimore Orioles,3,2,0,Luis Morales,Cade Povich,6.0,5.666666666666667,4.68595041322314,6.0,64.0,61.0,,,3.0,3.0,66.0,38.0,1,,,,,,
776806,2025-08-10,R,Los Angeles Angels,Detroit Tigers,5,9,1,Jack Kochanowicz,Casey Mize,6.0,6.0,4.0078125,4.666666666666667,68.0,51.0,7.0,6.0,2.7209302325581395,4.0,56.0,51.0,1,,,,,,
776779,2025-08-11,R,Los Angeles Dodgers,Los Angeles Angels,4,7,1,Yoshinobu Yamamoto,José Soriano,6.0,4.0,3.0,5.0,57.0,59.0,8.0,5.666666666666667,3.1640625,3.3333333333333335,55.0,36.0,0,,,,,,
776780,2025-08-11,R,San Diego Padres,San Francisco Giants,4,1,0,Yu Darvish,Logan Webb,6.0,6.0,3.6,4.0,52.0,50.0,6.0,4.0,3.0197368421052633,3.0,63.0,48.0,0,,,,,,
776781,2025-08-11,R,Detroit Tigers,Chicago White Sox,2,1,0,Chris Paddack,Elvis Peguero,,,2.050632911392405,4.0,54.0,58.0,6.0,4.0,3.7099236641221376,4.0,67.0,52.0,0,,,,,,
776782,2025-08-11,R,Boston Red Sox,Houston Astros,6,7,1,Garrett Crochet,Cristian Javier,,,2.302325581395349,3.0,57.0,42.0,6.0,7.0,4.026315789473684,2.3333333333333335,73.0,43.0,0,,,,,,
776783,2025-08-11,R,Colorado Rockies,St. Louis Cardinals,2,3,1,Chase Dollander,Miles Mikolas,6.0,3.0,4.186046511627907,2.0,42.0,52.0,36.0,3.6666666666666665,8.94267515923567,3.3333333333333335,60.0,121.0,0,,,,,,
776784,2025-08-11,R,Washington Nationals,Kansas City Royals,4,7,1,Cade Cavalli,Bailey Falter,7.0,4.0,4.404255319148936,5.0,58.0,58.0,5.0,4.333333333333333,7.397260273972603,3.0,42.0,85.0,0,,,,,,
776785,2025-08-11,R,Arizona Diamondbacks,Texas Rangers,6,7,1,Ryne Nelson,Nathan Eovaldi,6.0,8.0,4.096551724137931,4.666666666666667,45.0,60.0,6.0,5.666666666666667,4.835820895522388,4.0,57.0,62.0,0,,,,,,
776786,2025-08-11,R,Pittsburgh Pirates,Milwaukee Brewers,1,7,1,Andrew Heaney,Jose Quintana,5.0,6.0,3.6906474820143886,4.666666666666667,90.0,50.0,5.0,4.666666666666667,5.581005586592179,4.0,68.0,71.0,0,,,,,,
776787,2025-08-11,R,Tampa Bay Rays,Athletics,7,4,0,Ryan Pepiot,Jeffrey Springs,5.0,6.0,2.9779411764705883,6.333333333333333,62.0,39.0,6.0,5.666666666666667,2.3557046979865772,3.0,43.0,57.0,0,,,,,,
776790,2025-08-11,R,Minnesota Twins,New York Yankees,2,6,1,Zebby Matthews,Will Warren,6.0,5.0,4.180645161290323,4.0,53.0,67.0,6.0,5.0,4.280487804878049,8.0,54.0,59.0,0,,,,,,
776792,2025-08-11,R,Philadelphia Phillies,Cincinnati Reds,4,1,0,Taijuan Walker,Andrew Abbott,5.0,6.666666666666667,5.326530612244898,4.333333333333333,54.0,58.0,6.0,6.0,4.935483870967742,4.0,58.0,42.0,0,,,,,,
776762,2025-08-12,R,Tampa Bay Rays,Athletics,0,6,1,Shane Baz,Jacob Lopez,5.0,7.666666666666667,3.4964028776978417,5.666666666666667,65.0,43.0,6.0,4.0,2.420689655172414,2.6666666666666665,46.0,59.0,0,,,,,,
776763,2025-08-12,R,Los Angeles Dodgers,Los Angeles Angels,6,7,1,Emmet Sheehan,Victor Mederos,,,3.50381679389313,3.0,58.0,59.0,7.0,5.0,3.0681818181818183,3.3333333333333335,54.0,41.0,1,,,,,,
776764,2025-08-12,R,Arizona Diamondbacks,Texas Rangers,3,2,0,Anthony DeSclafani,Jack Leiter,6.0,3.3333333333333335,3.9078947368421053,5.0,48.0,60.0,6.0,4.333333333333333,4.821428571428571,4.0,62.0,64.0,1,,,,,,
776767,2025-08-12,R,San Diego Padres,San Francisco Giants,5,1,0,Nestor Cortes,Robbie Ray,6.0,6.0,3.328767123287671,2.6666666666666665,48.0,48.0,6.0,4.666666666666667,2.918918918918919,3.0,60.0,43.0,0,,,,,,
776768,2025-08-12,R,Chicago Cubs,Toronto Blue Jays,1,5,1,Javier Assad,José Berríos,7.0,5.333333333333333,7.116279069767442,0.0,78.0,69.0,,,3.956896551724138,0.0,42.0,37.0,0,,,,,,
776769,2025-08-12,R,Boston Red Sox,Houston Astros,14,1,0,Dustin May,Spencer Arrighetti,6.0,3.6666666666666665,2.8636363636363638,4.0,63.0,46.0,6.0,3.6666666666666665,3.8230088495575223,4.0,75.0,45.0,1,,,,,,
776770,2025-08-12,R,Washington Nationals,Kansas City Royals,5,8,1,Mitchell Parker,Michael Wacha,6.0,6.0,3.6382978723404253,5.0,58.0,52.0,5.0,5.0,8.0625,3.0,44.0,91.0,1,,,,,,
776771,2025-08-12,R,Pittsburgh Pirates,Milwaukee Brewers,0,14,1,Paul Skenes,Freddy Peralta,7.0,5.0,3.654135338345865,3.0,89.0,47.0,5.0,6.0,5.7176470588235295,4.0,63.0,73.0,1,,,,,,
776772,2025-08-12,R,Atlanta Braves,New York Mets,5,13,1,Spencer Strider,Clay Holmes,7.0,5.0,3.992957746478873,0.0,41.0,65.0,6.0,4.666666666666667,3.537931034482759,0.0,62.0,60.0,0,,,,,,
776773,2025-08-12,R,Detroit Tigers,Chicago White Sox,6,9,1,Jack Flaherty,Yoendrys Gómez,,,2.0647058823529414,7.333333333333333,49.0,58.0,6.0,4.666666666666667,3.4,3.3333333333333335,64.0,52.0,0,,,,,,
776774,2025-08-12,R,Minnesota Twins,New York Yankees,1,9,1,Travis Adams,Carlos Rodón,6.0,5.0,4.195945945945946,2.3333333333333335,57.0,65.0,8.0,5.0,4.784810126582278,2.3333333333333335,51.0,61.0,1,,,,,,
776775,2025-08-12,R,Colorado Rockies,St. Louis Cardinals,3,0,0,Kyle Freeland,Matthew Liberatore,6.0,4.0,3.9461538461538463,2.3333333333333335,38.0,53.0,6.0,4.666666666666667,8.254777070063694,3.0,54.0,118.0,1,,,,,,
776776,2025-08-12,R,Seattle Mariners,Baltimore Orioles,1,0,0,George Kirby,Dean Kremer,7.0,6.0,5.803738317757009,0.0,50.0,59.0,6.0,6.0,2.3951612903225805,0.0,60.0,45.0,0,,,,,,
776777,2025-08-12,R,Philadelphia Phillies,Cincinnati Reds,1,6,1,Ranger Suarez,Brady Singer,5.0,3.6666666666666665,5.361702127659575,1.3333333333333333,53.0,57.0,6.0,6.333333333333333,4.13265306122449,3.0,60.0,37.0,0,,,,,,
776778,2025-08-12,R,Miami Marlins,Cleveland Guardians,3,4,1,Janson Junk,Logan Allen,7.0,5.0,1.361344537815126,0.0,57.0,36.0,6.0,5.0,5.661290322580645,0.0,59.0,65.0,0,,,,,,
776746,2025-08-13,R,Arizona Diamondbacks,Texas Rangers,6,4,0,Zac Gallen,Merrill Kelly,5.0,4.333333333333333,3.3096774193548386,4.0,45.0,55.0,5.0,6.0,3.6486486486486487,6.0,63.0,54.0,1,,,,,,
776749,2025-08-13,R,San Diego Padres,San Francisco Giants,11,1,0,Nick Pivetta,Kai-Wei Teng,11.0,3.3333333333333335,3.2097902097902096,3.0,48.0,50.0,5.0,6.0,2.958904109589041,4.333333333333333,58.0,43.0,0,,,,,,
776751,2025-08-13,R,Tampa Bay Rays,Athletics,8,2,0,Drew Rasmussen,J.T. Ginn,5.0,5.0,3.654135338345865,2.0,65.0,42.0,5.0,6.0,2.6194029850746268,1.0,41.0,58.0,0,,,,,,
776752,2025-08-13,R,Los Angeles Dodgers,Los Angeles Angels,5,6,1,Shohei Ohtani,Kyle Hendricks,5.0,5.0,3.717391304347826,6.0,57.0,60.0,7.0,4.0,3.3488372093023258,4.0,55.0,44.0,1,,,,,,
776753,2025-08-13,R,Boston Red Sox,Houston Astros,1,4,1,Walker Buehler,Hunter Brown,5.0,5.333333333333333,4.740458015267175,4.0,57.0,56.0,5.0,6.0,3.3451327433628317,3.0,81.0,41.0,1,,,,,,
776754,2025-08-13,R,Detroit Tigers,Chicago White Sox,1,0,0,Troy Melton,Shane Smith,6.0,5.0,2.653179190751445,4.0,55.0,58.0,16.0,7.0,4.354838709677419,3.6666666666666665,58.0,59.0,0,,,,,,
776755,2025-08-13,R,Pittsburgh Pirates,Milwaukee Brewers,5,12,1,Mitch Keller,Brandon Woodruff,5.0,7.0,3.477272727272727,3.0,94.0,44.0,5.0,5.666666666666667,6.829411764705882,4.0,60.0,86.0,1,,,,,,
776756,2025-08-13,R,Atlanta Braves,New York Mets,11,6,0,Carlos Carrasco,David Peterson,7.0,6.0,2.7181208053691277,5.333333333333333,53.0,63.0,6.0,5.666666666666667,3.489795918367347,4.0,61.0,64.0,1,,,,,,
776757,2025-08-13,R,Chicago Cubs,Toronto Blue Jays,4,1,0,Cade Horton,Kevin Gausman,7.0,7.0,5.165217391304348,3.6666666666666665,77.0,51.0,7.0,5.666666666666667,3.4913793103448274,4.0,40.0,33.0,1,,,,,,
776758,2025-08-13,R,Colorado Rockies,St. Louis Cardinals,6,5,0,Austin Gomber,Michael McGreevy,5.0,6.0,3.4511278195488724,5.0,38.0,51.0,5.0,6.0,8.26530612244898,1.6666666666666667,53.0,108.0,1,,,,,,
776759,2025-08-13,R,Washington Nationals,Kansas City Royals,8,7,0,Jake Irvin,Seth Lugo,5.0,4.0,3.6382978723404253,3.3333333333333335,57.0,51.0,5.0,5.333333333333333,8.021739130434783,2.6666666666666665,45.0,92.0,1,,,,,,
776760,2025-08-13,R,Minnesota Twins,New York Yankees,4,1,0,Joe Ryan,Cam Schlittler,5.0,5.0,4.040816326530612,2.0,59.0,61.0,5.0,5.0,5.3312101910828025,5.666666666666667,47.0,62.0,1,,,,,,
776761,2025-08-13,R,Seattle Mariners,Baltimore Orioles,3,4,1,Logan Gilbert,Trevor Rogers,7.0,6.0,6.456521739130435,1.0,31.0,54.0,6.0,5.0,2.475,2.0,60.0,39.0,0,,,,,,
776765,2025-08-13,R,Philadelphia Phillies,Cincinnati Reds,0,8,1,Cristopher Sánchez,Hunter Greene,71.0,5.0,5.0503597122302155,3.0,55.0,53.0,5.0,6.0,3.24,2.6666666666666665,55.0,40.0,0,,,,,,
776766,2025-08-13,R,Miami Marlins,Cleveland Guardians,13,4,0,Eury Pérez,Gavin Williams,7.0,8.666666666666666,1.08,4.0,51.0,35.0,6.0,5.333333333333333,6.024793388429752,3.0,57.0,69.0,1,,,,,,
776742,2025-08-14,R,Arizona Diamondbacks,Colorado Rockies,8,2,0,Eduardo Rodriguez,Bradley Blalock,5.0,4.666666666666667,7.875,4.0,59.0,108.0,5.0,5.333333333333333,3.1973684210526314,4.0,67.0,51.0,0,,,,,,
776743,2025-08-14,R,Philadelphia Phillies,Washington Nationals,2,3,1,Jesús Luzardo,Brad Lord,5.0,6.0,7.2620689655172415,5.0,52.0,90.0,5.0,6.0,2.5051546391752577,2.0,52.0,39.0,0,,,,,,
776744,2025-08-14,R,Detroit Tigers,Minnesota Twins,4,3,0,Tarik Skubal,Bailey Ober,5.0,6.0,4.14,2.3333333333333335,50.0,50.0,6.0,4.666666666666667,4.039370078740157,4.0,52.0,57.0,0,,,,,,
776745,2025-08-14,R,Miami Marlins,Cleveland Guardians,4,9,1,Edward Cabrera,Tanner Bibee,6.0,5.333333333333333,3.0,6.0,50.0,48.0,6.0,8.0,6.024793388429752,4.0,68.0,73.0,1,,,,,,
776747,2025-08-14,R,Chicago Cubs,Toronto Blue Jays,1,2,1,Matthew Boyd,Max Scherzer,6.0,6.0,5.5514018691588785,2.0,69.0,47.0,6.0,5.0,3.5526315789473686,3.3333333333333335,34.0,31.0,1,,,,,,
776748,2025-08-14,R,Atlanta Braves,New York Mets,4,3,0,Bryce Elder,Kodai Senga,6.0,4.333333333333333,3.3529411764705883,5.666666666666667,59.0,69.0,6.0,6.0,3.186335403726708,7.0,72.0,69.0,1,,,,,,
776750,2025-08-14,R,Seattle Mariners,Baltimore Orioles,3,5,1,Logan Evans,Tomoyuki Sugano,6.0,7.0,5.651162790697675,2.0,27.0,48.0,5.0,5.333333333333333,2.877049180327869,2.3333333333333335,59.0,38.0,0,,,,,,
776727,2025-08-15,R,San Diego Padres,Los Angeles Dodgers,2,3,1,Wandy Peralta,Clayton Kershaw,7.0,6.0,3.888,0.0,58.0,45.0,,,2.938775510204082,0.0,64.0,44.0,0,,,,,,
776728,2025-08-15,R,Chicago White Sox,Kansas City Royals,1,3,1,Aaron Civale,Noah Cameron,6.0,5.666666666666667,4.186046511627907,0.0,63.0,59.0,7.0,3.3333333333333335,2.732142857142857,0.0,46.0,56.0,0,,,,,,
776729,2025-08-15,R,Tampa Bay Rays,San Francisco Giants,7,6,0,Joe Boyle,Landen Roupp,24.0,5.0,3.7302631578947367,0.0,48.0,59.0,6.0,3.3333333333333335,2.3275862068965516,0.0,41.0,48.0,0,,,,,,
776730,2025-08-15,R,Arizona Diamondbacks,Colorado Rockies,3,4,1,Brandon Pfaadt,Tanner Gordon,5.0,4.666666666666667,7.25625,5.333333333333333,61.0,116.0,5.0,5.0,3.2468354430379747,2.0,75.0,53.0,0,,,,,,
776731,2025-08-15,R,New York Yankees,St. Louis Cardinals,4,3,0,Luis Gil,Andre Pallante,6.0,1.6666666666666667,4.06015037593985,0.0,43.0,55.0,6.0,5.333333333333333,4.704545454545454,0.0,48.0,57.0,0,,,,,,
776732,2025-08-15,R,Detroit Tigers,Minnesota Twins,7,0,0,Charlie Morton,Pierson Ohl,9.0,2.6666666666666665,3.718562874251497,5.666666666666667,53.0,54.0,6.0,4.333333333333333,3.6906474820143886,4.0,56.0,60.0,0,,,,,,
776733,2025-08-15,R,Baltimore Orioles,Houston Astros,7,0,0,Brandon Young,Framber Valdez,6.0,5.666666666666667,4.813953488372093,0.0,52.0,56.0,6.0,3.0,5.56701030927835,3.6666666666666665,32.0,51.0,0,,,,,,
776734,2025-08-15,R,Los Angeles Angels,Athletics,3,10,1,Yusei Kikuchi,Jack Perkins,6.0,6.0,3.1655172413793102,0.0,62.0,46.0,6.0,5.0,2.7181208053691277,0.0,60.0,59.0,0,,,,,,
776735,2025-08-15,R,Texas Rangers,Toronto Blue Jays,5,6,1,Jacob deGrom,Chris Bassitt,6.0,4.666666666666667,5.256637168141593,2.0,71.0,48.0,6.0,6.666666666666667,3.4662162162162162,0.0,43.0,52.0,0,,,,,,
776736,2025-08-15,R,Seattle Mariners,New York Mets,11,9,0,Luis Castillo,Sean Manaea,5.0,4.0,3.478527607361963,3.3333333333333335,62.0,73.0,7.0,7.0,3.24,4.0,56.0,43.0,0,,,,,,
776737,2025-08-15,R,Pittsburgh Pirates,Chicago Cubs,3,2,0,Braxton Ashcraft,Colin Rea,6.0,6.0,3.4615384615384617,1.0,35.0,33.0,6.0,3.3333333333333335,7.7823529411764705,0.0,63.0,97.0,0,,,,,,
776738,2025-08-15,R,Atlanta Braves,Cleveland Guardians,2,0,0,Hurston Waldrep,Joey Cantillo,6.0,5.666666666666667,2.7794117647058822,3.3333333333333335,59.0,52.0,6.0,6.0,1.9161290322580644,2.0,64.0,61.0,0,,,,,,
776739,2025-08-15,R,Philadelphia Phillies,Washington Nationals,6,2,0,Zack Wheeler,MacKenzie Gore,5.0,6.0,6.837662337662338,3.0,55.0,92.0,5.0,5.0,2.3592233009708736,2.0,54.0,42.0,1,,,,,,
776740,2025-08-15,R,Milwaukee Brewers,Cincinnati Reds,10,8,0,Jacob Misiorowski,Nick Martinez,6.0,7.0,3.888,0.0,47.0,39.0,18.0,4.0,3.477272727272727,0.0,103.0,39.0,0,,,,,,
776741,2025-08-15,R,Miami Marlins,Boston Red Sox,1,2,1,Sandy Alcantara,Lucas Giolito,6.0,4.666666666666667,3.3451327433628317,0.0,69.0,44.0,6.0,5.0,6.488372093023256,2.6666666666666665,72.0,82.0,0,,,,,,
776711,2025-08-16,R,Tampa Bay Rays,San Francisco Giants,2,1,0,Adrian Houser,Justin Verlander,6.0,5.0,3.5217391304347827,6.0,50.0,63.0,6.0,5.0,2.592,7.0,48.0,49.0,0,,,,,,
776712,2025-08-16,R,Chicago White Sox,Kansas City Royals,2,6,1,Sean Burke,Michael Lorenzen,41.0,7.0,3.5474452554744524,3.6666666666666665,57.0,57.0,7.0,3.3333333333333335,2.7,2.0,41.0,56.0,1,,,,,,
776713,2025-08-16,R,New York Yankees,St. Louis Cardinals,12,8,0,Max Fried,Sonny Gray,6.0,7.0,4.029850746268656,4.0,45.0,55.0,6.0,5.0,3.6818181818181817,3.6666666666666665,40.0,47.0,0,,,,,,
776715,2025-08-16,R,Arizona Diamondbacks,Colorado Rockies,7,10,1,Ryne Nelson,Chase Dollander,5.0,5.0,6.428571428571429,4.0,48.0,103.0,5.0,5.333333333333333,3.306122448979592,2.0,77.0,52.0,0,,,,,,
776716,2025-08-16,R,Detroit Tigers,Minnesota Twins,8,5,0,Casey Mize,Zebby Matthews,5.0,5.666666666666667,3.5084745762711864,6.666666666666667,51.0,58.0,6.0,5.0,3.0422535211267605,3.0,59.0,55.0,0,,,,,,
776717,2025-08-16,R,San Diego Padres,Los Angeles Dodgers,0,6,1,Dylan Cease,Blake Snell,7.0,5.0,4.104,3.0,56.0,47.0,6.0,6.0,3.186335403726708,6.666666666666667,62.0,46.0,1,,,,,,
776718,2025-08-16,R,Los Angeles Angels,Athletics,2,7,1,Tyler Anderson,Luis Morales,6.0,2.6666666666666665,2.9793103448275864,4.0,67.0,48.0,10.0,4.0,3.375,4.0,60.0,63.0,1,,,,,,
776719,2025-08-16,R,Pittsburgh Pirates,Chicago Cubs,1,3,1,Mike Burrows,Shota Imanaga,6.0,6.666666666666667,3.923076923076923,4.0,36.0,36.0,6.0,5.0,5.982035928143713,4.0,50.0,82.0,0,,,,,,
776720,2025-08-16,R,Atlanta Braves,Cleveland Guardians,10,1,0,Joey Wentz,Slade Cecconi,6.0,3.0,2.9779411764705883,4.0,56.0,52.0,6.0,5.333333333333333,1.6875,3.0,64.0,58.0,0,,,,,,
776721,2025-08-16,R,Milwaukee Brewers,Cincinnati Reds,6,5,0,Quinn Priester,Zack Littell,6.0,4.666666666666667,3.6,6.333333333333333,52.0,47.0,6.0,4.333333333333333,2.4545454545454546,7.666666666666667,97.0,38.0,0,,,,,,
776722,2025-08-16,R,Baltimore Orioles,Houston Astros,4,5,1,Rico Garcia,Jason Alexander,6.0,6.0,5.4,2.3333333333333335,51.0,61.0,,,5.4,1.0,39.0,50.0,0,,,,,,
776723,2025-08-16,R,Texas Rangers,Toronto Blue Jays,2,14,1,Patrick Corbin,Eric Lauer,6.0,3.0,4.655172413793103,4.0,74.0,44.0,6.0,4.333333333333333,4.2534246575342465,3.0,45.0,54.0,1,,,,,,
776724,2025-08-16,R,Miami Marlins,Boston Red Sox,5,7,1,Cal Quantrill,Brayan Bello,6.0,5.666666666666667,3.375,2.6666666666666665,69.0,44.0,6.0,4.0,5.7073170731707314,2.0,60.0,72.0,1,,,,,,
776725,2025-08-16,R,Philadelphia Phillies,Washington Nationals,0,2,1,Taijuan Walker,Cade Cavalli,5.0,5.0,6.75,3.0,48.0,82.0,5.0,6.0,1.981651376146789,4.0,55.0,40.0,1,,,,,,
776726,2025-08-16,R,Seattle Mariners,New York Mets,1,3,1,Bryan Woo,Nolan McLean,,,4.47239263803681,4.0,68.0,80.0,6.0,6.0,3.7099236641221376,5.0,63.0,49.0,0,,,,,,
776697,2025-08-17,R,San Diego Padres,Los Angeles Dodgers,4,5,1,Yu Darvish,Tyler Glasnow,7.0,5.666666666666667,3.888,3.0,62.0,43.0,6.0,6.0,2.86875,4.666666666666667,57.0,44.0,1,,,,,,
776698,2025-08-17,R,New York Yankees,St. Louis Cardinals,8,4,0,Will Warren,Miles Mikolas,6.0,6.666666666666667,4.927007299270073,4.0,45.0,62.0,6.0,6.666666666666667,3.8,4.0,52.0,53.0,0,,,,,,
776699,2025-08-17,R,Los Angeles Angels,Athletics,11,5,0,José Soriano,Jeffrey Springs,6.0,3.3333333333333335,2.6433566433566433,4.0,72.0,43.0,6.0,6.0,3.9078947368421053,4.0,62.0,69.0,1,,,,,,
776700,2025-08-17,R,Detroit Tigers,Minnesota Twins,1,8,1,Chris Paddack,Thomas Hatch,,,3.9836065573770494,5.0,52.0,61.0,6.0,5.666666666666667,2.625,2.6666666666666665,60.0,55.0,0,,,,,,
776701,2025-08-17,R,Arizona Diamondbacks,Colorado Rockies,5,6,1,Nabil Crismatt,Antonio Senzatela,16.0,0.6666666666666666,6.5675675675675675,4.333333333333333,50.0,105.0,,,4.531468531468532,1.6666666666666667,77.0,60.0,0,,,,,,
776702,2025-08-17,R,Chicago White Sox,Kansas City Royals,2,6,1,Davis Martin,Ryan Bergert,7.0,5.666666666666667,3.673469387755102,5.0,61.0,55.0,7.0,5.0,3.109090909090909,4.333333333333333,42.0,62.0,1,,,,,,
776703,2025-08-17,R,Tampa Bay Rays,San Francisco Giants,1,7,1,Ryan Pepiot,Logan Webb,6.0,6.333333333333333,2.823529411764706,2.0,45.0,53.0,6.0,6.333333333333333,2.7857142857142856,4.0,46.0,50.0,0,,,,,,
776704,2025-08-17,R,Pittsburgh Pirates,Chicago Cubs,3,4,1,Carmen Mlodzinski,Javier Assad,5.0,4.0,3.0,2.0,36.0,33.0,92.0,3.3333333333333335,5.658682634730539,3.0,46.0,77.0,0,,,,,,
776705,2025-08-17,R,Baltimore Orioles,Houston Astros,12,0,0,Dean Kremer,Cristian Javier,6.0,5.0,5.360294117647059,6.0,53.0,58.0,5.0,8.0,5.4,10.666666666666666,39.0,52.0,0,,,,,,
776706,2025-08-17,R,Atlanta Braves,Cleveland Guardians,5,4,0,Erick Fedde,Logan Allen,5.0,5.0,3.375,4.333333333333333,52.0,58.0,8.0,5.0,1.6993006993006994,3.0,70.0,57.0,0,,,,,,
776707,2025-08-17,R,Seattle Mariners,New York Mets,3,7,1,George Kirby,Clay Holmes,5.0,3.6666666666666665,4.415094339622642,3.6666666666666665,59.0,75.0,5.0,7.0,4.153846153846154,2.0,60.0,46.0,0,,,,,,
776708,2025-08-17,R,Philadelphia Phillies,Washington Nationals,11,9,0,Aaron Nola,Mitchell Parker,5.0,5.333333333333333,6.60431654676259,2.0,48.0,74.0,95.0,3.6666666666666665,1.2980769230769231,1.3333333333333333,50.0,35.0,1,,,,,,
776709,2025-08-17,R,Milwaukee Brewers,Cincinnati Reds,2,3,1,Jose Quintana,Andrew Abbott,6.0,7.666666666666667,3.4285714285714284,5.0,55.0,49.0,6.0,6.0,2.5033112582781456,5.666666666666667,95.0,41.0,0,,,,,,
776710,2025-08-17,R,Texas Rangers,Toronto Blue Jays,10,4,0,Nathan Eovaldi,José Berríos,5.0,5.333333333333333,4.53781512605042,4.0,84.0,44.0,6.0,5.0,5.326530612244898,5.666666666666667,41.0,64.0,1,,,,,,
776714,2025-08-17,R,Miami Marlins,Boston Red Sox,5,3,0,Janson Junk,Garrett Crochet,6.0,4.0,4.330188679245283,2.6666666666666665,69.0,46.0,5.0,5.0,5.52755905511811,4.333333333333333,63.0,79.0,1,,,,,,
776681,2025-08-18,R,Cincinnati Reds,Los Angeles Angels,4,1,0,Brady Singer,Victor Mederos,6.0,4.0,3.8076923076923075,4.333333333333333,65.0,69.0,6.0,6.0,3.6,3.0,58.0,51.0,0,,,,,,
776682,2025-08-18,R,Cleveland Guardians,Arizona Diamondbacks,3,1,0,Gavin Williams,Zac Gallen,5.0,5.0,5.207142857142857,3.0,76.0,62.0,5.0,3.0,3.4964028776978417,4.333333333333333,52.0,58.0,0,,,,,,
776683,2025-08-18,R,San Francisco Giants,San Diego Padres,4,3,0,Robbie Ray,Nestor Cortes,6.0,4.666666666666667,2.53125,4.0,54.0,46.0,6.0,6.0,2.918918918918919,2.0,40.0,50.0,0,,,,,,
776688,2025-08-18,R,St. Louis Cardinals,Miami Marlins,8,3,0,Matthew Liberatore,Eury Pérez,5.0,5.0,5.225806451612903,2.0,61.0,79.0,6.0,4.0,4.242857142857143,4.0,46.0,63.0,0,,,,,,
776689,2025-08-18,R,Seattle Mariners,Philadelphia Phillies,7,12,1,Logan Gilbert,Ranger Suarez,6.0,5.333333333333333,1.7851239669421488,6.666666666666667,59.0,44.0,5.0,6.333333333333333,3.991304347826087,3.3333333333333335,58.0,49.0,0,,,,,,
776690,2025-08-18,R,Texas Rangers,Kansas City Royals,3,4,1,Jack Leiter,Michael Wacha,6.0,5.666666666666667,3.612676056338028,3.6666666666666665,60.0,53.0,6.0,5.0,5.8125,2.0,47.0,63.0,0,,,,,,
776692,2025-08-18,R,Houston Astros,Detroit Tigers,0,10,1,Spencer Arrighetti,Jack Flaherty,6.0,4.333333333333333,2.420689655172414,2.3333333333333335,61.0,61.0,6.0,5.0,6.9324324324324325,6.0,52.0,64.0,0,,,,,,
776693,2025-08-18,R,Los Angeles Dodgers,Colorado Rockies,3,4,1,Yoshinobu Yamamoto,Kyle Freeland,6.0,7.333333333333333,7.02,4.0,51.0,101.0,7.0,4.666666666666667,4.251968503937008,4.0,64.0,47.0,0,,,,,,
776694,2025-08-18,R,Toronto Blue Jays,Pittsburgh Pirates,2,5,1,Kevin Gausman,Paul Skenes,6.0,4.0,6.1437125748503,4.0,40.0,76.0,5.0,7.0,4.462809917355372,4.666666666666667,84.0,47.0,0,,,,,,
776695,2025-08-18,R,Baltimore Orioles,Boston Red Sox,6,3,0,Trevor Rogers,Dustin May,6.0,6.0,5.201834862385321,2.0,66.0,50.0,5.0,7.0,5.120689655172414,2.0,48.0,47.0,0,,,,,,
776696,2025-08-18,R,Chicago White Sox,Atlanta Braves,13,9,0,Yoendrys Gómez,Spencer Strider,6.0,4.0,1.5379746835443038,5.0,75.0,61.0,6.0,5.0,3.3540372670807455,2.0,39.0,60.0,0,,,,,,
777459,2025-08-18,R,Milwaukee Brewers,Chicago Cubs,7,0,0,Freddy Peralta,Cade Horton,5.0,5.666666666666667,3.176470588235294,5.0,35.0,33.0,6.0,6.0,2.219178082191781,3.0,83.0,41.0,0,,,,,,
776667,2025-08-19,R,San Francisco Giants,San Diego Padres,1,5,1,Kai-Wei Teng,Nick Pivetta,6.0,6.666666666666667,2.347826086956522,3.3333333333333335,55.0,44.0,6.0,1.6666666666666667,2.2344827586206897,2.3333333333333335,40.0,48.0,0,,,,,,
776668,2025-08-19,R,Cincinnati Reds,Los Angeles Angels,6,4,0,Hunter Greene,Kyle Hendricks,6.0,3.3333333333333335,3.9056603773584904,4.0,61.0,72.0,6.0,6.0,3.540983606557377,3.0,59.0,50.0,0,,,,,,
776671,2025-08-19,R,Los Angeles Dodgers,Colorado Rockies,11,4,0,Emmet Sheehan,Austin Gomber,6.0,5.0,5.917808219178082,5.0,54.0,89.0,7.0,5.0,4.104,1.3333333333333333,65.0,48.0,1,,,,,,
776672,2025-08-19,R,Cleveland Guardians,Arizona Diamondbacks,5,6,1,Tanner Bibee,Eduardo Rodriguez,5.0,7.0,5.244604316546763,3.0,71.0,63.0,5.0,5.666666666666667,3.3260869565217392,3.6666666666666665,48.0,53.0,0,,,,,,
776674,2025-08-19,R,Athletics,Minnesota Twins,6,3,0,Jacob Lopez,Joe Ryan,6.0,6.666666666666667,3.3157894736842106,0.0,52.0,52.0,7.0,7.0,3.25531914893617,0.0,73.0,48.0,0,,,,,,
776675,2025-08-19,R,Texas Rangers,Kansas City Royals,2,5,1,Merrill Kelly,Seth Lugo,6.0,4.0,3.664285714285714,3.3333333333333335,59.0,48.0,6.0,6.0,5.955882352941177,4.333333333333333,42.0,62.0,1,,,,,,
776677,2025-08-19,R,New York Yankees,Tampa Bay Rays,13,3,0,Carlos Rodón,Shane Baz,7.0,7.0,3.0789473684210527,0.0,46.0,49.0,7.0,7.0,3.375,0.0,52.0,42.0,0,,,,,,
776678,2025-08-19,R,New York Mets,Washington Nationals,8,1,0,David Peterson,Jake Irvin,6.0,4.0,5.29054054054054,0.0,54.0,71.0,6.0,3.3333333333333335,4.3426573426573425,0.0,56.0,59.0,0,,,,,,
776679,2025-08-19,R,Toronto Blue Jays,Pittsburgh Pirates,7,3,0,Max Scherzer,Mitch Keller,6.0,4.0,6.394736842105263,3.0,40.0,74.0,5.0,7.0,4.68595041322314,3.0,71.0,51.0,1,,,,,,
776680,2025-08-19,R,Seattle Mariners,Philadelphia Phillies,4,6,1,Bryce Miller,Cristopher Sánchez,6.0,6.0,2.9495798319327733,2.3333333333333335,58.0,48.0,74.0,5.0,4.669172932330827,6.0,65.0,61.0,1,,,,,,
776684,2025-08-19,R,Baltimore Orioles,Boston Red Sox,4,3,0,Tomoyuki Sugano,Walker Buehler,6.0,6.0,5.201834862385321,3.0,61.0,51.0,5.0,5.333333333333333,3.5217391304347827,2.0,51.0,37.0,0,,,,,,
776685,2025-08-19,R,Houston Astros,Detroit Tigers,0,1,1,Hunter Brown,Tarik Skubal,5.0,7.0,2.471830985915493,2.0,65.0,58.0,6.0,6.666666666666667,7.47972972972973,3.0,44.0,72.0,1,,,,,,
776686,2025-08-19,R,St. Louis Cardinals,Miami Marlins,7,4,0,Michael McGreevy,Edward Cabrera,5.0,5.333333333333333,5.318181818181818,4.666666666666667,62.0,79.0,6.0,6.0,3.8835616438356166,4.0,51.0,64.0,0,,,,,,
776687,2025-08-19,R,Chicago White Sox,Atlanta Braves,10,11,1,Shane Smith,Bryce Elder,5.0,7.0,2.290909090909091,6.0,83.0,71.0,6.0,5.0,3.745664739884393,4.0,52.0,69.0,0,,,,,,
776691,2025-08-19,R,Milwaukee Brewers,Chicago Cubs,4,6,1,Chad Patrick,Matthew Boyd,5.0,7.0,3.923076923076923,6.333333333333333,33.0,37.0,45.0,5.0,2.174496644295302,3.0,87.0,40.0,0,,,,,,
776676,2025-08-19,R,Milwaukee Brewers,Chicago Cubs,1,4,1,Brandon Woodruff,Jameson Taillon,51.0,4.666666666666667,3.5859375,6.333333333333333,39.0,41.0,6.0,4.0,2.221518987341772,3.0,91.0,46.0,0,,,,,,
776652,2025-08-20,R,Cincinnati Reds,Los Angeles Angels,1,2,1,Nick Martinez,Yusei Kikuchi,5.0,4.0,4.411764705882353,3.0,62.0,71.0,5.0,2.6666666666666665,3.7016129032258065,2.6666666666666665,60.0,53.0,0,,,,,,
776656,2025-08-20,R,San Francisco Giants,San Diego Padres,1,8,1,Landen Roupp,JP Sears,16.0,5.0,2.174496644295302,3.0,50.0,40.0,5.0,3.0,2.52,4.666666666666667,33.0,52.0,0,,,,,,
776658,2025-08-20,R,Cleveland Guardians,Arizona Diamondbacks,2,3,1,Parker Messick,Brandon Pfaadt,5.0,6.0,4.361538461538461,2.3333333333333335,72.0,58.0,,,3.857142857142857,2.3333333333333335,50.0,57.0,0,,,,,,
776659,2025-08-20,R,New York Mets,Washington Nationals,4,5,1,Kodai Senga,Brad Lord,6.0,6.0,4.467625899280575,3.0,48.0,63.0,6.0,5.666666666666667,4.432835820895522,1.0,62.0,57.0,0,,,,,,
776660,2025-08-20,R,Los Angeles Dodgers,Colorado Rockies,3,8,1,Shohei Ohtani,Tanner Gordon,5.0,5.0,5.8618421052631575,6.0,54.0,90.0,7.0,4.333333333333333,3.319672131147541,3.0,64.0,46.0,1,,,,,,
776661,2025-08-20,R,Toronto Blue Jays,Pittsburgh Pirates,1,2,1,Chris Bassitt,Johan Oviedo,16.0,1.0,6.230769230769231,5.666666666666667,42.0,73.0,5.0,5.0,4.991596638655462,3.0,68.0,50.0,1,,,,,,
776662,2025-08-20,R,Seattle Mariners,Philadelphia Phillies,2,11,1,Luis Castillo,Jesús Luzardo,6.0,6.0,3.4322033898305087,2.6666666666666665,59.0,52.0,5.0,4.0,4.5661764705882355,3.0,61.0,64.0,1,,,,,,
776663,2025-08-20,R,Milwaukee Brewers,Chicago Cubs,3,4,1,Jacob Misiorowski,Colin Rea,5.0,5.0,2.7209302325581395,6.666666666666667,42.0,37.0,5.0,1.3333333333333333,2.2356687898089174,6.666666666666667,85.0,48.0,0,,,,,,
776664,2025-08-20,R,New York Yankees,Tampa Bay Rays,6,4,0,Cam Schlittler,Drew Rasmussen,7.0,6.0,4.426229508196721,6.0,42.0,59.0,7.0,5.0,3.15,3.0,65.0,43.0,0,,,,,,
776665,2025-08-20,R,Athletics,Minnesota Twins,4,2,0,J.T. Ginn,Bailey Ober,6.0,5.333333333333333,3.103448275862069,5.0,49.0,55.0,7.0,2.0,2.4893617021276597,3.0,63.0,44.0,0,,,,,,
776666,2025-08-20,R,Texas Rangers,Kansas City Royals,6,3,0,Caleb Boushley,Noah Cameron,5.0,5.333333333333333,2.872340425531915,2.6666666666666665,62.0,44.0,,,6.410071942446043,2.0,42.0,67.0,1,,,,,,
776669,2025-08-20,R,Chicago White Sox,Atlanta Braves,0,1,1,Martín Pérez,Hurston Waldrep,5.0,6.0,2.2634730538922154,4.333333333333333,92.0,74.0,124.0,3.0,4.288235294117647,2.0,59.0,72.0,0,,,,,,
776670,2025-08-20,R,St. Louis Cardinals,Miami Marlins,2,6,1,Andre Pallante,Sandy Alcantara,5.0,6.0,5.5227272727272725,4.666666666666667,63.0,79.0,5.0,5.0,2.7,3.0,52.0,56.0,0,,,,,,
776673,2025-08-20,R,Houston Astros,Detroit Tigers,2,7,1,Framber Valdez,Charlie Morton,5.0,6.0,2.1838235294117645,3.0,63.0,52.0,5.0,6.666666666666667,7.686131386861314,3.6666666666666665,37.0,70.0,1,,,,,,
776631,2025-08-21,R,St. Louis Cardinals,Tampa Bay Rays,7,4,0,Sonny Gray,Joe Boyle,6.0,2.0,5.218487394957983,4.0,41.0,61.0,5.0,5.0,3.045112781954887,2.6666666666666665,49.0,59.0,0,,,,,,
776642,2025-08-21,R,San Francisco Giants,San Diego Padres,4,8,1,Justin Verlander,Dylan Cease,5.0,3.3333333333333335,2.2344827586206897,3.0,55.0,39.0,5.0,7.0,2.9050632911392404,5.666666666666667,30.0,58.0,0,,,,,,
776644,2025-08-21,R,Los Angeles Dodgers,Colorado Rockies,9,5,0,Clayton Kershaw,Chase Dollander,5.0,4.666666666666667,3.4662162162162162,3.0,61.0,73.0,6.0,6.0,3.403361344537815,4.0,64.0,49.0,1,,,,,,
776650,2025-08-21,R,New York Mets,Washington Nationals,3,9,1,Sean Manaea,MacKenzie Gore,6.0,6.0,4.367647058823529,3.6666666666666665,51.0,66.0,6.0,5.0,4.432835820895522,3.0,65.0,58.0,0,,,,,,
776651,2025-08-21,R,Milwaukee Brewers,Chicago Cubs,4,1,0,Quinn Priester,Shota Imanaga,5.0,7.0,2.7209302325581395,3.3333333333333335,40.0,39.0,5.0,5.333333333333333,2.19375,4.0,83.0,48.0,0,,,,,,
776653,2025-08-21,R,Athletics,Minnesota Twins,8,3,0,Jack Perkins,José Ureña,11.0,3.0,3.375,4.333333333333333,42.0,55.0,6.0,5.0,2.16,5.333333333333333,66.0,44.0,0,,,,,,
776654,2025-08-21,R,Boston Red Sox,New York Yankees,6,3,0,Lucas Giolito,Luis Gil,6.0,5.333333333333333,3.889830508474576,3.3333333333333335,68.0,45.0,6.0,6.333333333333333,4.5,0.0,55.0,46.0,0,,,,,,
776655,2025-08-21,R,Houston Astros,Baltimore Orioles,7,2,0,Jason Alexander,Brandon Young,6.0,8.0,3.6610169491525424,0.0,50.0,34.0,5.0,6.0,7.714285714285714,3.0,35.0,71.0,0,,,,,,
776657,2025-08-21,R,Texas Rangers,Kansas City Royals,4,6,1,Patrick Corbin,Michael Lorenzen,5.0,4.0,2.793103448275862,4.333333333333333,58.0,47.0,5.0,2.3333333333333335,6.171428571428572,6.0,46.0,67.0,1,,,,,,
776633,2025-08-22,R,St. Louis Cardinals,Tampa Bay Rays,6,10,1,Miles Mikolas,Adrian Houser,6.0,5.0,4.835820895522388,5.0,45.0,68.0,5.0,5.0,2.9793103448275864,4.0,56.0,63.0,0,,,,,,
776634,2025-08-22,R,San Francisco Giants,Milwaukee Brewers,4,5,1,Carson Whisenhunt,Jose Quintana,5.0,6.333333333333333,2.0172413793103448,4.666666666666667,87.0,49.0,13.0,4.0,2.7159763313609466,3.6666666666666665,34.0,66.0,0,,,,,,
776635,2025-08-22,R,Cincinnati Reds,Arizona Diamondbacks,5,6,1,Zack Littell,Ryne Nelson,6.0,6.333333333333333,3.888,0.0,73.0,57.0,6.0,6.0,3.3451327433628317,0.0,60.0,42.0,0,,,,,,
776636,2025-08-22,R,Los Angeles Dodgers,San Diego Padres,1,2,1,Blake Snell,Yu Darvish,5.0,4.0,2.0636942675159236,4.0,63.0,43.0,6.0,6.0,3.558139534883721,3.3333333333333335,73.0,54.0,0,,,,,,
776637,2025-08-22,R,Colorado Rockies,Pittsburgh Pirates,0,9,1,Antonio Senzatela,Braxton Ashcraft,7.0,5.0,6.102739726027397,0.0,35.0,70.0,5.0,5.0,3.457317073170732,5.333333333333333,66.0,82.0,0,,,,,,
776638,2025-08-22,R,Athletics,Seattle Mariners,2,3,1,Luis Morales,Bryan Woo,6.0,6.0,5.578512396694215,0.0,51.0,66.0,6.0,5.0,2.221518987341772,4.0,68.0,47.0,0,,,,,,
776639,2025-08-22,R,Minnesota Twins,Chicago White Sox,9,7,0,Zebby Matthews,Aaron Civale,7.0,6.0,4.909090909090909,0.0,50.0,61.0,6.0,4.0,3.45,4.0,45.0,63.0,0,,,,,,
776640,2025-08-22,R,Chicago Cubs,Los Angeles Angels,3,2,0,Javier Assad,Tyler Anderson,6.0,4.0,4.5,0.0,60.0,67.0,5.0,4.0,3.0,2.0,41.0,43.0,0,,,,,,
776641,2025-08-22,R,Cleveland Guardians,Texas Rangers,3,4,1,Slade Cecconi,Nathan Eovaldi,5.0,7.0,6.0,4.333333333333333,50.0,73.0,6.0,4.666666666666667,3.857142857142857,0.0,48.0,59.0,0,,,,,,
776643,2025-08-22,R,Houston Astros,Baltimore Orioles,10,7,0,Lance McCullers Jr.,Cade Povich,12.0,6.0,3.3488372093023258,3.6666666666666665,52.0,41.0,34.0,2.6666666666666665,7.125,3.6666666666666665,42.0,73.0,0,,,,,,
776645,2025-08-22,R,New York Mets,Atlanta Braves,12,7,0,Nolan McLean,Joey Wentz,6.0,6.0,2.52,0.0,81.0,63.0,6.0,5.333333333333333,5.0625,3.3333333333333335,68.0,67.0,0,,,,,,
776646,2025-08-22,R,Toronto Blue Jays,Miami Marlins,5,2,0,Shane Bieber,Ryan Gusto,13.0,6.0,5.491525423728813,0.0,57.0,69.0,,,4.95,0.0,49.0,51.0,0,,,,,,
776647,2025-08-22,R,Boston Red Sox,New York Yankees,1,0,0,Brayan Bello,Max Fried,6.0,5.0,3.9461538461538463,4.0,71.0,51.0,6.0,6.333333333333333,4.016528925619835,4.333333333333333,61.0,49.0,0,,,,,,
776648,2025-08-22,R,Washington Nationals,Philadelphia Phillies,5,4,0,Cade Cavalli,Taijuan Walker,6.0,6.666666666666667,3.630252100840336,0.0,69.0,49.0,6.0,7.0,3.9130434782608696,4.666666666666667,60.0,63.0,0,,,,,,
776649,2025-08-22,R,Kansas City Royals,Detroit Tigers,5,7,1,Ryan Bergert,Casey Mize,6.0,6.333333333333333,1.6363636363636365,0.0,66.0,45.0,5.0,5.333333333333333,2.547169811320755,4.666666666666667,64.0,51.0,0,,,,,,
776617,2025-08-23,R,Los Angeles Dodgers,San Diego Padres,1,5,1,Tyler Glasnow,Nestor Cortes,5.0,5.666666666666667,1.2038216560509554,3.0,63.0,34.0,6.0,5.0,3.731707317073171,1.0,69.0,55.0,1,,,,,,
776618,2025-08-23,R,Chicago Cubs,Los Angeles Angels,12,1,0,Cade Horton,Victor Mederos,5.0,5.0,4.040816326530612,4.0,57.0,64.0,5.0,2.6666666666666665,2.8,3.0,44.0,40.0,0,,,,,,
776619,2025-08-23,R,Minnesota Twins,Chicago White Sox,3,7,1,Mick Abel,Davis Martin,6.0,6.0,5.673913043478261,4.0,52.0,61.0,52.0,1.6666666666666667,3.430939226519337,4.333333333333333,45.0,66.0,0,,,,,,
776620,2025-08-23,R,Athletics,Seattle Mariners,2,1,0,Jeffrey Springs,George Kirby,6.0,4.666666666666667,5.801652892561983,2.0,51.0,66.0,6.0,4.666666666666667,2.6129032258064515,2.0,68.0,47.0,1,,,,,,
776621,2025-08-23,R,San Francisco Giants,Milwaukee Brewers,7,1,0,Logan Webb,Freddy Peralta,5.0,6.0,2.2625698324022347,3.6666666666666665,89.0,51.0,6.0,7.0,3.3962264150943398,4.666666666666667,33.0,71.0,1,,,,,,
776622,2025-08-23,R,Cincinnati Reds,Arizona Diamondbacks,1,10,1,Andrew Abbott,Jalen Beeks,,,3.9160305343511452,5.0,73.0,61.0,6.0,7.0,2.53125,7.0,63.0,45.0,1,,,,,,
776623,2025-08-23,R,Cleveland Guardians,Texas Rangers,0,10,1,Logan Allen,Jack Leiter,5.0,3.6666666666666665,5.772413793103448,2.0,53.0,67.0,6.0,4.666666666666667,4.2,2.0,42.0,58.0,1,,,,,,
776625,2025-08-23,R,Kansas City Royals,Detroit Tigers,2,4,1,Michael Wacha,Chris Paddack,6.0,5.666666666666667,1.8837209302325582,3.3333333333333335,67.0,45.0,5.0,5.666666666666667,3.155844155844156,2.3333333333333335,65.0,49.0,1,,,,,,
776626,2025-08-23,R,New York Mets,Atlanta Braves,9,2,0,Clay Holmes,Cal Quantrill,7.0,3.6666666666666665,3.4177215189873418,5.666666666666667,87.0,70.0,6.0,5.0,6.215827338129497,2.0,78.0,71.0,0,,,,,,
776627,2025-08-23,R,Boston Red Sox,New York Yankees,12,1,0,Garrett Crochet,Will Warren,6.0,4.666666666666667,3.9193548387096775,3.0,68.0,47.0,6.0,7.0,3.6610169491525424,2.0,52.0,47.0,0,,,,,,
776628,2025-08-23,R,Washington Nationals,Philadelphia Phillies,4,6,1,Mitchell Parker,Aaron Nola,6.0,2.3333333333333335,3.762295081967213,4.0,64.0,53.0,6.0,1.6666666666666667,3.884892086330935,3.0,65.0,62.0,0,,,,,,
776629,2025-08-23,R,Houston Astros,Baltimore Orioles,9,8,0,Cristian Javier,Dean Kremer,6.0,7.0,3.7720588235294117,4.333333333333333,56.0,49.0,6.0,3.0,7.820689655172414,5.0,47.0,77.0,0,,,,,,
776630,2025-08-23,R,Toronto Blue Jays,Miami Marlins,7,6,0,José Berríos,Janson Junk,6.0,7.0,5.225806451612903,3.0,54.0,73.0,6.0,4.333333333333333,4.390243902439025,3.0,53.0,48.0,0,,,,,,
776632,2025-08-23,R,Colorado Rockies,Pittsburgh Pirates,1,5,1,Kyle Freeland,Mike Burrows,7.0,5.0,6.02027027027027,4.0,41.0,68.0,5.0,4.0,3.9705882352941178,4.0,65.0,85.0,1,,,,,,
776602,2025-08-24,R,Athletics,Seattle Mariners,4,11,1,Jacob Lopez,Logan Gilbert,6.0,2.0,5.532786885245901,4.0,45.0,64.0,5.0,6.0,2.53125,4.666666666666667,59.0,45.0,1,,,,,,
776603,2025-08-24,R,Los Angeles Dodgers,San Diego Padres,8,2,0,Yoshinobu Yamamoto,Nick Pivetta,5.0,6.0,1.1408450704225352,3.0,63.0,31.0,6.0,7.0,3.951219512195122,4.0,61.0,59.0,1,,,,,,
776605,2025-08-24,R,Chicago Cubs,Los Angeles Angels,4,3,0,Jameson Taillon,Kyle Hendricks,5.0,6.0,5.04,5.0,51.0,72.0,5.0,6.0,3.0,3.0,47.0,40.0,0,,,,,,
776606,2025-08-24,R,St. Louis Cardinals,Tampa Bay Rays,2,7,1,Matthew Liberatore,Ryan Pepiot,7.0,5.666666666666667,4.868852459016393,0.0,49.0,64.0,6.0,5.0,3.7384615384615385,0.0,56.0,64.0,0,,,,,,
776607,2025-08-24,R,Minnesota Twins,Chicago White Sox,0,8,1,Taj Bradley,Yoendrys Gómez,6.0,5.0,5.887218045112782,4.0,58.0,61.0,32.0,1.6666666666666667,3.320855614973262,5.0,48.0,71.0,0,,,,,,
776608,2025-08-24,R,San Francisco Giants,Milwaukee Brewers,4,3,0,Robbie Ray,Chad Patrick,5.0,5.0,2.793103448275862,4.0,83.0,54.0,6.0,6.666666666666667,3.3529411764705883,3.0,38.0,68.0,1,,,,,,
776609,2025-08-24,R,Cincinnati Reds,Arizona Diamondbacks,6,1,0,Brady Singer,Zac Gallen,6.0,6.0,3.75,8.0,77.0,57.0,6.0,6.0,3.0223880597014925,4.0,62.0,54.0,1,,,,,,
776610,2025-08-24,R,Colorado Rockies,Pittsburgh Pirates,0,4,1,McCade Brown,Paul Skenes,6.0,6.0,6.102739726027397,5.0,45.0,67.0,,,3.857142857142857,3.0,61.0,84.0,1,,,,,,
776611,2025-08-24,R,Cleveland Guardians,Texas Rangers,0,5,1,Gavin Williams,Merrill Kelly,5.0,6.0,5.8125,2.0,61.0,64.0,6.0,5.333333333333333,4.432835820895522,3.0,39.0,67.0,1,,,,,,
776612,2025-08-24,R,Houston Astros,Baltimore Orioles,2,3,1,Spencer Arrighetti,Trevor Rogers,6.0,7.0,4.153846153846154,4.0,61.0,47.0,6.0,5.0,7.471698113207547,7.0,52.0,80.0,0,,,,,,
776613,2025-08-24,R,Washington Nationals,Philadelphia Phillies,2,3,1,Jake Irvin,Ranger Suarez,6.0,6.666666666666667,3.762295081967213,3.0,67.0,55.0,5.0,6.0,3.6906474820143886,3.0,65.0,66.0,0,,,,,,
776614,2025-08-24,R,Toronto Blue Jays,Miami Marlins,3,5,1,Kevin Gausman,Eury Pérez,6.0,4.333333333333333,3.796875,6.333333333333333,53.0,65.0,6.0,5.0,3.3230769230769233,5.666666666666667,59.0,45.0,0,,,,,,
776615,2025-08-24,R,Kansas City Royals,Detroit Tigers,10,8,0,Seth Lugo,Jack Flaherty,6.0,7.0,1.9133858267716535,4.0,67.0,40.0,5.0,6.333333333333333,3.42,2.0,65.0,53.0,1,,,,,,
776616,2025-08-24,R,Boston Red Sox,New York Yankees,2,7,1,Dustin May,Carlos Rodón,5.0,6.0,5.0625,5.0,64.0,55.0,6.0,6.0,3.891891891891892,2.0,60.0,43.0,0,,,,,,
776624,2025-08-24,R,New York Mets,Atlanta Braves,3,4,1,David Peterson,Bryce Elder,5.0,4.666666666666667,4.32,4.333333333333333,74.0,72.0,5.0,8.0,6.428571428571429,2.6666666666666665,83.0,66.0,0,,,,,,
776589,2025-08-25,R,Pittsburgh Pirates,St. Louis Cardinals,6,7,1,Johan Oviedo,Michael McGreevy,6.0,6.0,4.2,3.6666666666666665,55.0,69.0,5.0,5.0,4.435714285714286,2.0,41.0,53.0,0,,,,,,
776590,2025-08-25,R,Detroit Tigers,Athletics,3,8,1,Tarik Skubal,J.T. Ginn,5.0,4.666666666666667,2.547169811320755,6.0,60.0,54.0,6.0,7.0,1.7007874015748032,4.0,66.0,45.0,0,,,,,,
776592,2025-08-25,R,Los Angeles Angels,Texas Rangers,4,0,0,José Soriano,Jacob deGrom,10.0,5.0,5.955882352941177,2.0,64.0,60.0,8.0,5.666666666666667,4.7114093959731544,4.666666666666667,49.0,67.0,0,,,,,,
776593,2025-08-25,R,Arizona Diamondbacks,Milwaukee Brewers,5,7,1,Eduardo Rodriguez,Brandon Woodruff,6.0,4.333333333333333,3.1578947368421053,3.6666666666666665,79.0,52.0,6.0,6.666666666666667,4.212765957446808,3.0,65.0,57.0,0,,,,,,
776594,2025-08-25,R,Cincinnati Reds,Los Angeles Dodgers,0,7,1,Hunter Greene,Emmet Sheehan,6.0,6.0,3.319672131147541,3.0,65.0,56.0,6.0,6.333333333333333,2.7,3.0,54.0,47.0,0,,,,,,
776595,2025-08-25,R,San Diego Padres,Seattle Mariners,6,9,1,JP Sears,Bryce Miller,6.0,5.0,6.19672131147541,3.0,50.0,65.0,5.0,6.0,2.2816901408450705,3.0,59.0,37.0,0,,,,,,
776596,2025-08-25,R,Minnesota Twins,Toronto Blue Jays,4,10,1,Joe Ryan,Max Scherzer,6.0,6.0,3.6610169491525424,2.0,57.0,46.0,6.0,4.0,3.296511627906977,3.0,43.0,76.0,0,,,,,,
776597,2025-08-25,R,Washington Nationals,New York Yankees,5,10,1,Brad Lord,Cam Schlittler,5.0,6.666666666666667,4.5,3.3333333333333335,70.0,50.0,5.0,5.333333333333333,3.489795918367347,5.666666666666667,59.0,69.0,0,,,,,,
776598,2025-08-25,R,Philadelphia Phillies,New York Mets,3,13,1,Cristopher Sánchez,Kodai Senga,5.0,5.0,6.471074380165289,2.3333333333333335,80.0,63.0,6.0,6.333333333333333,4.422413793103448,2.0,66.0,55.0,0,,,,,,
776599,2025-08-25,R,Kansas City Royals,Chicago White Sox,0,7,1,Noah Cameron,Shane Smith,6.0,6.0,5.641791044776119,4.333333333333333,60.0,57.0,5.0,4.666666666666667,3.261744966442953,4.666666666666667,72.0,56.0,0,,,,,,
776600,2025-08-25,R,Atlanta Braves,Miami Marlins,1,2,1,Spencer Strider,Edward Cabrera,6.0,4.333333333333333,2.808,3.0,57.0,61.0,7.0,3.0,4.5608108108108105,3.0,71.0,74.0,0,,,,,,
776601,2025-08-25,R,Tampa Bay Rays,Cleveland Guardians,9,0,0,Ian Seymour,Tanner Bibee,6.0,5.666666666666667,4.466165413533835,4.666666666666667,35.0,66.0,,,4.536,4.0,53.0,60.0,0,,,,,,
776604,2025-08-25,R,Boston Red Sox,Baltimore Orioles,4,3,0,Brennan Bernardino,Tomoyuki Sugano,6.0,5.0,4.039370078740157,2.0,62.0,46.0,54.0,1.6666666666666667,3.991304347826087,3.6666666666666665,60.0,44.0,0,,,,,,
776573,2025-08-26,R,Detroit Tigers,Athletics,6,7,1,Charlie Morton,Osvaldo Bido,103.0,1.6666666666666667,2.1176470588235294,3.6666666666666665,64.0,50.0,6.0,6.0,2.231404958677686,1.3333333333333333,67.0,52.0,1,,,,,,
776574,2025-08-26,R,Cincinnati Reds,Los Angeles Dodgers,3,6,1,Nick Martinez,Clayton Kershaw,5.0,5.666666666666667,3.2033898305084745,2.0,68.0,49.0,6.0,6.0,2.8,3.0,53.0,50.0,1,,,,,,
776575,2025-08-26,R,Los Angeles Angels,Texas Rangers,3,7,1,Yusei Kikuchi,Patrick Corbin,5.0,3.6666666666666665,6.293233082706767,4.0,57.0,58.0,6.0,7.0,3.96,3.3333333333333335,46.0,63.0,0,,,,,,
776576,2025-08-26,R,Chicago Cubs,San Francisco Giants,2,5,1,Matthew Boyd,Justin Verlander,5.0,4.333333333333333,3.3517241379310345,0.0,41.0,59.0,7.0,5.333333333333333,3.020979020979021,0.0,49.0,40.0,0,,,,,,
776577,2025-08-26,R,San Diego Padres,Seattle Mariners,7,6,0,Dylan Cease,Luis Castillo,6.0,4.0,5.843283582089552,4.0,59.0,71.0,5.0,5.0,3.143835616438356,4.333333333333333,61.0,45.0,1,,,,,,
776578,2025-08-26,R,Pittsburgh Pirates,St. Louis Cardinals,8,3,0,Mitch Keller,Andre Pallante,6.0,5.333333333333333,4.335766423357664,3.0,59.0,73.0,7.0,3.3333333333333335,5.323943661971831,4.666666666666667,46.0,53.0,1,,,,,,
776581,2025-08-26,R,Atlanta Braves,Miami Marlins,11,2,0,Hurston Waldrep,Sandy Alcantara,6.0,7.0,2.885496183206107,2.0,59.0,62.0,6.0,7.0,4.6490066225165565,1.0,72.0,76.0,1,,,,,,
776582,2025-08-26,R,Minnesota Twins,Toronto Blue Jays,7,5,0,Bailey Ober,Chris Bassitt,6.0,5.666666666666667,3.4015748031496065,3.0,67.0,50.0,6.0,5.666666666666667,3.413793103448276,3.0,45.0,80.0,1,,,,,,
776583,2025-08-26,R,Kansas City Royals,Chicago White Sox,5,4,0,Michael Lorenzen,Martín Pérez,6.0,5.333333333333333,6.177966101694915,2.0,66.0,55.0,5.0,4.333333333333333,3.2097902097902096,3.0,65.0,59.0,1,,,,,,
776584,2025-08-26,R,Tampa Bay Rays,Cleveland Guardians,0,3,1,Shane Baz,Parker Messick,6.0,6.666666666666667,4.943661971830986,3.0,35.0,75.0,7.0,3.0,4.395348837209302,4.0,55.0,56.0,0,,,,,,
776585,2025-08-26,R,Philadelphia Phillies,New York Mets,5,6,1,Jesús Luzardo,Sean Manaea,5.0,4.666666666666667,5.757352941176471,5.0,93.0,66.0,6.0,6.0,6.104347826086957,2.6666666666666665,65.0,67.0,1,,,,,,
776586,2025-08-26,R,Arizona Diamondbacks,Milwaukee Brewers,8,9,1,Brandon Pfaadt,Jacob Misiorowski,6.0,4.0,3.13953488372093,3.3333333333333335,79.0,56.0,6.0,7.0,4.2534246575342465,5.666666666666667,64.0,57.0,1,,,,,,
776587,2025-08-26,R,Colorado Rockies,Houston Astros,6,1,0,Tanner Gordon,Hunter Brown,7.0,6.0,7.448275862068965,0.0,40.0,76.0,6.0,6.0,3.1666666666666665,0.0,53.0,72.0,0,,,,,,
776588,2025-08-26,R,Washington Nationals,New York Yankees,1,5,1,MacKenzie Gore,Luis Gil,5.0,5.0,5.484375,3.0,74.0,53.0,5.0,4.333333333333333,3.442953020134228,3.6666666666666665,60.0,72.0,1,,,,,,
776591,2025-08-26,R,Boston Red Sox,Baltimore Orioles,5,0,0,Lucas Giolito,Kyle Bradish,,,3.7720588235294117,3.0,65.0,50.0,5.0,4.666666666666667,3.826771653543307,8.0,58.0,40.0,0,,,,,,
776557,2025-08-27,R,Chicago Cubs,San Francisco Giants,3,12,1,Colin Rea,Carson Whisenhunt,5.0,4.0,3.1655172413793102,3.0,45.0,56.0,7.0,5.666666666666667,2.9136690647482015,2.6666666666666665,50.0,40.0,1,,,,,,
776559,2025-08-27,R,Detroit Tigers,Athletics,0,7,1,Casey Mize,Luis Morales,5.0,6.0,2.0892857142857144,7.0,65.0,56.0,5.0,5.666666666666667,1.7560975609756098,4.333333333333333,67.0,50.0,1,,,,,,
776561,2025-08-27,R,San Diego Padres,Seattle Mariners,3,4,1,Yu Darvish,Bryan Woo,5.0,7.0,5.978571428571429,4.0,64.0,78.0,5.0,6.0,3.489795918367347,4.666666666666667,63.0,50.0,1,,,,,,
776562,2025-08-27,R,Cincinnati Reds,Los Angeles Dodgers,1,5,1,Nick Lodolo,Shohei Ohtani,7.0,4.0,3.4322033898305087,4.0,68.0,45.0,23.0,1.6666666666666667,3.0223880597014925,2.6666666666666665,50.0,55.0,1,,,,,,
776563,2025-08-27,R,Los Angeles Angels,Texas Rangers,3,20,1,Jack Kochanowicz,Jacob Latz,38.0,5.0,6.967741935483871,1.0,62.0,58.0,17.0,3.0,3.75,4.0,42.0,64.0,0,,,,,,
776565,2025-08-27,R,Atlanta Braves,Miami Marlins,12,1,0,Joey Wentz,Ryan Gusto,5.0,6.0,4.640625,2.0,58.0,69.0,5.0,3.3333333333333335,3.96,3.6666666666666665,78.0,65.0,1,,,,,,
776566,2025-08-27,R,Philadelphia Phillies,New York Mets,0,6,1,Taijuan Walker,Nolan McLean,5.0,7.0,6.496240601503759,4.333333333333333,86.0,66.0,5.0,5.0,6.352941176470588,4.0,69.0,67.0,1,,,,,,
776567,2025-08-27,R,Minnesota Twins,Toronto Blue Jays,8,9,1,Simeon Woods Richardson,Eric Lauer,11.0,5.0,4.285714285714286,3.3333333333333335,67.0,56.0,30.0,4.666666666666667,2.8757396449704142,4.0,51.0,76.0,1,,,,,,
776568,2025-08-27,R,Pittsburgh Pirates,St. Louis Cardinals,2,1,0,Carmen Mlodzinski,Sonny Gray,6.0,5.0,4.432835820895522,4.0,62.0,78.0,10.0,4.0,4.079136690647482,3.0,54.0,42.0,1,,,,,,
776569,2025-08-27,R,Kansas City Royals,Chicago White Sox,12,1,0,Ryan Bergert,Aaron Civale,5.0,5.0,6.75,2.0,61.0,54.0,5.0,5.666666666666667,2.606896551724138,4.0,62.0,58.0,1,,,,,,
776570,2025-08-27,R,Washington Nationals,New York Yankees,2,11,1,Cade Cavalli,Max Fried,5.0,6.0,5.2388059701492535,4.0,70.0,53.0,5.0,6.0,3.24,3.0,56.0,69.0,1,,,,,,
776571,2025-08-27,R,Colorado Rockies,Houston Astros,0,4,1,Chase Dollander,Framber Valdez,7.0,5.0,5.5928571428571425,2.3333333333333335,40.0,68.0,6.0,3.6666666666666665,3.0903614457831323,3.0,56.0,73.0,0,,,,,,
776572,2025-08-27,R,Arizona Diamondbacks,Milwaukee Brewers,3,2,0,Ryne Nelson,Aaron Ashby,,,3.857142857142857,4.0,74.0,64.0,5.0,6.0,4.808219178082192,6.0,69.0,64.0,1,,,,,,
776579,2025-08-27,R,Boston Red Sox,Baltimore Orioles,3,2,0,Brayan Bello,Dietrich Enns,55.0,4.0,4.183098591549296,3.0,65.0,54.0,5.0,7.0,3.793388429752066,1.0,49.0,39.0,0,,,,,,
776580,2025-08-27,R,Tampa Bay Rays,Cleveland Guardians,3,4,1,Drew Rasmussen,Slade Cecconi,5.0,6.0,5.161764705882353,2.0,34.0,72.0,7.0,6.0,4.090909090909091,2.0,55.0,53.0,0,,,,,,
776550,2025-08-28,R,Chicago Cubs,San Francisco Giants,3,4,1,Shota Imanaga,Logan Webb,5.0,6.0,2.6,4.0,56.0,48.0,7.0,7.0,3.884892086330935,3.3333333333333335,49.0,51.0,1,,,,,,
776553,2025-08-28,R,Arizona Diamondbacks,Milwaukee Brewers,6,4,0,Nabil Crismatt,Jose Quintana,6.0,5.333333333333333,3.430939226519337,7.0,64.0,62.0,11.0,5.0,4.909090909090909,3.0,66.0,62.0,1,,,,,,
776554,2025-08-28,R,Pittsburgh Pirates,St. Louis Cardinals,1,4,1,Braxton Ashcraft,Miles Mikolas,6.0,2.6666666666666665,3.9160305343511452,2.0,58.0,74.0,6.0,5.0,2.793103448275862,6.0,51.0,31.0,1,,,,,,
776555,2025-08-28,R,Colorado Rockies,Houston Astros,3,4,1,Kyle Freeland,Jason Alexander,7.0,5.333333333333333,5.633093525179856,2.0,40.0,67.0,5.0,5.0,3.7125,2.0,50.0,72.0,0,,,,,,
776556,2025-08-28,R,New York Yankees,Chicago White Sox,10,4,0,Will Warren,Davis Martin,5.0,5.0,8.123893805309734,4.333333333333333,62.0,65.0,5.0,4.0,5.0625,2.0,80.0,51.0,0,,,,,,
776558,2025-08-28,R,Miami Marlins,New York Mets,7,4,0,Adam Mazur,Clay Holmes,5.0,6.333333333333333,6.126050420168068,1.0,86.0,55.0,71.0,5.666666666666667,5.113636363636363,5.333333333333333,46.0,77.0,0,,,,,,
776560,2025-08-28,R,Atlanta Braves,Philadelphia Phillies,4,19,1,Cal Quantrill,Aaron Nola,5.0,6.0,5.754098360655738,3.0,69.0,65.0,5.0,4.666666666666667,4.367647058823529,2.3333333333333335,79.0,60.0,0,,,,,,
776564,2025-08-28,R,Boston Red Sox,Baltimore Orioles,3,2,0,Garrett Crochet,Cade Povich,6.0,4.666666666666667,3.832258064516129,6.333333333333333,63.0,54.0,5.0,7.0,3.762295081967213,2.3333333333333335,51.0,37.0,0,,,,,,
776533,2025-08-29,R,Baltimore Orioles,San Francisco Giants,8,15,1,Dean Kremer,Robbie Ray,5.0,5.0,2.4893617021276597,2.0,60.0,51.0,6.0,5.0,3.6346153846153846,4.0,60.0,54.0,0,,,,,,
776534,2025-08-29,R,Arizona Diamondbacks,Los Angeles Dodgers,3,0,0,Zac Gallen,Blake Snell,7.0,7.0,2.9495798319327733,0.0,68.0,40.0,5.0,6.0,4.591836734693878,3.3333333333333335,64.0,64.0,0,,,,,,
776538,2025-08-29,R,Texas Rangers,Athletics,5,2,0,Jack Leiter,Jeffrey Springs,6.0,5.333333333333333,1.9411764705882353,0.0,70.0,48.0,6.0,7.0,6.069767441860465,0.0,78.0,55.0,0,,,,,,
776540,2025-08-29,R,Detroit Tigers,Kansas City Royals,5,3,0,Chris Paddack,Seth Lugo,5.0,4.333333333333333,2.5251798561151078,0.0,67.0,51.0,6.0,5.0,2.3893805309734515,0.0,62.0,54.0,0,,,,,,
776541,2025-08-29,R,San Diego Padres,Minnesota Twins,4,7,1,Nestor Cortes,Zebby Matthews,7.0,4.666666666666667,3.759493670886076,0.0,52.0,80.0,6.0,6.0,3.375,0.0,55.0,53.0,0,,,,,,
776542,2025-08-29,R,Chicago Cubs,Colorado Rockies,11,7,0,Cade Horton,Germán Márquez,40.0,3.0,3.96,2.0,51.0,68.0,6.0,6.0,4.05,1.3333333333333333,51.0,53.0,0,,,,,,
776543,2025-08-29,R,Los Angeles Angels,Houston Astros,0,2,1,Tyler Anderson,Cristian Javier,6.0,2.0,5.25503355704698,3.3333333333333335,44.0,70.0,7.0,5.0,5.553191489361702,0.0,39.0,79.0,0,,,,,,
776544,2025-08-29,R,New York Yankees,Chicago White Sox,10,2,0,Carlos Rodón,Yoendrys Gómez,5.0,4.666666666666667,8.162790697674419,5.333333333333333,66.0,75.0,5.0,5.666666666666667,4.628571428571429,4.0,90.0,55.0,0,,,,,,
776545,2025-08-29,R,Tampa Bay Rays,Washington Nationals,4,1,0,Adrian Houser,Mitchell Parker,6.0,5.0,3.7762237762237763,0.0,47.0,71.0,7.0,6.333333333333333,4.231343283582089,0.0,50.0,55.0,0,,,,,,
776546,2025-08-29,R,Milwaukee Brewers,Toronto Blue Jays,7,2,0,Freddy Peralta,Shane Bieber,7.0,6.0,3.826771653543307,0.0,73.0,59.0,6.0,5.0,3.1522842639593907,5.333333333333333,68.0,68.0,0,,,,,,
776547,2025-08-29,R,Seattle Mariners,Cleveland Guardians,4,5,1,George Kirby,Logan Allen,6.0,5.0,3.825,0.0,25.0,58.0,6.0,6.0,5.770992366412214,0.0,62.0,72.0,0,,,,,,
776548,2025-08-29,R,Miami Marlins,New York Mets,9,19,1,Eury Pérez,Jonah Tong,,,5.578512396694215,4.0,87.0,58.0,5.0,6.0,4.467625899280575,5.0,49.0,72.0,0,,,,,,
776549,2025-08-29,R,Pittsburgh Pirates,Boston Red Sox,4,2,0,Paul Skenes,Payton Tolle,,,3.50381679389313,3.0,54.0,39.0,5.0,7.0,3.1973684210526314,2.3333333333333335,52.0,35.0,0,,,,,,
776551,2025-08-29,R,St. Louis Cardinals,Cincinnati Reds,7,5,0,Matthew Liberatore,Zack Littell,7.0,3.0,3.2,0.0,43.0,60.0,5.0,4.333333333333333,3.5874125874125875,4.0,62.0,75.0,0,,,,,,
776552,2025-08-29,R,Atlanta Braves,Philadelphia Phillies,1,2,1,Bryce Elder,Ranger Suarez,5.0,7.0,5.616,3.0,86.0,66.0,5.0,6.0,6.0,4.666666666666667,79.0,76.0,1,,,,,,
776516,2025-08-30,R,Baltimore Orioles,San Francisco Giants,11,1,0,Trevor Rogers,Carson Seymour,,,2.562043795620438,4.666666666666667,69.0,52.0,6.0,7.0,4.017857142857143,5.0,61.0,69.0,1,,,,,,
776523,2025-08-30,R,Arizona Diamondbacks,Los Angeles Dodgers,6,1,0,Eduardo Rodriguez,Tyler Glasnow,7.0,4.0,2.677685950413223,3.6666666666666665,65.0,41.0,5.0,2.3333333333333335,4.5,3.0,64.0,60.0,0,,,,,,
776524,2025-08-30,R,Texas Rangers,Athletics,9,3,0,Merrill Kelly,Mason Barnett,,,2.3245033112582782,3.3333333333333335,62.0,50.0,6.0,7.0,4.813953488372093,3.0,78.0,51.0,0,,,,,,
776525,2025-08-30,R,Tampa Bay Rays,Washington Nationals,4,1,0,Ryan Pepiot,Jake Irvin,6.0,2.3333333333333335,3.232394366197183,2.6666666666666665,46.0,69.0,6.0,5.0,4.0078125,5.0,47.0,50.0,0,,,,,,
776526,2025-08-30,R,Chicago Cubs,Colorado Rockies,4,3,0,Javier Assad,McCade Brown,6.0,3.6666666666666665,4.440789473684211,4.666666666666667,54.0,76.0,8.0,6.0,4.435714285714286,4.0,60.0,57.0,0,,,,,,
776527,2025-08-30,R,Milwaukee Brewers,Toronto Blue Jays,4,1,0,Quinn Priester,Kevin Gausman,6.0,6.0,4.5,3.6666666666666665,69.0,61.0,9.0,4.333333333333333,3.2459016393442623,3.0,65.0,62.0,0,,,,,,
776528,2025-08-30,R,Detroit Tigers,Kansas City Royals,1,3,1,Jack Flaherty,Stephen Kolek,34.0,6.0,2.606896551724138,5.666666666666667,67.0,55.0,6.0,5.0,2.25,5.333333333333333,60.0,57.0,0,,,,,,
776529,2025-08-30,R,New York Yankees,Chicago White Sox,5,3,0,Cam Schlittler,Shane Smith,5.0,7.0,8.608695652173912,5.0,67.0,82.0,5.0,6.0,4.5,3.0,96.0,54.0,0,,,,,,
776530,2025-08-30,R,San Diego Padres,Minnesota Twins,12,3,0,Nick Pivetta,Taj Bradley,6.0,5.0,4.224489795918367,3.0,59.0,77.0,6.0,6.0,3.489795918367347,5.0,57.0,57.0,1,,,,,,
776531,2025-08-30,R,Los Angeles Angels,Houston Astros,4,1,0,Kyle Hendricks,Spencer Arrighetti,6.0,5.666666666666667,4.6490066225165565,3.0,46.0,63.0,6.0,4.333333333333333,4.695652173913044,3.0,36.0,71.0,1,,,,,,
776532,2025-08-30,R,Atlanta Braves,Philadelphia Phillies,2,3,1,Chris Sale,Cristopher Sánchez,5.0,5.333333333333333,5.616,4.0,82.0,65.0,73.0,8.666666666666666,6.456521739130435,1.0,78.0,78.0,1,,,,,,
776535,2025-08-30,R,Miami Marlins,New York Mets,11,8,0,Edward Cabrera,David Peterson,6.0,5.666666666666667,5.132231404958677,4.0,97.0,56.0,5.0,7.0,6.2709677419354835,7.333333333333333,57.0,89.0,0,,,,,,
776536,2025-08-30,R,St. Louis Cardinals,Cincinnati Reds,4,2,0,Michael McGreevy,Andrew Abbott,7.0,4.0,3.24,3.0,40.0,57.0,5.0,6.0,3.8835616438356166,5.0,66.0,76.0,0,,,,,,
776537,2025-08-30,R,Seattle Mariners,Cleveland Guardians,3,4,1,Logan Gilbert,Gavin Williams,6.0,3.3333333333333335,3.6923076923076925,3.0,30.0,60.0,6.0,6.0,6.075,1.3333333333333333,55.0,68.0,1,,,,,,
776539,2025-08-30,R,Pittsburgh Pirates,Boston Red Sox,10,3,0,Johan Oviedo,Dustin May,6.0,4.333333333333333,3.828358208955224,3.6666666666666665,54.0,42.0,5.0,4.0,3.0805369127516777,3.0,53.0,35.0,0,,,,,,
776507,2025-08-31,R,Baltimore Orioles,San Francisco Giants,2,13,1,Tomoyuki Sugano,Justin Verlander,5.0,6.0,3.261744966442953,6.0,69.0,61.0,6.0,6.0,3.992957746478873,2.0,68.0,65.0,1,,,,,,
776508,2025-08-31,R,Texas Rangers,Athletics,9,6,0,Jacob deGrom,J.T. Ginn,6.0,5.333333333333333,2.9805194805194803,5.0,58.0,57.0,6.0,5.0,3.6,2.6666666666666665,85.0,40.0,0,,,,,,
776509,2025-08-31,R,Arizona Diamondbacks,Los Angeles Dodgers,4,5,1,Brandon Pfaadt,Yoshinobu Yamamoto,7.0,6.0,3.4322033898305087,2.0,60.0,47.0,5.0,2.6666666666666665,3.5064935064935066,3.0,63.0,51.0,0,,,,,,
776510,2025-08-31,R,Los Angeles Angels,Houston Astros,3,0,0,José Soriano,Hunter Brown,5.0,6.666666666666667,5.170212765957447,2.6666666666666665,42.0,63.0,6.0,5.666666666666667,4.2,3.0,38.0,65.0,1,,,,,,
776511,2025-08-31,R,Chicago Cubs,Colorado Rockies,5,6,1,Matthew Boyd,Tanner Gordon,5.0,6.0,4.207792207792208,5.0,47.0,73.0,5.0,5.333333333333333,4.3426573426573425,3.0,61.0,59.0,0,,,,,,
776512,2025-08-31,R,Detroit Tigers,Kansas City Royals,5,0,0,Tarik Skubal,Michael Wacha,8.0,6.0,2.3309352517985613,3.0,64.0,54.0,6.0,6.666666666666667,2.722689075630252,2.3333333333333335,53.0,55.0,0,,,,,,
776513,2025-08-31,R,San Diego Padres,Minnesota Twins,2,7,1,David Morgan,Joe Ryan,6.0,5.0,5.25,4.0,57.0,81.0,56.0,1.3333333333333333,3.3517241379310345,4.0,69.0,54.0,1,,,,,,
776514,2025-08-31,R,New York Yankees,Chicago White Sox,2,3,1,Luis Gil,Martín Pérez,5.0,7.0,8.352517985611511,4.666666666666667,68.0,81.0,5.0,5.0,4.404255319148936,5.0,89.0,49.0,0,,,,,,
776515,2025-08-31,R,Milwaukee Brewers,Toronto Blue Jays,4,8,1,Brandon Woodruff,Max Scherzer,6.0,6.0,5.175,2.0,56.0,63.0,6.0,5.666666666666667,3.24,3.0,63.0,58.0,0,,,,,,
776517,2025-08-31,R,Pittsburgh Pirates,Boston Red Sox,2,5,1,Mitch Keller,Lucas Giolito,5.0,8.0,3.7445255474452557,3.6666666666666665,50.0,47.0,5.0,6.0,2.8421052631578947,4.0,62.0,35.0,0,,,,,,
776518,2025-08-31,R,St. Louis Cardinals,Cincinnati Reds,4,7,1,Andre Pallante,Brady Singer,7.0,6.0,3.319672131147541,4.0,37.0,55.0,5.0,5.0,3.020979020979021,3.0,62.0,66.0,0,,,,,,
776519,2025-08-31,R,Miami Marlins,New York Mets,5,1,0,Sandy Alcantara,Kodai Senga,6.0,4.0,5.152671755725191,7.0,102.0,66.0,5.0,7.0,6.535031847133758,5.0,63.0,90.0,0,,,,,,
776520,2025-08-31,R,Tampa Bay Rays,Washington Nationals,7,4,0,Ian Seymour,Brad Lord,6.0,4.333333333333333,3.1655172413793102,3.0,45.0,73.0,6.0,5.0,4.0078125,4.0,49.0,50.0,0,,,,,,
776521,2025-08-31,R,Seattle Mariners,Cleveland Guardians,4,2,0,Bryce Miller,Tanner Bibee,6.0,6.0,3.9272727272727272,2.0,33.0,53.0,6.0,5.0,5.85,2.0,57.0,69.0,1,,,,,,
776522,2025-08-31,R,Atlanta Braves,Philadelphia Phillies,3,1,0,Hurston Waldrep,Jesús Luzardo,5.0,4.0,5.4,3.0,85.0,65.0,5.0,5.333333333333333,6.557142857142857,3.6666666666666665,70.0,80.0,1,,,,,,
776492,2025-09-01,R,San Francisco Giants,Colorado Rockies,8,2,0,Kai-Wei Teng,Chase Dollander,5.0,6.0,3.933774834437086,3.0,47.0,73.0,13.0,3.3333333333333335,3.1354838709677417,4.0,75.0,62.0,0,,,,,,
776494,2025-09-01,R,Baltimore Orioles,San Diego Padres,4,3,0,Kyle Bradish,Dylan Cease,6.0,4.333333333333333,4.291390728476821,6.0,67.0,56.0,6.0,6.0,4.32,4.666666666666667,58.0,78.0,0,,,,,,
776495,2025-09-01,R,Texas Rangers,Arizona Diamondbacks,7,5,0,Patrick Corbin,Ryne Nelson,5.0,6.0,2.769230769230769,3.6666666666666665,62.0,50.0,6.0,8.0,4.285714285714286,4.0,84.0,42.0,0,,,,,,
776497,2025-09-01,R,Athletics,St. Louis Cardinals,11,3,0,Luis Morales,Sonny Gray,5.0,7.0,3.085714285714286,3.0,62.0,65.0,5.0,7.0,2.7551020408163267,3.0,59.0,55.0,0,,,,,,
776498,2025-09-01,R,Miami Marlins,Washington Nationals,0,2,1,Lake Bachar,Andrew Alvarez,,,2.297872340425532,6.0,40.0,69.0,,,6.535031847133758,2.0,63.0,88.0,0,,,,,,
776499,2025-09-01,R,Los Angeles Angels,Houston Astros,3,8,1,Yusei Kikuchi,Luis Garcia,,,3.6818181818181817,3.0,42.0,54.0,6.0,4.0,4.4296875,2.0,30.0,60.0,1,,,,,,
776500,2025-09-01,R,Philadelphia Phillies,Milwaukee Brewers,10,8,0,Taijuan Walker,Jacob Misiorowski,6.0,5.0,3.2033898305084745,3.6666666666666665,65.0,63.0,5.0,5.0,6.0,2.3333333333333335,75.0,59.0,0,,,,,,
776501,2025-09-01,R,New York Mets,Detroit Tigers,10,8,0,Sean Manaea,Charlie Morton,6.0,5.0,2.7457627118644066,2.0,57.0,47.0,6.0,4.666666666666667,4.704545454545454,4.333333333333333,96.0,68.0,0,,,,,,
776502,2025-09-01,R,Chicago White Sox,Minnesota Twins,6,5,0,Fraser Ellard,Bailey Ober,6.0,5.0,5.869565217391305,2.0,56.0,82.0,,,7.035211267605634,3.0,69.0,77.0,0,,,,,,
776503,2025-09-01,R,Toronto Blue Jays,Cincinnati Reds,4,5,1,Chris Bassitt,Hunter Greene,7.0,5.0,3.098360655737705,3.0,41.0,57.0,6.0,5.666666666666667,4.239669421487603,5.0,60.0,57.0,0,,,,,,
776504,2025-09-01,R,Seattle Mariners,Tampa Bay Rays,2,10,1,Luis Castillo,Shane Baz,6.0,6.0,3.2481203007518795,4.0,55.0,47.0,6.0,5.0,5.899159663865547,3.0,58.0,64.0,0,,,,,,
776505,2025-09-01,R,Cleveland Guardians,Boston Red Sox,4,6,1,Parker Messick,Brayan Bello,5.0,6.666666666666667,3.085714285714286,3.0,52.0,44.0,6.0,7.0,3.6,2.6666666666666665,31.0,52.0,0,,,,,,
776506,2025-09-01,R,Atlanta Braves,Chicago Cubs,6,7,1,Spencer Strider,Colin Rea,5.0,4.666666666666667,4.634328358208955,2.0,62.0,62.0,7.0,7.0,6.8,3.3333333333333335,68.0,77.0,0,,,,,,
776480,2025-09-02,R,Baltimore Orioles,San Diego Padres,6,2,0,Tyler Wells,Yu Darvish,6.0,4.0,4.5,5.0,67.0,56.0,,,3.7358490566037736,5.0,56.0,78.0,0,,,,,,
776481,2025-09-02,R,Texas Rangers,Arizona Diamondbacks,3,5,1,Jacob Latz,Nabil Crismatt,5.0,5.666666666666667,3.2264150943396226,4.0,66.0,54.0,6.0,4.333333333333333,4.071428571428571,4.333333333333333,88.0,43.0,0,,,,,,
776482,2025-09-02,R,Miami Marlins,Washington Nationals,2,5,1,Adam Mazur,Cade Cavalli,6.0,2.3333333333333335,2.1176470588235294,4.0,42.0,69.0,5.0,4.0,5.701863354037267,6.0,60.0,82.0,1,,,,,,
776483,2025-09-02,R,Athletics,St. Louis Cardinals,1,2,1,Luis Severino,Miles Mikolas,5.0,5.0,3.9416058394160585,3.0,57.0,73.0,28.0,6.0,2.751592356687898,3.3333333333333335,70.0,58.0,0,,,,,,
776484,2025-09-02,R,Chicago White Sox,Minnesota Twins,12,3,0,Davis Martin,Simeon Woods Richardson,6.0,3.6666666666666665,5.76,4.0,61.0,88.0,5.0,3.6666666666666665,6.394736842105263,7.333333333333333,62.0,73.0,0,,,,,,
776485,2025-09-02,R,Seattle Mariners,Tampa Bay Rays,5,6,1,Bryan Woo,Drew Rasmussen,6.0,6.0,3.4225352112676055,3.0,65.0,49.0,6.0,5.666666666666667,5.495575221238938,4.0,53.0,62.0,1,,,,,,
776486,2025-09-02,R,San Francisco Giants,Colorado Rockies,7,4,0,Logan Webb,Kyle Freeland,5.0,6.0,4.195945945945946,4.0,45.0,78.0,5.0,7.0,3.056603773584906,3.6666666666666665,79.0,61.0,0,,,,,,
776487,2025-09-02,R,Atlanta Braves,Chicago Cubs,3,4,1,Joey Wentz,Shota Imanaga,5.0,7.0,4.2631578947368425,6.0,69.0,61.0,6.0,6.666666666666667,6.595419847328245,4.666666666666667,65.0,71.0,1,,,,,,
776488,2025-09-02,R,Los Angeles Angels,Kansas City Royals,5,1,0,Mitch Farris,Michael Lorenzen,7.0,5.0,2.267175572519084,0.0,54.0,54.0,,,5.048780487804878,2.3333333333333335,32.0,64.0,0,,,,,,
776489,2025-09-02,R,New York Yankees,Houston Astros,7,1,0,Max Fried,Framber Valdez,6.0,7.0,2.659090909090909,3.0,50.0,47.0,6.0,7.0,4.5661764705882355,0.0,83.0,48.0,0,,,,,,
776490,2025-09-02,R,New York Mets,Detroit Tigers,12,5,0,Nolan McLean,Sawyer Gipson-Long,67.0,5.333333333333333,3.1640625,5.333333333333333,55.0,57.0,6.0,8.0,4.743243243243243,5.333333333333333,106.0,76.0,0,,,,,,
776491,2025-09-02,R,Toronto Blue Jays,Cincinnati Reds,12,9,0,José Berríos,Scott Barlow,,,3.793388429752066,2.6666666666666665,42.0,60.0,10.0,6.333333333333333,4.764705882352941,2.3333333333333335,62.0,57.0,1,,,,,,
776493,2025-09-02,R,Cleveland Guardians,Boston Red Sox,7,11,1,Slade Cecconi,Garrett Crochet,5.0,6.0,2.4545454545454546,4.0,55.0,42.0,6.0,6.0,4.037383177570093,4.333333333333333,32.0,57.0,1,,,,,,
776496,2025-09-02,R,Los Angeles Dodgers,Pittsburgh Pirates,7,9,1,Clayton Kershaw,Carmen Mlodzinski,6.0,3.0,2.7,0.0,56.0,34.0,7.0,5.0,3.75,0.0,57.0,43.0,0,,,,,,
776465,2025-09-03,R,Baltimore Orioles,San Diego Padres,7,5,0,Cade Povich,Nestor Cortes,5.0,3.0,4.5,5.0,64.0,61.0,6.0,5.0,3.5294117647058822,4.0,58.0,77.0,0,,,,,,
776466,2025-09-03,R,Los Angeles Angels,Kansas City Royals,4,3,0,Caden Dana,Ryan Bergert,7.0,6.0,2.8636363636363638,3.0,50.0,57.0,,,4.5,4.0,33.0,59.0,0,,,,,,
776467,2025-09-03,R,San Francisco Giants,Colorado Rockies,10,8,0,Robbie Ray,Germán Márquez,5.0,4.333333333333333,4.127388535031847,9.0,45.0,74.0,5.0,4.333333333333333,3.0955414012738856,4.0,85.0,60.0,0,,,,,,
776468,2025-09-03,R,Texas Rangers,Arizona Diamondbacks,0,2,1,Jack Leiter,Zac Gallen,5.0,6.0,3.20625,2.6666666666666665,65.0,52.0,5.0,6.0,4.0078125,2.6666666666666665,89.0,43.0,0,,,,,,
776469,2025-09-03,R,Chicago White Sox,Minnesota Twins,4,3,0,Yoendrys Gómez,Zebby Matthews,5.0,6.0,7.163265306122449,4.0,61.0,94.0,5.0,4.0,5.4,3.0,64.0,65.0,0,,,,,,
776470,2025-09-03,R,Athletics,St. Louis Cardinals,1,5,1,Jeffrey Springs,Matthew Liberatore,5.0,5.0,3.9416058394160585,3.0,52.0,70.0,5.0,5.666666666666667,3.0955414012738856,3.0,65.0,57.0,0,,,,,,
776471,2025-09-03,R,Philadelphia Phillies,Milwaukee Brewers,3,6,1,Aaron Nola,Jose Quintana,6.0,3.6666666666666665,4.333333333333333,0.0,61.0,63.0,6.0,6.0,4.846153846153846,0.0,67.0,56.0,0,,,,,,
776472,2025-09-03,R,New York Yankees,Houston Astros,7,8,1,Will Warren,Jason Alexander,6.0,5.666666666666667,2.8421052631578947,4.0,51.0,53.0,6.0,5.0,4.466165413533835,2.0,77.0,46.0,0,,,,,,
776473,2025-09-03,R,Atlanta Braves,Chicago Cubs,5,1,0,Bryce Elder,Cade Horton,5.0,5.0,4.647540983606557,3.0,63.0,59.0,5.0,7.0,6.230769230769231,4.0,57.0,65.0,1,,,,,,
776474,2025-09-03,R,Cleveland Guardians,Boston Red Sox,8,1,0,Joey Cantillo,Brennan Bernardino,9.0,1.0,2.4732824427480917,3.0,63.0,45.0,19.0,5.0,4.5,2.6666666666666665,34.0,62.0,1,,,,,,
776475,2025-09-03,R,Toronto Blue Jays,Cincinnati Reds,13,9,0,Shane Bieber,Zack Littell,5.0,7.0,4.532846715328467,8.0,45.0,68.0,5.0,5.333333333333333,4.740458015267175,7.0,67.0,63.0,1,,,,,,
776476,2025-09-03,R,Seattle Mariners,Tampa Bay Rays,4,9,1,George Kirby,Adrian Houser,5.0,4.0,2.5808823529411766,4.0,68.0,41.0,5.0,7.0,5.734513274336283,3.0,54.0,62.0,1,,,,,,
776477,2025-09-03,R,Miami Marlins,Washington Nationals,5,10,1,Eury Pérez,Mitchell Parker,5.0,6.333333333333333,1.7307692307692308,4.0,46.0,63.0,5.0,0.6666666666666666,5.823529411764706,2.0,58.0,80.0,1,,,,,,
776478,2025-09-03,R,New York Mets,Detroit Tigers,2,6,1,Clay Holmes,Casey Mize,7.0,3.3333333333333335,4.231343283582089,5.0,59.0,69.0,6.0,5.0,5.084415584415584,3.0,110.0,80.0,0,,,,,,
776479,2025-09-03,R,Los Angeles Dodgers,Pittsburgh Pirates,0,3,1,Emmet Sheehan,Braxton Ashcraft,6.0,5.666666666666667,3.375,7.0,62.0,34.0,9.0,7.0,5.0,3.0,53.0,48.0,1,,,,,,
776458,2025-09-04,R,Cleveland Guardians,Tampa Bay Rays,2,4,1,Logan Allen,Ryan Pepiot,5.0,5.0,2.076923076923077,2.0,73.0,39.0,6.0,6.0,4.2110091743119265,3.0,40.0,60.0,0,,,,,,
776459,2025-09-04,R,Philadelphia Phillies,Milwaukee Brewers,2,0,0,Ranger Suarez,Freddy Peralta,6.0,6.0,4.272151898734177,2.6666666666666665,64.0,62.0,6.0,5.0,4.615384615384615,3.0,59.0,60.0,0,,,,,,
776461,2025-09-04,R,Los Angeles Dodgers,Pittsburgh Pirates,3,5,1,Blake Snell,Paul Skenes,6.0,6.0,3.24,6.0,63.0,33.0,6.0,5.333333333333333,4.584905660377358,3.3333333333333335,50.0,43.0,1,,,,,,
776462,2025-09-04,R,Chicago White Sox,Minnesota Twins,11,8,0,Fraser Ellard,Taj Bradley,5.0,5.0,7.741258741258742,3.0,62.0,94.0,3.0,1.6666666666666667,5.433962264150943,4.0,68.0,67.0,0,,,,,,
776463,2025-09-04,R,Los Angeles Angels,Kansas City Royals,3,4,1,Kyle Hendricks,Noah Cameron,10.0,5.0,3.2977099236641223,4.0,50.0,55.0,5.0,6.0,4.5,4.0,35.0,61.0,0,,,,,,
776464,2025-09-04,R,New York Yankees,Houston Astros,8,4,0,Carlos Rodón,Cristian Javier,6.0,6.0,3.573529411764706,4.0,57.0,53.0,6.0,6.0,5.113636363636363,3.0,78.0,50.0,0,,,,,,
776442,2025-09-05,R,San Diego Padres,Colorado Rockies,0,3,1,Nick Pivetta,Kyle Freeland,3.0,0.0,5.25,0.0,40.0,72.0,6.0,5.0,4.695652173913044,0.0,53.0,63.0,0,,,,,,
776444,2025-09-05,R,Athletics,Los Angeles Angels,10,4,0,Mason Barnett,José Soriano,5.0,7.0,4.695652173913044,2.0,38.0,65.0,6.0,4.0,4.0,0.0,54.0,57.0,0,,,,,,
776445,2025-09-05,R,San Francisco Giants,St. Louis Cardinals,8,2,0,Carson Seymour,Michael McGreevy,6.0,6.0,4.0078125,0.0,48.0,61.0,6.0,3.0,3.4225352112676055,0.0,90.0,52.0,0,,,,,,
776446,2025-09-05,R,Minnesota Twins,Kansas City Royals,1,2,1,Pablo López,Michael Wacha,5.0,4.666666666666667,3.3488372093023258,4.0,48.0,54.0,94.0,5.0,8.496503496503497,4.0,67.0,97.0,0,,,,,,
776448,2025-09-05,R,Boston Red Sox,Arizona Diamondbacks,5,10,1,Payton Tolle,Eduardo Rodriguez,6.0,6.0,3.20625,0.0,64.0,50.0,7.0,5.333333333333333,3.3986013986013988,0.0,58.0,50.0,0,,,,,,
776449,2025-09-05,R,Houston Astros,Texas Rangers,3,4,1,Colton Gordon,Merrill Kelly,6.0,6.333333333333333,4.456310679611651,0.0,79.0,36.0,34.0,4.0,4.273381294964029,4.666666666666667,54.0,59.0,0,,,,,,
776450,2025-09-05,R,New York Mets,Cincinnati Reds,5,4,0,David Peterson,Andrew Abbott,6.0,5.0,5.586206896551724,0.0,53.0,79.0,6.0,2.0,5.027586206896552,0.0,105.0,72.0,0,,,,,,
776451,2025-09-05,R,Cleveland Guardians,Tampa Bay Rays,7,1,0,Gavin Williams,Griffin Jax,,,2.338582677165354,4.0,73.0,34.0,6.0,7.0,3.889830508474576,3.0,42.0,64.0,1,,,,,,
776452,2025-09-05,R,Chicago White Sox,Detroit Tigers,7,5,0,Shane Smith,Jack Flaherty,6.0,5.666666666666667,4.335766423357664,0.0,58.0,69.0,6.0,6.333333333333333,5.934065934065934,7.666666666666667,79.0,75.0,0,,,,,,
776453,2025-09-05,R,Milwaukee Brewers,Pittsburgh Pirates,5,2,0,Quinn Priester,Johan Oviedo,6.0,5.0,3.5660377358490565,3.0,68.0,36.0,6.0,6.0,4.673076923076923,4.0,60.0,63.0,0,,,,,,
776454,2025-09-05,R,Los Angeles Dodgers,Baltimore Orioles,1,2,1,Shohei Ohtani,Dean Kremer,7.0,3.0,3.6818181818181817,0.0,63.0,75.0,9.0,5.0,4.114285714285714,3.0,44.0,43.0,0,,,,,,
776455,2025-09-05,R,Washington Nationals,Chicago Cubs,5,11,1,Jake Irvin,Javier Assad,6.0,6.0,5.262711864406779,0.0,59.0,57.0,6.0,6.0,1.875,0.0,42.0,61.0,0,,,,,,
776456,2025-09-05,R,Philadelphia Phillies,Miami Marlins,9,3,0,Cristopher Sánchez,Valente Bellozo,115.0,4.0,6.113207547169812,0.0,57.0,88.0,6.0,7.0,4.285714285714286,3.0,61.0,60.0,0,,,,,,
776457,2025-09-05,R,Toronto Blue Jays,New York Yankees,7,1,0,Kevin Gausman,Cam Schlittler,6.0,6.0,5.232558139534884,3.0,83.0,48.0,6.0,7.0,5.2781954887218046,0.0,79.0,70.0,0,,,,,,
776460,2025-09-05,R,Seattle Mariners,Atlanta Braves,1,4,1,Logan Gilbert,Chris Sale,6.0,6.0,6.230769230769231,0.0,61.0,66.0,6.0,6.0,4.084033613445378,0.0,56.0,60.0,0,,,,,,
776424,2025-09-06,R,Boston Red Sox,Arizona Diamondbacks,1,5,1,Lucas Giolito,Brandon Pfaadt,6.0,4.333333333333333,3.857142857142857,3.0,68.0,50.0,6.0,6.0,4.0855263157894735,5.0,62.0,60.0,1,,,,,,
776430,2025-09-06,R,Athletics,Los Angeles Angels,17,4,0,J.T. Ginn,Yusei Kikuchi,5.0,5.666666666666667,4.623287671232877,6.666666666666667,40.0,72.0,6.0,6.0,3.4468085106382977,4.0,62.0,58.0,0,,,,,,
776431,2025-09-06,R,San Diego Padres,Colorado Rockies,10,8,0,Randy Vásquez,McCade Brown,7.0,4.0,4.8,1.0,43.0,63.0,35.0,4.0,4.955696202531645,2.0,51.0,65.0,1,,,,,,
776432,2025-09-06,R,Houston Astros,Texas Rangers,11,0,0,Hunter Brown,Jacob deGrom,6.0,5.0,4.098214285714286,5.0,79.0,36.0,6.0,6.0,3.375,6.666666666666667,47.0,56.0,1,,,,,,
776433,2025-09-06,R,Philadelphia Phillies,Miami Marlins,4,2,0,Jesús Luzardo,Sandy Alcantara,6.0,7.0,6.910714285714286,6.0,58.0,92.0,6.0,6.666666666666667,4.725,2.0,66.0,58.0,0,,,,,,
776434,2025-09-06,R,Minnesota Twins,Kansas City Royals,2,11,1,Joe Ryan,Stephen Kolek,7.0,6.0,2.25,3.3333333333333335,45.0,48.0,6.0,7.0,8.338235294117647,2.0,59.0,92.0,1,,,,,,
776435,2025-09-06,R,Chicago White Sox,Detroit Tigers,0,6,1,Martín Pérez,Tarik Skubal,6.0,7.0,4.404255319148936,4.666666666666667,56.0,71.0,6.0,6.0,5.637362637362638,4.0,79.0,71.0,0,,,,,,
776436,2025-09-06,R,Toronto Blue Jays,New York Yankees,1,3,1,Chris Bassitt,Luis Gil,6.0,5.333333333333333,5.133802816901408,7.333333333333333,84.0,54.0,5.0,6.0,5.31496062992126,1.0,81.0,69.0,0,,,,,,
776437,2025-09-06,R,San Francisco Giants,St. Louis Cardinals,2,3,1,Justin Verlander,Andre Pallante,6.0,5.0,3.4015748031496065,5.0,44.0,59.0,6.0,5.0,3.085714285714286,4.0,94.0,49.0,0,,,,,,
776438,2025-09-06,R,Cleveland Guardians,Tampa Bay Rays,3,2,0,Tanner Bibee,Shane Baz,5.0,6.0,2.265734265734266,8.0,64.0,35.0,6.0,6.333333333333333,3.4322033898305087,2.0,46.0,61.0,1,,,,,,
776439,2025-09-06,R,New York Mets,Cincinnati Reds,3,6,1,Jonah Tong,Brady Singer,6.0,6.0,5.912408759124087,4.333333333333333,52.0,78.0,8.0,5.0,3.96,3.6666666666666665,98.0,69.0,0,,,,,,
776440,2025-09-06,R,Washington Nationals,Chicago Cubs,2,1,0,Brad Lord,Matthew Boyd,6.0,6.0,5.175,3.6666666666666665,67.0,60.0,6.0,3.0,2.3557046979865772,4.666666666666667,42.0,68.0,1,,,,,,
776441,2025-09-06,R,Milwaukee Brewers,Pittsburgh Pirates,4,1,0,Brandon Woodruff,Mitch Keller,6.0,5.0,4.0754716981132075,4.0,61.0,41.0,6.0,4.333333333333333,4.470198675496689,2.0,60.0,61.0,0,,,,,,
776443,2025-09-06,R,Los Angeles Dodgers,Baltimore Orioles,3,4,1,Yoshinobu Yamamoto,Trevor Rogers,7.0,7.0,3.056603773584906,6.0,58.0,66.0,6.0,7.0,4.153846153846154,5.0,44.0,43.0,1,,,,,,
776447,2025-09-06,R,Seattle Mariners,Atlanta Braves,10,2,0,Bryce Miller,Hurston Waldrep,6.0,5.666666666666667,5.4,2.3333333333333335,58.0,55.0,6.0,6.0,4.53781512605042,2.0,54.0,62.0,1,,,,,,
776414,2025-09-07,R,Athletics,Los Angeles Angels,3,4,1,Luis Severino,Mitch Farris,5.0,5.0,4.973684210526316,7.0,43.0,77.0,5.0,5.0,3.884892086330935,4.0,77.0,61.0,0,,,,,,
776415,2025-09-07,R,Boston Red Sox,Arizona Diamondbacks,7,4,0,Brayan Bello,Ryne Nelson,6.0,6.0,4.079136690647482,3.0,63.0,50.0,6.0,5.0,4.180645161290323,3.0,51.0,64.0,1,,,,,,
776416,2025-09-07,R,San Francisco Giants,St. Louis Cardinals,3,4,1,Kai-Wei Teng,Sonny Gray,6.0,6.0,3.176470588235294,3.0,47.0,61.0,6.0,5.333333333333333,3.7445255474452557,2.0,89.0,51.0,0,,,,,,
776417,2025-09-07,R,San Diego Padres,Colorado Rockies,8,1,0,Dylan Cease,Tanner Gordon,7.0,6.0,5.108108108108108,7.333333333333333,50.0,68.0,6.0,4.0,5.639240506329114,3.0,56.0,72.0,1,,,,,,
776418,2025-09-07,R,Houston Astros,Texas Rangers,2,4,1,Framber Valdez,Patrick Corbin,6.0,5.666666666666667,5.076923076923077,3.6666666666666665,69.0,47.0,5.0,5.0,3.0681818181818183,3.0,49.0,48.0,1,,,,,,
776419,2025-09-07,R,Milwaukee Brewers,Pittsburgh Pirates,10,2,0,Jacob Misiorowski,Bubba Chandler,,,4.440789473684211,2.6666666666666665,57.0,44.0,6.0,4.333333333333333,4.013513513513513,3.0,63.0,55.0,0,,,,,,
776420,2025-09-07,R,Washington Nationals,Chicago Cubs,6,3,0,Andrew Alvarez,Drew Pomeranz,64.0,0.3333333333333333,5.076923076923077,2.0,56.0,61.0,6.0,5.0,2.34,3.3333333333333335,40.0,63.0,1,,,,,,
776421,2025-09-07,R,Cleveland Guardians,Tampa Bay Rays,2,1,0,Parker Messick,Drew Rasmussen,5.0,5.0,2.264516129032258,4.0,66.0,38.0,6.0,3.6666666666666665,3.2586206896551726,2.3333333333333335,49.0,53.0,1,,,,,,
776422,2025-09-07,R,Minnesota Twins,Kansas City Royals,5,1,0,Bailey Ober,Michael Lorenzen,5.0,6.0,2.0454545454545454,2.0,54.0,46.0,6.0,5.0,9.129496402877697,6.0,58.0,96.0,1,,,,,,
776423,2025-09-07,R,Toronto Blue Jays,New York Yankees,3,4,1,Max Scherzer,Max Fried,5.0,7.0,3.9705882352941178,3.0,86.0,43.0,7.0,4.0,5.445378151260504,3.0,75.0,66.0,0,,,,,,
776425,2025-09-07,R,Chicago White Sox,Detroit Tigers,6,4,0,Davis Martin,Charlie Morton,6.0,3.6666666666666665,4.4,2.0,58.0,69.0,5.0,6.0,5.489010989010989,4.0,72.0,74.0,0,,,,,,
776426,2025-09-07,R,Philadelphia Phillies,Miami Marlins,4,5,1,Taijuan Walker,Tyler Phillips,,,7.177215189873418,3.0,54.0,89.0,6.0,4.0,4.5,3.0,64.0,56.0,0,,,,,,
776427,2025-09-07,R,Los Angeles Dodgers,Baltimore Orioles,5,2,0,Clayton Kershaw,Tomoyuki Sugano,7.0,3.3333333333333335,2.9050632911392404,3.6666666666666665,54.0,60.0,5.0,5.0,4.885714285714286,0.0,46.0,42.0,1,,,,,,
776428,2025-09-07,R,Seattle Mariners,Atlanta Braves,18,2,0,Luis Castillo,Joey Wentz,5.0,4.0,5.899159663865547,4.0,58.0,56.0,6.0,4.0,4.576271186440678,3.6666666666666665,63.0,62.0,1,,,,,,
776429,2025-09-07,R,New York Mets,Cincinnati Reds,2,3,1,Brandon Sproat,Hunter Greene,6.0,6.333333333333333,5.843283582089552,3.0,57.0,71.0,,,4.378378378378378,2.0,92.0,73.0,0,,,,,,
776399,2025-09-08,R,Arizona Diamondbacks,San Francisco Giants,5,11,1,Nabil Crismatt,Logan Webb,6.0,5.0,3.7445255474452557,4.0,88.0,52.0,6.0,6.333333333333333,3.884892086330935,3.0,66.0,51.0,0,,,,,,
776400,2025-09-08,R,St. Louis Cardinals,Seattle Mariners,2,4,1,Miles Mikolas,Bryan Woo,6.0,5.0,3.889830508474576,3.0,70.0,60.0,6.0,6.0,2.5808823529411766,3.6666666666666665,49.0,57.0,0,,,,,,
776405,2025-09-08,R,New York Mets,Philadelphia Phillies,0,1,1,Nolan McLean,Aaron Nola,5.0,5.0,4.275,2.0,65.0,59.0,6.0,6.0,4.040816326530612,2.0,91.0,72.0,0,,,,,,
776406,2025-09-08,R,Milwaukee Brewers,Texas Rangers,0,5,1,Jose Quintana,Jacob Latz,6.0,5.333333333333333,5.132231404958677,3.3333333333333335,68.0,49.0,5.0,6.333333333333333,3.965034965034965,2.0,70.0,53.0,0,,,,,,
776407,2025-09-08,R,Cincinnati Reds,San Diego Padres,3,4,1,Nick Lodolo,Yu Darvish,6.0,4.0,4.527950310559007,4.0,62.0,65.0,12.0,4.666666666666667,6.183206106870229,2.0,54.0,72.0,0,,,,,,
776408,2025-09-08,R,Colorado Rockies,Los Angeles Dodgers,1,3,1,Chase Dollander,Tyler Glasnow,9.0,7.0,4.839622641509434,3.3333333333333335,43.0,42.0,7.0,5.0,5.364238410596027,5.333333333333333,51.0,72.0,0,,,,,,
776409,2025-09-08,R,Washington Nationals,Miami Marlins,15,7,0,Cade Cavalli,Janson Junk,16.0,5.666666666666667,7.071428571428571,6.333333333333333,54.0,90.0,6.0,5.0,2.589041095890411,4.333333333333333,44.0,63.0,0,,,,,,
776410,2025-09-08,R,Boston Red Sox,Athletics,7,0,0,Garrett Crochet,Luis Morales,7.0,5.666666666666667,3.9461538461538463,3.0,76.0,54.0,6.0,6.0,4.0588235294117645,3.0,56.0,61.0,0,,,,,,
776411,2025-09-08,R,Minnesota Twins,Los Angeles Angels,12,3,0,Simeon Woods Richardson,Caden Dana,5.0,5.0,5.326530612244898,3.0,44.0,76.0,6.0,5.0,9.0,3.6666666666666665,63.0,89.0,0,,,,,,
776412,2025-09-08,R,Chicago Cubs,Atlanta Braves,1,4,1,Shota Imanaga,Bryce Elder,5.0,7.0,7.061538461538461,6.666666666666667,56.0,71.0,6.0,6.0,5.651162790697675,8.0,55.0,64.0,0,,,,,,
776413,2025-09-08,R,Kansas City Royals,Cleveland Guardians,2,10,1,Ryan Bergert,Slade Cecconi,6.0,5.333333333333333,3.1621621621621623,3.0,51.0,49.0,5.0,5.0,1.8837209302325582,3.6666666666666665,45.0,43.0,0,,,,,,
776388,2025-09-09,R,Tampa Bay Rays,Chicago White Sox,5,4,0,Adrian Houser,Yoendrys Gómez,6.0,5.0,5.741379310344827,0.0,63.0,78.0,6.0,7.0,2.6433566433566433,0.0,51.0,38.0,0,,,,,,
776389,2025-09-09,R,Colorado Rockies,Los Angeles Dodgers,2,7,1,Germán Márquez,Emmet Sheehan,6.0,4.666666666666667,4.839622641509434,2.0,39.0,43.0,6.0,5.0,5.4,3.0,52.0,75.0,1,,,,,,
776390,2025-09-09,R,Minnesota Twins,Los Angeles Angels,2,12,1,Zebby Matthews,Kyle Hendricks,5.0,6.0,6.12,4.333333333333333,43.0,88.0,6.0,6.0,8.0625,4.0,71.0,82.0,0,,,,,,
776391,2025-09-09,R,St. Louis Cardinals,Seattle Mariners,3,5,1,Matthew Liberatore,George Kirby,6.0,2.0,3.756521739130435,3.0,65.0,56.0,6.0,5.333333333333333,2.7794117647058822,3.0,44.0,55.0,1,,,,,,
776392,2025-09-09,R,Cincinnati Reds,San Diego Padres,4,2,0,Zack Littell,Michael King,31.0,2.0,3.68944099378882,4.333333333333333,60.0,59.0,6.0,4.333333333333333,6.2,4.333333333333333,57.0,69.0,1,,,,,,
776393,2025-09-09,R,Houston Astros,Toronto Blue Jays,3,4,1,Luis Garcia,Shane Bieber,6.0,6.0,5.4,0.0,65.0,61.0,8.0,6.0,2.953125,0.0,49.0,49.0,0,,,,,,
776394,2025-09-09,R,Arizona Diamondbacks,San Francisco Giants,3,5,1,Zac Gallen,Robbie Ray,6.0,4.666666666666667,3.6986301369863015,3.0,99.0,57.0,6.0,6.0,4.835820895522388,4.0,66.0,55.0,1,,,,,,
776395,2025-09-09,R,Milwaukee Brewers,Texas Rangers,4,5,1,Chad Patrick,Jack Leiter,6.0,6.0,4.764705882352941,3.3333333333333335,73.0,45.0,16.0,5.333333333333333,4.138686131386861,1.3333333333333333,63.0,53.0,1,,,,,,
776396,2025-09-09,R,Boston Red Sox,Athletics,6,0,0,Connelly Early,Jeffrey Springs,6.0,6.0,4.295454545454546,4.333333333333333,68.0,58.0,,,4.0,2.0,59.0,58.0,0,,,,,,
776397,2025-09-09,R,Washington Nationals,Miami Marlins,7,5,0,Mitchell Parker,Adam Mazur,7.0,6.0,7.9772727272727275,4.666666666666667,59.0,104.0,6.0,4.666666666666667,2.938775510204082,4.0,54.0,60.0,0,,,,,,
776398,2025-09-09,R,Detroit Tigers,New York Yankees,12,2,0,Casey Mize,Will Warren,6.0,5.0,3.292682926829268,0.0,73.0,39.0,6.0,5.0,4.138686131386861,0.0,51.0,57.0,0,,,,,,
776401,2025-09-09,R,Pittsburgh Pirates,Baltimore Orioles,2,3,1,Mike Burrows,Kyle Bradish,8.0,4.0,2.8509316770186337,0.0,50.0,59.0,17.0,4.0,3.576158940397351,0.0,49.0,47.0,0,,,,,,
776402,2025-09-09,R,Chicago Cubs,Atlanta Braves,6,1,0,Cade Horton,Spencer Strider,8.0,5.0,6.6,2.6666666666666665,59.0,70.0,6.0,5.0,5.6,2.0,56.0,68.0,1,,,,,,
776403,2025-09-09,R,Kansas City Royals,Cleveland Guardians,0,2,1,Noah Cameron,Joey Cantillo,6.0,6.0,2.8285714285714287,1.0,61.0,42.0,5.0,5.0,2.014925373134328,4.666666666666667,47.0,46.0,1,,,,,,
776404,2025-09-09,R,New York Mets,Philadelphia Phillies,3,9,1,Sean Manaea,Ranger Suarez,5.0,6.0,2.677685950413223,3.0,63.0,46.0,8.0,3.6666666666666665,4.242857142857143,2.6666666666666665,78.0,70.0,1,,,,,,
776373,2025-09-10,R,St. Louis Cardinals,Seattle Mariners,2,4,1,Michael McGreevy,Logan Gilbert,5.0,6.0,3.2033898305084745,5.0,64.0,52.0,5.0,4.0,2.7794117647058822,4.0,44.0,52.0,1,,,,,,
776374,2025-09-10,R,Arizona Diamondbacks,San Francisco Giants,5,3,0,Eduardo Rodriguez,Carson Seymour,5.0,5.0,3.8053691275167787,4.0,99.0,58.0,5.0,6.0,4.725,1.3333333333333333,61.0,51.0,1,,,,,,
776375,2025-09-10,R,Milwaukee Brewers,Texas Rangers,3,6,1,Freddy Peralta,Merrill Kelly,5.0,7.0,3.9767441860465116,4.333333333333333,71.0,46.0,6.0,5.0,3.573529411764706,3.6666666666666665,58.0,50.0,1,,,,,,
776376,2025-09-10,R,Minnesota Twins,Los Angeles Angels,3,4,1,Taj Bradley,José Ureña,20.0,5.0,6.5625,2.0,52.0,83.0,6.0,5.0,9.316901408450704,3.3333333333333335,66.0,89.0,0,,,,,,
776377,2025-09-10,R,Cincinnati Reds,San Diego Padres,2,1,0,Andrew Abbott,Nick Pivetta,5.0,6.0,3.7358490566037736,4.0,55.0,57.0,5.0,4.666666666666667,5.757352941176471,3.0,58.0,65.0,1,,,,,,
776378,2025-09-10,R,Tampa Bay Rays,Chicago White Sox,5,6,1,Griffin Jax,Sean Burke,25.0,3.6666666666666665,4.95,4.0,63.0,78.0,5.0,1.0,2.7364864864864864,3.6666666666666665,56.0,39.0,0,,,,,,
776379,2025-09-10,R,Boston Red Sox,Athletics,4,5,1,Payton Tolle,Mason Barnett,5.0,5.0,4.609756097560975,4.0,61.0,58.0,5.0,3.0,3.75,4.0,60.0,58.0,0,,,,,,
776380,2025-09-10,R,Colorado Rockies,Los Angeles Dodgers,0,9,1,Kyle Freeland,Blake Snell,6.0,5.0,4.86,2.0,40.0,42.0,5.0,8.0,5.7375,3.0,48.0,81.0,1,,,,,,
776381,2025-09-10,R,Chicago Cubs,Atlanta Braves,3,2,0,Jameson Taillon,Chris Sale,5.0,6.666666666666667,7.105263157894737,3.0,49.0,74.0,17.0,5.0,5.6,2.6666666666666665,60.0,64.0,1,,,,,,
776382,2025-09-10,R,Kansas City Royals,Cleveland Guardians,4,3,0,Jonathan Bowlan,Logan Allen,6.0,5.0,2.911764705882353,1.0,60.0,42.0,,,2.16,1.0,42.0,44.0,1,,,,,,
776383,2025-09-10,R,Detroit Tigers,New York Yankees,11,1,0,Jack Flaherty,Carlos Rodón,6.0,6.0,5.4,3.0,70.0,50.0,5.0,4.333333333333333,4.06015037593985,3.0,57.0,52.0,0,,,,,,
776384,2025-09-10,R,New York Mets,Philadelphia Phillies,3,11,1,Clay Holmes,Cristopher Sánchez,5.0,7.0,2.9745762711864407,3.0,67.0,43.0,7.0,4.666666666666667,4.764705882352941,3.0,75.0,74.0,1,,,,,,
776385,2025-09-10,R,Houston Astros,Toronto Blue Jays,3,2,0,Jason Alexander,José Berríos,8.0,2.0,4.11864406779661,4.333333333333333,64.0,57.0,7.0,5.0,3.1875,7.666666666666667,51.0,47.0,1,,,,,,
776386,2025-09-10,R,Washington Nationals,Miami Marlins,3,8,1,Jake Irvin,Eury Pérez,7.0,4.0,6.456521739130435,4.666666666666667,62.0,100.0,5.0,3.3333333333333335,3.0422535211267605,1.3333333333333333,60.0,60.0,0,,,,,,
776387,2025-09-10,R,Pittsburgh Pirates,Baltimore Orioles,1,2,1,Paul Skenes,Tyler Wells,8.0,5.0,2.4695121951219514,4.0,53.0,56.0,6.0,6.0,3.54375,6.0,43.0,47.0,1,,,,,,
776362,2025-09-11,R,Los Angeles Angels,Seattle Mariners,6,7,1,José Soriano,Bryce Miller,5.0,5.333333333333333,2.6390977443609023,8.333333333333334,64.0,51.0,6.0,2.3333333333333335,5.213793103448276,5.0,53.0,66.0,0,,,,,,
776364,2025-09-11,R,Tampa Bay Rays,Chicago White Sox,1,5,1,Ian Seymour,Shane Smith,6.0,5.0,4.176795580110498,4.666666666666667,68.0,71.0,11.0,5.0,3.4177215189873418,7.0,58.0,41.0,0,,,,,,
776365,2025-09-11,R,Colorado Rockies,San Diego Padres,0,2,1,McCade Brown,Randy Vásquez,5.0,6.0,4.235294117647059,2.0,53.0,55.0,5.0,1.6666666666666667,5.869565217391305,2.3333333333333335,48.0,86.0,0,,,,,,
776367,2025-09-11,R,Washington Nationals,Miami Marlins,0,5,1,MacKenzie Gore,Ryan Weathers,96.0,3.0,6.219101123595506,3.3333333333333335,69.0,91.0,16.0,5.0,3.425373134328358,3.0,61.0,57.0,0,,,,,,
776368,2025-09-11,R,Detroit Tigers,New York Yankees,3,9,1,Tyler Holton,Cam Schlittler,6.0,1.6666666666666667,7.024390243902439,3.0,60.0,59.0,71.0,2.0,3.9160305343511452,4.0,68.0,46.0,0,,,,,,
776369,2025-09-11,R,Houston Astros,Toronto Blue Jays,0,6,1,Cristian Javier,Kevin Gausman,6.0,8.0,4.422413793103448,3.6666666666666665,57.0,52.0,7.0,4.333333333333333,3.5625,2.0,50.0,49.0,1,,,,,,
776370,2025-09-11,R,Kansas City Royals,Cleveland Guardians,2,3,1,Stephen Kolek,Gavin Williams,6.0,7.0,3.4411764705882355,4.0,59.0,43.0,5.0,7.0,2.167883211678832,7.0,34.0,46.0,1,,,,,,
776371,2025-09-11,R,New York Mets,Philadelphia Phillies,4,6,1,David Peterson,Jesús Luzardo,5.0,6.0,2.9745762711864407,3.0,78.0,40.0,6.0,5.333333333333333,5.772413793103448,4.0,72.0,85.0,1,,,,,,
776372,2025-09-11,R,Pittsburgh Pirates,Baltimore Orioles,2,3,1,Johan Oviedo,Cade Povich,8.0,5.0,2.264516129032258,3.3333333333333335,53.0,54.0,6.0,5.0,3.857142857142857,4.0,42.0,48.0,1,,,,,,
776345,2025-09-12,R,Los Angeles Angels,Seattle Mariners,1,2,1,Yusei Kikuchi,Luis Castillo,5.0,6.0,2.3092105263157894,6.333333333333333,71.0,57.0,6.0,2.0,4.688622754491018,7.333333333333333,59.0,73.0,1,,,,,,
776350,2025-09-12,R,Los Angeles Dodgers,San Francisco Giants,1,5,1,Yoshinobu Yamamoto,Justin Verlander,6.0,6.0,3.857142857142857,0.0,86.0,57.0,6.0,8.666666666666666,5.010309278350515,0.0,44.0,41.0,0,,,,,,
776351,2025-09-12,R,Pittsburgh Pirates,Washington Nationals,5,6,1,Mitch Keller,Brad Lord,6.0,5.666666666666667,3.5874125874125875,3.0,61.0,62.0,6.0,6.333333333333333,3.5064935064935066,2.3333333333333335,43.0,47.0,0,,,,,,
776352,2025-09-12,R,Tampa Bay Rays,Chicago Cubs,4,6,1,Shane Baz,Matthew Boyd,6.0,7.0,4.4,0.0,57.0,50.0,6.0,5.0,3.5783132530120483,2.6666666666666665,59.0,46.0,0,,,,,,
776353,2025-09-12,R,Baltimore Orioles,Toronto Blue Jays,1,6,1,Trevor Rogers,Chris Bassitt,6.0,5.0,4.422413793103448,0.0,63.0,52.0,6.0,5.333333333333333,2.1176470588235294,3.3333333333333335,54.0,53.0,0,,,,,,
776354,2025-09-12,R,Kansas City Royals,Philadelphia Phillies,2,8,1,Michael Lorenzen,Walker Buehler,24.0,4.0,3.1339285714285716,1.0,65.0,40.0,5.0,5.333333333333333,2.4893617021276597,1.3333333333333333,36.0,49.0,0,,,,,,
776355,2025-09-12,R,Arizona Diamondbacks,Minnesota Twins,8,9,1,Brandon Pfaadt,Pablo López,7.0,6.0,9.26865671641791,0.0,61.0,84.0,6.0,6.0,5.697247706422019,0.0,57.0,48.0,0,,,,,,
776356,2025-09-12,R,St. Louis Cardinals,Milwaukee Brewers,2,8,1,Andre Pallante,Quinn Priester,7.0,7.0,3.75,0.0,55.0,47.0,6.0,6.0,2.9779411764705883,0.0,41.0,53.0,0,,,,,,
776357,2025-09-12,R,Colorado Rockies,San Diego Padres,4,2,0,Tanner Gordon,JP Sears,18.0,3.6666666666666665,4.0,3.0,55.0,55.0,5.0,3.6666666666666665,5.530120481927711,3.6666666666666665,45.0,84.0,1,,,,,,
776358,2025-09-12,R,Cincinnati Reds,Athletics,0,3,1,Brady Singer,J.T. Ginn,6.0,5.0,4.466165413533835,0.0,59.0,62.0,6.0,6.0,5.8604651162790695,0.0,59.0,61.0,0,,,,,,
776359,2025-09-12,R,Texas Rangers,New York Mets,8,3,0,Jacob deGrom,Jonah Tong,6.0,6.0,6.464788732394366,3.0,72.0,84.0,6.0,5.333333333333333,3.888,0.0,57.0,46.0,0,,,,,,
776360,2025-09-12,R,Houston Astros,Atlanta Braves,11,3,0,Jayden Murray,Hurston Waldrep,6.0,5.0,5.443548387096774,0.0,35.0,57.0,,,3.664285714285714,2.0,46.0,52.0,0,,,,,,
776361,2025-09-12,R,Chicago White Sox,Cleveland Guardians,0,4,1,Martín Pérez,Tanner Bibee,6.0,6.666666666666667,3.1621621621621623,3.0,62.0,45.0,6.0,4.0,3.702857142857143,3.3333333333333335,69.0,62.0,0,,,,,,
776363,2025-09-12,R,New York Yankees,Boston Red Sox,4,1,0,Luis Gil,Lucas Giolito,6.0,5.0,4.224489795918367,0.0,58.0,59.0,6.0,6.0,7.65,3.0,59.0,58.0,0,,,,,,
776366,2025-09-12,R,Detroit Tigers,Miami Marlins,2,8,1,Tarik Skubal,Sandy Alcantara,6.0,6.0,6.017142857142857,4.0,67.0,87.0,6.0,7.0,4.618421052631579,7.0,71.0,55.0,0,,,,,,
776328,2025-09-13,R,Los Angeles Dodgers,San Francisco Giants,13,7,0,Clayton Kershaw,Logan Webb,5.0,6.0,3.6241610738255035,3.0,76.0,50.0,6.0,5.666666666666667,6.096774193548387,2.3333333333333335,45.0,43.0,1,,,,,,
776333,2025-09-13,R,Los Angeles Angels,Seattle Mariners,3,5,1,Mitch Farris,Bryan Woo,5.0,6.0,1.89171974522293,3.0,69.0,53.0,6.0,6.0,4.774390243902439,2.0,60.0,73.0,1,,,,,,
776336,2025-09-13,R,Pittsburgh Pirates,Washington Nationals,5,1,0,Bubba Chandler,Andrew Alvarez,6.0,4.666666666666667,3.75,3.0,66.0,63.0,6.0,2.6666666666666665,4.235294117647059,2.6666666666666665,44.0,51.0,1,,,,,,
776337,2025-09-13,R,Arizona Diamondbacks,Minnesota Twins,5,2,0,Ryne Nelson,Joe Ryan,7.0,2.0,10.05109489051095,4.0,63.0,88.0,6.0,6.0,6.5675675675675675,3.6666666666666665,62.0,57.0,1,,,,,,
776338,2025-09-13,R,Tampa Bay Rays,Chicago Cubs,5,4,0,Drew Rasmussen,Colin Rea,12.0,4.0,3.6,4.0,52.0,47.0,6.0,5.0,3.6964285714285716,5.666666666666667,59.0,51.0,1,,,,,,
776339,2025-09-13,R,St. Louis Cardinals,Milwaukee Brewers,8,9,1,Sonny Gray,Jacob Misiorowski,6.0,7.0,3.190909090909091,3.6666666666666665,56.0,47.0,6.0,5.333333333333333,3.1153846153846154,3.0,36.0,56.0,1,,,,,,
776340,2025-09-13,R,Cincinnati Reds,Athletics,5,11,1,Hunter Greene,Luis Severino,6.0,5.0,3.9416058394160585,4.666666666666667,60.0,57.0,6.0,7.0,6.0,2.0,54.0,57.0,1,,,,,,
776341,2025-09-13,R,Colorado Rockies,San Diego Padres,3,11,1,Bradley Blalock,Dylan Cease,6.0,5.0,3.5217391304347827,4.666666666666667,53.0,52.0,30.0,3.6666666666666665,5.366459627329193,3.0,42.0,75.0,1,,,,,,
776342,2025-09-13,R,Kansas City Royals,Philadelphia Phillies,6,8,1,Ryan Bergert,Taijuan Walker,6.0,6.0,3.375,4.0,71.0,41.0,5.0,3.3333333333333335,2.7194244604316546,5.0,35.0,52.0,1,,,,,,
776343,2025-09-13,R,Baltimore Orioles,Toronto Blue Jays,4,5,1,Tomoyuki Sugano,Max Scherzer,6.0,4.333333333333333,3.230769230769231,4.0,67.0,46.0,6.0,3.0,2.204081632653061,3.0,47.0,44.0,1,,,,,,
776344,2025-09-13,R,New York Yankees,Boston Red Sox,5,3,0,Max Fried,Brayan Bello,6.0,6.0,4.2534246575342465,3.3333333333333335,57.0,59.0,6.0,7.0,7.65,3.0,53.0,57.0,0,,,,,,
776346,2025-09-13,R,Houston Astros,Atlanta Braves,6,2,0,Hunter Brown,Bryce Elder,5.0,6.333333333333333,5.2388059701492535,4.333333333333333,37.0,66.0,7.0,6.0,3.9865771812080535,6.0,55.0,55.0,0,,,,,,
776347,2025-09-13,R,Detroit Tigers,Miami Marlins,4,6,1,Charlie Morton,Janson Junk,5.0,4.333333333333333,4.245283018867925,2.0,66.0,70.0,6.0,3.0,5.4,4.666666666666667,68.0,60.0,1,,,,,,
776348,2025-09-13,R,Chicago White Sox,Cleveland Guardians,1,3,1,Davis Martin,Parker Messick,6.0,6.0,3.4411764705882355,0.0,61.0,41.0,6.0,5.333333333333333,3.292682926829268,1.3333333333333333,67.0,56.0,1,,,,,,
776349,2025-09-13,R,Texas Rangers,New York Mets,3,2,0,Patrick Corbin,Brandon Sproat,6.0,6.0,5.4,8.333333333333334,56.0,83.0,6.0,5.666666666666667,3.9836065573770494,2.0,60.0,47.0,0,,,,,,
776317,2025-09-14,R,Los Angeles Angels,Seattle Mariners,2,11,1,Kyle Hendricks,George Kirby,5.0,4.0,1.85625,3.0,71.0,52.0,5.0,7.0,4.688622754491018,4.0,59.0,77.0,1,,,,,,
776320,2025-09-14,R,Pittsburgh Pirates,Washington Nationals,3,4,1,Mike Burrows,Cade Cavalli,6.0,5.0,4.6875,3.0,66.0,64.0,5.0,4.0,4.14,3.0,39.0,49.0,1,,,,,,
776321,2025-09-14,R,Tampa Bay Rays,Chicago Cubs,3,4,1,Adrian Houser,Shota Imanaga,6.0,6.0,3.9416058394160585,3.6666666666666665,52.0,49.0,5.0,5.333333333333333,3.6964285714285716,4.0,60.0,54.0,1,,,,,,
776322,2025-09-14,R,Baltimore Orioles,Toronto Blue Jays,2,11,1,Albert Suárez,Shane Bieber,5.0,5.666666666666667,2.8536585365853657,4.0,71.0,46.0,,,2.7181208053691277,2.6666666666666665,40.0,48.0,1,,,,,,
776323,2025-09-14,R,Colorado Rockies,San Diego Padres,6,9,1,Germán Márquez,Yu Darvish,6.0,5.666666666666667,3.930379746835443,3.0,52.0,52.0,5.0,5.0,6.204968944099379,5.0,42.0,82.0,1,,,,,,
776324,2025-09-14,R,Arizona Diamondbacks,Minnesota Twins,6,4,0,Nabil Crismatt,Bailey Ober,7.0,5.333333333333333,8.118881118881118,6.0,62.0,81.0,6.0,4.0,6.631578947368421,4.0,61.0,58.0,1,,,,,,
776325,2025-09-14,R,Los Angeles Dodgers,San Francisco Giants,10,2,0,Tyler Glasnow,Robbie Ray,5.0,5.0,3.6986301369863015,5.0,82.0,52.0,6.0,7.0,5.4,6.0,57.0,44.0,1,,,,,,
776326,2025-09-14,R,St. Louis Cardinals,Milwaukee Brewers,3,2,0,Miles Mikolas,Jose Quintana,6.0,6.666666666666667,3.4913793103448274,5.0,61.0,54.0,6.0,5.0,4.029850746268656,4.333333333333333,40.0,63.0,1,,,,,,
776327,2025-09-14,R,Cincinnati Reds,Athletics,4,7,1,Nick Lodolo,Luis Morales,6.0,4.666666666666667,3.2238805970149254,4.0,68.0,53.0,6.0,5.0,6.595419847328245,5.666666666666667,57.0,64.0,1,,,,,,
776329,2025-09-14,R,Houston Astros,Atlanta Braves,3,8,1,Framber Valdez,Joey Wentz,7.0,2.3333333333333335,4.927007299270073,4.666666666666667,37.0,69.0,7.0,7.0,3.4662162162162162,2.3333333333333335,60.0,53.0,0,,,,,,
776330,2025-09-14,R,New York Yankees,Boston Red Sox,4,6,1,Will Warren,Garrett Crochet,6.0,7.0,3.857142857142857,4.0,57.0,54.0,5.0,6.0,7.913793103448276,3.6666666666666665,53.0,57.0,0,,,,,,
776331,2025-09-14,R,Chicago White Sox,Cleveland Guardians,2,3,1,Yoendrys Gómez,Slade Cecconi,6.0,8.0,2.8285714285714287,3.0,60.0,39.0,5.0,5.0,3.2264150943396226,3.0,65.0,54.0,1,,,,,,
776332,2025-09-14,R,Detroit Tigers,Miami Marlins,2,0,0,Keider Montero,Adam Mazur,5.0,4.333333333333333,3.9056603773584904,5.0,61.0,66.0,51.0,4.0,5.166666666666667,6.333333333333333,71.0,63.0,1,,,,,,
776334,2025-09-14,R,Kansas City Royals,Philadelphia Phillies,10,3,0,Noah Cameron,Aaron Nola,6.0,6.0,3.756521739130435,4.0,76.0,45.0,5.0,7.0,3.612676056338028,4.0,38.0,59.0,1,,,,,,
776335,2025-09-14,R,Texas Rangers,New York Mets,2,5,1,Jacob Latz,Nolan McLean,6.0,5.333333333333333,5.664335664335664,3.0,50.0,75.0,6.0,5.666666666666667,4.0078125,4.666666666666667,54.0,46.0,0,,,,,,
776309,2025-09-15,R,San Francisco Giants,Arizona Diamondbacks,1,8,1,Kai-Wei Teng,Zac Gallen,6.0,6.666666666666667,6.808695652173913,4.0,63.0,57.0,8.0,4.0,4.348993288590604,5.0,71.0,60.0,0,,,,,,
776311,2025-09-15,R,Philadelphia Phillies,Los Angeles Dodgers,6,5,0,Ranger Suarez,Anthony Banda,,,4.839622641509434,2.3333333333333335,62.0,42.0,6.0,6.0,3.923076923076923,3.0,78.0,52.0,0,,,,,,
776312,2025-09-15,R,Cincinnati Reds,St. Louis Cardinals,11,6,0,Zack Littell,Matthew Liberatore,6.0,4.0,3.5474452554744524,4.0,39.0,58.0,6.0,6.0,6.8538461538461535,2.6666666666666665,54.0,67.0,0,,,,,,
776313,2025-09-15,R,New York Yankees,Minnesota Twins,0,7,1,Carlos Rodón,Simeon Woods Richardson,7.0,5.0,7.9520547945205475,3.0,59.0,85.0,5.0,6.0,7.615384615384615,3.0,55.0,60.0,0,,,,,,
776314,2025-09-15,R,Baltimore Orioles,Chicago White Sox,4,1,0,Kyle Bradish,Tyler Gilbert,139.0,2.0,3.3962264150943398,3.0,64.0,55.0,6.0,7.0,3.96,5.0,40.0,46.0,0,,,,,,
776315,2025-09-15,R,Atlanta Braves,Washington Nationals,11,3,0,Spencer Strider,Mitchell Parker,6.0,7.666666666666667,4.891304347826087,4.0,66.0,60.0,6.0,6.0,4.943661971830986,5.0,42.0,71.0,0,,,,,,
776316,2025-09-15,R,Toronto Blue Jays,Tampa Bay Rays,2,1,0,Trey Yesavage,Joe Boyle,25.0,4.0,4.166666666666667,2.0,56.0,54.0,,,3.230769230769231,3.0,74.0,44.0,0,,,,,,
776318,2025-09-15,R,Chicago Cubs,Pittsburgh Pirates,4,0,0,Jameson Taillon,Braxton Ashcraft,12.0,3.0,3.9078947368421053,3.6666666666666665,40.0,48.0,5.0,4.333333333333333,3.3986013986013988,4.0,51.0,46.0,0,,,,,,
776319,2025-09-15,R,Texas Rangers,Houston Astros,3,6,1,Jack Leiter,Jason Alexander,5.0,7.0,3.576158940397351,4.0,63.0,58.0,6.0,4.666666666666667,3.3488372093023258,4.333333333333333,47.0,45.0,0,,,,,,
776293,2025-09-16,R,Miami Marlins,Colorado Rockies,6,5,0,Eury Pérez,Kyle Freeland,6.0,5.666666666666667,5.8471337579617835,0.0,40.0,78.0,6.0,5.666666666666667,4.3125,0.0,56.0,65.0,0,,,,,,
776294,2025-09-16,R,San Francisco Giants,Arizona Diamondbacks,5,6,1,Tristan Beck,Eduardo Rodriguez,6.0,6.333333333333333,6.267857142857143,3.0,66.0,51.0,,,5.4,4.0,64.0,66.0,1,,,,,,
776295,2025-09-16,R,Los Angeles Angels,Milwaukee Brewers,2,9,1,Caden Dana,Freddy Peralta,6.0,5.0,2.0377358490566038,0.0,51.0,39.0,8.0,4.666666666666667,4.5,0.0,55.0,80.0,0,,,,,,
776297,2025-09-16,R,Philadelphia Phillies,Los Angeles Dodgers,9,6,0,Cristopher Sánchez,Shohei Ohtani,11.0,3.6666666666666665,4.6,9.666666666666666,67.0,48.0,6.0,6.0,4.026315789473684,4.0,74.0,49.0,0,,,,,,
776298,2025-09-16,R,New York Yankees,Minnesota Twins,10,9,0,Cam Schlittler,Zebby Matthews,7.0,4.666666666666667,7.741258741258742,3.0,61.0,79.0,5.0,6.0,8.341463414634147,2.0,55.0,67.0,1,,,,,,
776300,2025-09-16,R,Cincinnati Reds,St. Louis Cardinals,0,3,1,Andrew Abbott,Michael McGreevy,6.0,6.0,4.335766423357664,3.0,42.0,58.0,6.0,8.0,6.545454545454546,3.3333333333333335,60.0,69.0,0,,,,,,
776301,2025-09-16,R,Texas Rangers,Houston Astros,5,6,1,Merrill Kelly,AJ Blubaugh,139.0,4.0,3.4838709677419355,4.333333333333333,61.0,58.0,6.0,5.666666666666667,3.6,1.3333333333333333,43.0,46.0,1,,,,,,
776302,2025-09-16,R,Seattle Mariners,Kansas City Royals,12,5,0,Logan Gilbert,Michael Wacha,11.0,5.666666666666667,4.0,0.0,48.0,57.0,6.0,4.666666666666667,1.469387755102041,0.0,76.0,42.0,0,,,,,,
776303,2025-09-16,R,Cleveland Guardians,Detroit Tigers,7,5,0,Joey Cantillo,Casey Mize,7.0,6.0,4.973684210526316,0.0,60.0,53.0,7.0,8.0,2.297872340425532,0.0,57.0,31.0,0,,,,,,
776304,2025-09-16,R,San Diego Padres,New York Mets,3,8,1,Michael King,Clay Holmes,6.0,4.0,6.214285714285714,0.0,44.0,64.0,7.0,5.0,3.3503649635036497,0.0,56.0,47.0,0,,,,,,
776305,2025-09-16,R,Toronto Blue Jays,Tampa Bay Rays,6,5,0,José Berríos,Ryan Pepiot,12.0,5.0,3.857142857142857,5.0,47.0,54.0,6.0,5.333333333333333,2.3203125,6.0,72.0,40.0,0,,,,,,
776306,2025-09-16,R,Baltimore Orioles,Chicago White Sox,8,7,0,Dean Kremer,Shane Smith,5.0,5.666666666666667,3.5217391304347827,8.0,59.0,54.0,11.0,3.0,4.040816326530612,4.0,40.0,44.0,0,,,,,,
776308,2025-09-16,R,Chicago Cubs,Pittsburgh Pirates,4,1,0,Cade Horton,Paul Skenes,6.0,5.0,3.718562874251497,5.0,40.0,52.0,7.0,6.333333333333333,3.0223880597014925,3.0,48.0,40.0,0,,,,,,
776310,2025-09-16,R,Athletics,Boston Red Sox,2,1,0,Jeffrey Springs,Connelly Early,7.0,5.0,4.0,0.0,52.0,52.0,7.0,5.0,2.763779527559055,0.0,58.0,45.0,0,,,,,,
777825,2025-09-16,R,Atlanta Braves,Washington Nationals,6,3,0,José Suarez,Jake Irvin,6.0,5.0,5.869565217391305,4.0,67.0,71.0,,,5.037313432835821,2.0,47.0,67.0,0,,,,,,
776307,2025-09-16,R,Atlanta Braves,Washington Nationals,5,0,0,Chris Sale,MacKenzie Gore,5.0,5.0,5.6938775510204085,4.0,70.0,77.0,6.0,5.0,5.014285714285714,2.0,53.0,70.0,0,,,,,,
776277,2025-09-17,R,Miami Marlins,Colorado Rockies,8,4,0,Ryan Weathers,McCade Brown,6.0,4.333333333333333,5.5928571428571425,3.3333333333333335,41.0,77.0,6.0,5.0,4.86,4.0,60.0,65.0,0,,,,,,
776279,2025-09-17,R,San Francisco Giants,Arizona Diamondbacks,5,1,0,Justin Verlander,Brandon Pfaadt,5.0,4.666666666666667,5.818965517241379,4.0,67.0,53.0,5.0,7.0,5.470588235294118,5.0,62.0,68.0,1,,,,,,
776280,2025-09-17,R,Philadelphia Phillies,Los Angeles Dodgers,0,5,1,Jesús Luzardo,Blake Snell,7.0,6.0,5.282608695652174,4.0,66.0,48.0,6.0,8.0,4.275,2.0,83.0,55.0,0,,,,,,
776283,2025-09-17,R,Cincinnati Reds,St. Louis Cardinals,6,2,0,Brady Singer,Andre Pallante,5.0,5.0,4.432835820895522,2.0,43.0,57.0,5.0,6.0,5.720338983050848,3.3333333333333335,51.0,60.0,0,,,,,,
776284,2025-09-17,R,New York Yankees,Minnesota Twins,10,5,0,Luis Gil,Taj Bradley,7.0,6.333333333333333,6.1610738255033555,6.0,67.0,77.0,5.0,6.0,8.930769230769231,4.333333333333333,58.0,75.0,1,,,,,,
776285,2025-09-17,R,Baltimore Orioles,Chicago White Sox,3,1,0,Tyler Wells,Martín Pérez,5.0,6.666666666666667,3.7409638554216866,4.666666666666667,54.0,59.0,7.0,6.666666666666667,5.027586206896552,3.3333333333333335,42.0,49.0,0,,,,,,
776286,2025-09-17,R,Atlanta Braves,Washington Nationals,9,4,0,Hurston Waldrep,Brad Lord,5.0,6.0,6.342281879194631,7.666666666666667,65.0,80.0,5.0,4.666666666666667,5.2388059701492535,4.0,55.0,66.0,0,,,,,,
776287,2025-09-17,R,Chicago Cubs,Pittsburgh Pirates,8,4,0,Matthew Boyd,Johan Oviedo,6.0,5.666666666666667,3.0,5.333333333333333,32.0,49.0,5.0,5.0,2.9562043795620436,4.0,48.0,38.0,0,,,,,,
776288,2025-09-17,R,San Diego Padres,New York Mets,7,4,0,Nick Pivetta,David Peterson,6.0,5.0,5.5227272727272725,5.0,40.0,62.0,7.0,7.0,3.153284671532847,5.0,57.0,49.0,1,,,,,,
776289,2025-09-17,R,Seattle Mariners,Kansas City Royals,5,7,1,Bryce Miller,Cole Ragans,104.0,3.0,4.096551724137931,6.333333333333333,52.0,64.0,6.0,5.666666666666667,1.4594594594594594,3.3333333333333335,83.0,41.0,0,,,,,,
776290,2025-09-17,R,Toronto Blue Jays,Tampa Bay Rays,1,2,1,Kevin Gausman,Ian Seymour,6.0,5.333333333333333,3.640449438202247,7.333333333333333,46.0,55.0,6.0,9.0,2.2131147540983607,5.0,66.0,36.0,0,,,,,,
776291,2025-09-17,R,Los Angeles Angels,Milwaukee Brewers,2,9,1,José Soriano,Brandon Woodruff,11.0,6.0,2.1130434782608694,3.0,60.0,41.0,6.0,4.0,5.112426035502959,4.333333333333333,52.0,88.0,1,,,,,,
776292,2025-09-17,R,Texas Rangers,Houston Astros,2,5,1,Jacob deGrom,Cristian Javier,6.0,6.0,4.024844720496894,6.0,66.0,56.0,5.0,7.0,2.763779527559055,5.0,45.0,47.0,1,,,,,,
776296,2025-09-17,R,Cleveland Guardians,Detroit Tigers,4,0,0,Gavin Williams,Jack Flaherty,7.0,5.0,4.470198675496689,4.666666666666667,60.0,48.0,6.0,6.0,1.8712871287128714,5.0,57.0,25.0,0,,,,,,
776299,2025-09-17,R,Athletics,Boston Red Sox,4,5,1,Mason Barnett,Lucas Giolito,5.0,5.666666666666667,4.138686131386861,3.6666666666666665,42.0,47.0,7.0,3.6666666666666665,2.2330827067669174,5.0,59.0,44.0,0,,,,,,
776269,2025-09-18,R,Toronto Blue Jays,Tampa Bay Rays,0,4,1,Chris Bassitt,Shane Baz,6.0,2.3333333333333335,3.640449438202247,2.0,39.0,52.0,6.0,5.0,1.815126050420168,2.0,54.0,29.0,0,,,,,,
776270,2025-09-18,R,Miami Marlins,Colorado Rockies,9,7,0,Sandy Alcantara,Tanner Gordon,6.0,6.0,5.286713286713287,5.0,37.0,75.0,6.0,7.0,4.411764705882353,5.0,63.0,59.0,0,,,,,,
776271,2025-09-18,R,San Francisco Giants,Los Angeles Dodgers,1,2,1,Logan Webb,Yoshinobu Yamamoto,6.0,7.0,5.2388059701492535,2.0,71.0,45.0,5.0,4.0,4.973684210526316,4.0,57.0,61.0,0,,,,,,
776272,2025-09-18,R,Seattle Mariners,Kansas City Royals,2,0,0,Luis Castillo,Stephen Kolek,7.0,6.666666666666667,3.9865771812080535,5.333333333333333,56.0,65.0,6.0,6.0,2.1366906474820144,3.0,84.0,39.0,0,,,,,,
776274,2025-09-18,R,Los Angeles Angels,Milwaukee Brewers,2,5,1,Yusei Kikuchi,Quinn Priester,6.0,5.333333333333333,2.26890756302521,4.0,63.0,40.0,6.0,6.0,5.491525423728813,6.666666666666667,50.0,94.0,1,,,,,,
776275,2025-09-18,R,Cleveland Guardians,Detroit Tigers,3,1,0,Tanner Bibee,Tarik Skubal,6.0,3.3333333333333335,4.827814569536423,4.0,54.0,50.0,6.0,9.0,1.8173076923076923,4.0,53.0,24.0,0,,,,,,
776276,2025-09-18,R,San Diego Padres,New York Mets,1,6,1,Randy Vásquez,Jonah Tong,6.0,0.6666666666666666,5.037313432835821,4.0,42.0,63.0,7.0,6.0,3.3230769230769233,4.333333333333333,59.0,46.0,1,,,,,,
776278,2025-09-18,R,New York Yankees,Baltimore Orioles,7,0,0,Max Fried,Cade Povich,7.0,5.666666666666667,4.943661971830986,3.0,38.0,45.0,5.0,5.333333333333333,7.455223880597015,4.333333333333333,61.0,72.0,0,,,,,,
776281,2025-09-18,R,Athletics,Boston Red Sox,5,3,0,J.T. Ginn,Brayan Bello,5.0,5.0,3.13953488372093,5.666666666666667,46.0,43.0,6.0,4.333333333333333,1.6993006993006994,5.333333333333333,62.0,44.0,0,,,,,,
776282,2025-09-18,R,Chicago Cubs,Cincinnati Reds,0,1,1,Colin Rea,Hunter Greene,5.0,2.3333333333333335,4.026315789473684,3.3333333333333335,48.0,49.0,5.0,5.333333333333333,1.8881118881118881,6.0,55.0,37.0,0,,,,,,
776251,2025-09-19,R,Miami Marlins,Texas Rangers,6,4,0,Janson Junk,Tyler Mahle,101.0,5.666666666666667,2.7,0.0,47.0,50.0,6.0,6.0,4.89375,2.3333333333333335,72.0,66.0,0,,,,,,
776253,2025-09-19,R,Los Angeles Angels,Colorado Rockies,6,7,1,Mitch Farris,Bradley Blalock,6.0,3.0,5.684210526315789,3.0,44.0,84.0,6.0,4.0,5.612359550561798,2.3333333333333335,49.0,95.0,0,,,,,,
776255,2025-09-19,R,Philadelphia Phillies,Arizona Diamondbacks,8,2,0,Taijuan Walker,Ryne Nelson,6.0,6.0,6.929203539823009,0.0,66.0,58.0,6.0,5.0,5.142857142857143,0.0,78.0,54.0,0,,,,,,
776256,2025-09-19,R,San Francisco Giants,Los Angeles Dodgers,3,6,1,Robbie Ray,Clayton Kershaw,6.0,3.0,5.360294117647059,3.6666666666666665,70.0,41.0,5.0,4.0,4.877419354838709,1.0,58.0,63.0,1,,,,,,
776259,2025-09-19,R,Washington Nationals,New York Mets,6,12,1,Andrew Alvarez,Brandon Sproat,6.0,6.0,4.623287671232877,4.0,48.0,64.0,6.0,6.0,7.714285714285714,0.0,59.0,84.0,0,,,,,,
776260,2025-09-19,R,Toronto Blue Jays,Kansas City Royals,1,20,1,Max Scherzer,Michael Lorenzen,7.0,3.0,4.183098591549296,1.6666666666666667,52.0,64.0,6.0,5.0,1.8692307692307693,3.6666666666666665,54.0,33.0,0,,,,,,
776261,2025-09-19,R,Boston Red Sox,Tampa Bay Rays,11,7,0,Garrett Crochet,Drew Rasmussen,6.0,5.0,3.337078651685393,4.0,39.0,50.0,5.0,6.0,2.8125,5.0,49.0,48.0,0,,,,,,
776262,2025-09-19,R,Seattle Mariners,Houston Astros,4,0,0,Bryan Woo,Hunter Brown,6.0,6.666666666666667,3.0,0.0,59.0,43.0,6.0,6.0,2.0067567567567566,3.0,86.0,39.0,0,,,,,,
776263,2025-09-19,R,Cleveland Guardians,Minnesota Twins,6,2,0,Parker Messick,Pablo López,7.0,5.0,5.286713286713287,0.0,61.0,72.0,6.0,6.0,1.8173076923076923,3.0,54.0,21.0,0,,,,,,
776264,2025-09-19,R,San Diego Padres,Chicago White Sox,3,4,1,Dylan Cease,Davis Martin,6.0,5.0,2.5714285714285716,0.0,40.0,51.0,6.0,6.0,3.306122448979592,5.666666666666667,60.0,52.0,0,,,,,,
776265,2025-09-19,R,Milwaukee Brewers,St. Louis Cardinals,1,7,1,Jacob Misiorowski,Sonny Gray,6.0,5.0,4.6,0.0,40.0,62.0,6.0,5.0,1.8461538461538463,3.3333333333333335,68.0,40.0,0,,,,,,
776266,2025-09-19,R,Athletics,Pittsburgh Pirates,4,3,0,Luis Severino,Mitch Keller,7.0,5.333333333333333,2.938775510204082,0.0,28.0,54.0,6.0,5.0,1.7763157894736843,3.0,67.0,47.0,0,,,,,,
776267,2025-09-19,R,Chicago Cubs,Cincinnati Reds,4,7,1,Shota Imanaga,Nick Lodolo,5.0,5.333333333333333,4.026315789473684,0.0,49.0,49.0,5.0,5.0,1.8493150684931507,1.0,55.0,38.0,1,,,,,,
776268,2025-09-19,R,Atlanta Braves,Detroit Tigers,10,1,0,Bryce Elder,Charlie Morton,6.0,4.0,4.89375,3.0,55.0,53.0,6.0,4.333333333333333,5.207142857142857,0.0,59.0,69.0,0,,,,,,
776273,2025-09-19,R,New York Yankees,Baltimore Orioles,2,4,1,Will Warren,Trevor Rogers,7.0,5.0,5.259740259740259,4.0,38.0,52.0,5.0,5.0,7.213740458015267,2.0,60.0,68.0,0,,,,,,
776233,2025-09-20,R,San Francisco Giants,Los Angeles Dodgers,5,7,1,Kai-Wei Teng,Tyler Glasnow,6.0,6.666666666666667,5.2,4.666666666666667,75.0,42.0,5.0,4.0,4.9411764705882355,3.3333333333333335,53.0,67.0,1,,,,,,
776241,2025-09-20,R,Los Angeles Angels,Colorado Rockies,3,0,0,Kyle Hendricks,Germán Márquez,6.0,2.3333333333333335,5.366459627329193,4.0,48.0,90.0,6.0,3.3333333333333335,5.591715976331361,3.6666666666666665,51.0,92.0,1,,,,,,
776242,2025-09-20,R,Miami Marlins,Texas Rangers,4,3,0,Adam Mazur,Jack Leiter,5.0,6.666666666666667,2.9562043795620436,7.333333333333333,47.0,53.0,6.0,6.0,3.9554140127388533,5.0,75.0,61.0,0,,,,,,
776244,2025-09-20,R,Milwaukee Brewers,St. Louis Cardinals,3,2,0,Chad Patrick,Miles Mikolas,6.0,5.0,4.395348837209302,3.0,45.0,55.0,11.0,4.333333333333333,2.8306451612903225,4.333333333333333,64.0,45.0,1,,,,,,
776245,2025-09-20,R,Toronto Blue Jays,Kansas City Royals,1,2,1,Shane Bieber,Noah Cameron,6.0,7.0,4.367647058823529,1.3333333333333333,70.0,64.0,6.0,6.0,3.9865771812080535,7.333333333333333,48.0,52.0,1,,,,,,
776246,2025-09-20,R,Philadelphia Phillies,Arizona Diamondbacks,3,4,1,Aaron Nola,Zac Gallen,5.0,6.0,6.982758620689655,4.0,58.0,61.0,6.0,6.0,4.2631578947368425,5.0,77.0,53.0,0,,,,,,
776247,2025-09-20,R,Boston Red Sox,Tampa Bay Rays,6,3,0,Kyle Harrison,Adrian Houser,6.0,6.0,3.7674418604651163,6.0,45.0,54.0,102.0,5.0,2.739130434782609,3.0,55.0,45.0,0,,,,,,
776248,2025-09-20,R,Seattle Mariners,Houston Astros,6,4,0,George Kirby,Framber Valdez,6.0,4.0,3.654135338345865,3.0,56.0,43.0,6.0,6.333333333333333,1.4025974025974026,4.0,89.0,35.0,0,,,,,,
776249,2025-09-20,R,Athletics,Pittsburgh Pirates,0,2,1,Luis Morales,Bubba Chandler,7.0,6.0,2.3877551020408165,4.0,29.0,53.0,6.0,5.0,1.7763157894736843,4.0,61.0,46.0,0,,,,,,
776250,2025-09-20,R,San Diego Padres,Chicago White Sox,7,3,0,Yu Darvish,Yoendrys Gómez,6.0,5.0,2.4375,3.0,37.0,49.0,6.0,5.0,3.122448979591837,2.0,63.0,53.0,1,,,,,,
776252,2025-09-20,R,Washington Nationals,New York Mets,5,3,0,Cade Cavalli,Nolan McLean,6.0,6.0,4.86,5.0,55.0,66.0,6.0,5.0,8.081632653061224,4.666666666666667,60.0,85.0,1,,,,,,
776254,2025-09-20,R,Chicago Cubs,Cincinnati Reds,3,6,1,Javier Assad,Zack Littell,5.0,5.666666666666667,4.026315789473684,4.333333333333333,52.0,48.0,15.0,5.333333333333333,2.25,3.0,48.0,40.0,1,,,,,,
776257,2025-09-20,R,New York Yankees,Baltimore Orioles,6,1,0,Carlos Rodón,Tomoyuki Sugano,7.0,6.0,5.772413793103448,3.0,40.0,53.0,5.0,6.0,7.615384615384615,2.6666666666666665,61.0,65.0,0,,,,,,
776258,2025-09-20,R,Atlanta Braves,Detroit Tigers,6,5,0,Joey Wentz,Keider Montero,6.0,5.0,4.792899408284024,7.666666666666667,51.0,56.0,6.0,4.0,5.244604316546763,2.0,65.0,69.0,0,,,,,,
777839,2025-09-20,R,Cleveland Guardians,Minnesota Twins,6,0,0,Slade Cecconi,Joe Ryan,7.0,4.0,5.684210526315789,5.0,62.0,76.0,6.0,5.666666666666667,1.7339449541284404,3.6666666666666665,53.0,22.0,0,,,,,,
776243,2025-09-20,R,Cleveland Guardians,Minnesota Twins,8,0,0,Logan Allen,Bailey Ober,6.0,6.0,5.432926829268292,5.0,62.0,82.0,10.0,5.0,1.6434782608695653,3.6666666666666665,59.0,22.0,0,,,,,,
776225,2025-09-21,R,Cleveland Guardians,Minnesota Twins,2,6,1,Joey Cantillo,Simeon Woods Richardson,6.0,6.0,4.955696202531645,8.0,60.0,79.0,5.0,5.0,1.7027027027027026,3.0,64.0,20.0,0,,,,,,
776226,2025-09-21,R,Miami Marlins,Texas Rangers,4,2,0,Eury Pérez,Merrill Kelly,5.0,3.0,1.9852941176470589,3.3333333333333335,50.0,46.0,5.0,5.0,3.9754601226993866,5.0,77.0,60.0,0,,,,,,
776227,2025-09-21,R,San Francisco Giants,Los Angeles Dodgers,3,1,0,Trevor McDonald,Emmet Sheehan,12.0,7.0,4.408163265306122,4.0,79.0,43.0,,,5.0,5.0,56.0,71.0,1,,,,,,
776228,2025-09-21,R,Seattle Mariners,Houston Astros,7,3,0,Logan Gilbert,Jason Alexander,6.0,4.666666666666667,3.7445255474452557,4.333333333333333,49.0,49.0,5.0,5.666666666666667,2.1315789473684212,3.0,85.0,37.0,0,,,,,,
776229,2025-09-21,R,Toronto Blue Jays,Kansas City Royals,8,5,0,Trey Yesavage,Michael Wacha,5.0,2.6666666666666665,4.335766423357664,2.3333333333333335,61.0,63.0,6.0,5.0,3.910344827586207,1.6666666666666667,48.0,51.0,1,,,,,,
776230,2025-09-21,R,Philadelphia Phillies,Arizona Diamondbacks,2,9,1,Ranger Suarez,Eduardo Rodriguez,5.0,5.0,7.168141592920354,2.0,57.0,63.0,6.0,6.0,4.300884955752212,2.6666666666666665,76.0,55.0,0,,,,,,
776231,2025-09-21,R,Milwaukee Brewers,St. Louis Cardinals,1,5,1,Robert Gasser,Matthew Liberatore,6.0,6.0,4.2,5.0,44.0,56.0,,,2.4545454545454546,5.666666666666667,63.0,46.0,1,,,,,,
776232,2025-09-21,R,Los Angeles Angels,Colorado Rockies,1,3,1,Caden Dana,Kyle Freeland,5.0,5.666666666666667,5.4,2.0,40.0,83.0,5.0,3.6666666666666665,4.558441558441558,2.0,50.0,75.0,1,,,,,,
776234,2025-09-21,R,Athletics,Pittsburgh Pirates,0,11,1,Mitch Spence,Mike Burrows,7.0,4.333333333333333,1.966887417218543,4.0,30.0,49.0,74.0,6.0,1.4794520547945205,2.0,44.0,44.0,0,,,,,,
776235,2025-09-21,R,San Diego Padres,Chicago White Sox,3,2,0,Michael King,Sean Burke,11.0,4.333333333333333,3.2097902097902096,3.6666666666666665,40.0,50.0,5.0,3.0,2.3245033112582782,4.333333333333333,60.0,48.0,1,,,,,,
776236,2025-09-21,R,Boston Red Sox,Tampa Bay Rays,3,7,1,Connelly Early,Joe Boyle,6.0,6.0,3.834319526627219,3.0,46.0,57.0,5.0,5.333333333333333,2.9347826086956523,3.0,60.0,43.0,0,,,,,,
776237,2025-09-21,R,Washington Nationals,New York Mets,3,2,0,Jake Irvin,Sean Manaea,12.0,5.0,4.333333333333333,6.0,55.0,65.0,5.0,6.0,8.187096774193549,6.0,63.0,87.0,1,,,,,,
776238,2025-09-21,R,Atlanta Braves,Detroit Tigers,6,2,0,Spencer Strider,Casey Mize,5.0,5.333333333333333,4.922651933701657,6.0,50.0,62.0,6.0,7.0,4.273381294964029,4.0,69.0,64.0,0,,,,,,
776239,2025-09-21,R,Chicago Cubs,Cincinnati Reds,0,1,1,Jameson Taillon,Andrew Abbott,5.0,4.666666666666667,3.6923076923076925,4.0,52.0,48.0,6.0,6.0,2.88,4.0,50.0,44.0,1,,,,,,
776240,2025-09-21,R,New York Yankees,Baltimore Orioles,7,1,0,Cam Schlittler,Kyle Bradish,6.0,5.0,5.684210526315789,6.0,37.0,56.0,5.0,4.666666666666667,7.815789473684211,2.0,64.0,65.0,0,,,,,,
776220,2025-09-22,R,St. Louis Cardinals,San Francisco Giants,6,5,0,Michael McGreevy,Justin Verlander,5.0,7.0,5.09433962264151,3.0,56.0,68.0,6.0,7.0,4.169117647058823,4.0,45.0,54.0,0,,,,,,
776221,2025-09-22,R,Washington Nationals,Atlanta Braves,5,11,1,MacKenzie Gore,Chris Sale,6.0,8.0,3.0916030534351147,4.0,73.0,48.0,6.0,5.333333333333333,8.117647058823529,3.6666666666666665,60.0,86.0,0,,,,,,
776222,2025-09-22,R,Milwaukee Brewers,San Diego Padres,4,5,1,Freddy Peralta,Nick Pivetta,5.0,4.666666666666667,2.6821192052980134,4.0,55.0,49.0,6.0,6.0,2.6808510638297873,5.0,54.0,49.0,0,,,,,,
776207,2025-09-23,R,Kansas City Royals,Los Angeles Angels,8,4,0,Cole Ragans,Sam Aldegheri,,,4.108695652173913,0.0,44.0,63.0,6.0,3.6666666666666665,4.57258064516129,0.0,63.0,56.0,0,,,,,,
776208,2025-09-23,R,Houston Astros,Athletics,1,5,1,Cristian Javier,Jeffrey Springs,7.0,4.0,1.7608695652173914,0.0,41.0,44.0,6.0,6.0,3.267515923566879,0.0,50.0,52.0,0,,,,,,
776209,2025-09-23,R,New York Mets,Chicago Cubs,9,7,0,David Peterson,Cade Horton,7.0,5.0,1.975609756097561,0.0,46.0,35.0,6.0,5.0,4.228915662650603,0.0,55.0,64.0,0,,,,,,
776210,2025-09-23,R,Minnesota Twins,Texas Rangers,4,1,0,Zebby Matthews,Patrick Corbin,10.0,4.333333333333333,2.076923076923077,0.0,43.0,48.0,7.0,3.0,5.326530612244898,0.0,49.0,77.0,0,,,,,,
776211,2025-09-23,R,St. Louis Cardinals,San Francisco Giants,9,8,0,Andre Pallante,Logan Webb,5.0,7.0,4.774390243902439,4.666666666666667,50.0,69.0,6.0,5.0,3.6906474820143886,4.0,49.0,55.0,0,,,,,,
776212,2025-09-23,R,Colorado Rockies,Seattle Mariners,3,4,1,McCade Brown,Bryce Miller,6.0,5.0,2.6433566433566433,0.0,70.0,36.0,6.0,4.0,5.232558139534884,0.0,41.0,73.0,0,,,,,,
776213,2025-09-23,R,Los Angeles Dodgers,Arizona Diamondbacks,4,5,1,Shohei Ohtani,Brandon Pfaadt,6.0,9.0,5.881188118811881,0.0,57.0,47.0,7.0,5.0,5.321167883211679,0.0,72.0,43.0,0,,,,,,
776214,2025-09-23,R,Milwaukee Brewers,San Diego Padres,0,7,1,Bruce Zimmermann,Randy Vásquez,5.0,2.3333333333333335,2.6298701298701297,5.333333333333333,56.0,50.0,,,2.6470588235294117,5.333333333333333,58.0,49.0,1,,,,,,
776215,2025-09-23,R,Miami Marlins,Philadelphia Phillies,6,5,0,Edward Cabrera,Cristopher Sánchez,7.0,7.0,4.909090909090909,0.0,73.0,59.0,24.0,4.0,2.606896551724138,0.0,69.0,43.0,0,,,,,,
776216,2025-09-23,R,Chicago White Sox,New York Yankees,2,3,1,Shane Smith,Luis Gil,6.0,4.666666666666667,7.30327868852459,0.0,67.0,63.0,7.0,4.333333333333333,3.122448979591837,0.0,36.0,49.0,0,,,,,,
776217,2025-09-23,R,Boston Red Sox,Toronto Blue Jays,4,1,0,Lucas Giolito,Kevin Gausman,6.0,6.0,3.9865771812080535,0.0,53.0,52.0,6.0,4.333333333333333,3.6,0.0,49.0,46.0,0,,,,,,
776218,2025-09-23,R,Detroit Tigers,Cleveland Guardians,2,5,1,Tarik Skubal,Gavin Williams,6.0,5.0,2.4545454545454546,0.0,54.0,23.0,5.0,6.0,5.1502890173410405,0.0,48.0,62.0,0,,,,,,
776219,2025-09-23,R,Washington Nationals,Atlanta Braves,2,3,1,Brad Lord,Hurston Waldrep,6.0,5.0,3.0,4.0,80.0,52.0,6.0,5.333333333333333,8.150943396226415,6.0,50.0,90.0,1,,,,,,
776223,2025-09-23,R,Tampa Bay Rays,Baltimore Orioles,0,6,1,Ryan Pepiot,Dean Kremer,7.0,5.666666666666667,6.657534246575342,0.0,36.0,58.0,7.0,1.6666666666666667,3.789473684210526,0.0,52.0,58.0,0,,,,,,
776224,2025-09-23,R,Pittsburgh Pirates,Cincinnati Reds,4,2,0,Johan Oviedo,Brady Singer,6.0,5.666666666666667,2.918918918918919,0.0,47.0,42.0,6.0,5.0,1.836734693877551,0.0,39.0,39.0,0,,,,,,
776192,2025-09-24,R,Minnesota Twins,Texas Rangers,2,4,1,Taj Bradley,Jacob deGrom,7.0,5.0,2.2330827067669174,5.333333333333333,39.0,48.0,7.0,4.0,4.153846153846154,2.0,51.0,66.0,0,,,,,,
776193,2025-09-24,R,Los Angeles Dodgers,Arizona Diamondbacks,5,4,0,Blake Snell,Ryne Nelson,5.0,5.0,5.8584905660377355,3.0,59.0,46.0,7.0,7.0,6.0215827338129495,2.6666666666666665,69.0,46.0,1,,,,,,
776194,2025-09-24,R,Colorado Rockies,Seattle Mariners,2,9,1,Tanner Gordon,Luis Castillo,6.0,6.0,2.739130434782609,3.3333333333333335,69.0,36.0,6.0,6.0,5.441860465116279,3.0,42.0,70.0,1,,,,,,
776195,2025-09-24,R,Houston Astros,Athletics,0,6,1,Hunter Brown,Luis Severino,5.0,5.0,1.565217391304348,4.0,46.0,39.0,5.0,6.0,3.1875,3.3333333333333335,48.0,53.0,1,,,,,,
776196,2025-09-24,R,St. Louis Cardinals,San Francisco Giants,3,4,1,Sonny Gray,JT Brubaker,,,5.701863354037267,3.0,53.0,75.0,5.0,6.0,4.068493150684931,6.333333333333333,55.0,58.0,0,,,,,,
776197,2025-09-24,R,Kansas City Royals,Los Angeles Angels,2,3,1,Stephen Kolek,Yusei Kikuchi,6.0,5.666666666666667,4.468965517241379,4.333333333333333,36.0,69.0,6.0,7.333333333333333,4.466165413533835,4.0,71.0,58.0,0,,,,,,
776198,2025-09-24,R,Milwaukee Brewers,San Diego Padres,3,1,0,Chad Patrick,Dylan Cease,5.0,6.0,2.3716216216216215,2.0,61.0,46.0,4.0,4.333333333333333,2.554054054054054,2.0,54.0,51.0,1,,,,,,
776199,2025-09-24,R,Chicago White Sox,New York Yankees,1,8,1,Fraser Ellard,Max Fried,6.0,7.0,5.311475409836065,3.0,68.0,53.0,20.0,1.3333333333333333,3.328767123287671,3.6666666666666665,34.0,47.0,1,,,,,,
776200,2025-09-24,R,Washington Nationals,Atlanta Braves,4,3,0,Andrew Alvarez,Bryce Elder,5.0,7.0,2.6,3.0,82.0,48.0,5.0,3.3333333333333335,7.881987577639752,2.0,45.0,88.0,1,,,,,,
776201,2025-09-24,R,Miami Marlins,Philadelphia Phillies,1,11,1,Ryan Weathers,Jesús Luzardo,7.0,7.0,4.778761061946903,4.0,69.0,62.0,7.0,4.0,2.486842105263158,7.0,70.0,41.0,0,,,,,,
776202,2025-09-24,R,Pittsburgh Pirates,Cincinnati Reds,4,3,0,Paul Skenes,Hunter Greene,6.0,9.0,2.8672566371681416,3.6666666666666665,45.0,44.0,8.0,3.6666666666666665,1.7112676056338028,4.333333333333333,41.0,38.0,0,,,,,,
776203,2025-09-24,R,Tampa Bay Rays,Baltimore Orioles,6,2,0,Shane Baz,Tyler Wells,7.0,6.0,6.654929577464789,2.6666666666666665,39.0,56.0,6.0,5.0,4.011428571428572,5.0,47.0,60.0,1,,,,,,
776204,2025-09-24,R,Detroit Tigers,Cleveland Guardians,1,5,1,Jack Flaherty,Tanner Bibee,6.0,6.0,2.3275862068965516,3.0,57.0,25.0,7.0,5.0,5.5588235294117645,2.0,38.0,65.0,1,,,,,,
776205,2025-09-24,R,New York Mets,Chicago Cubs,3,10,1,Jonah Tong,Matthew Boyd,7.0,3.0,2.43609022556391,6.0,47.0,43.0,6.0,5.0,3.3,7.666666666666667,61.0,62.0,0,,,,,,
776206,2025-09-24,R,Boston Red Sox,Toronto Blue Jays,7,1,0,Garrett Crochet,Max Scherzer,5.0,0.6666666666666666,4.068493150684931,3.3333333333333335,50.0,53.0,5.0,6.0,3.573529411764706,4.333333333333333,47.0,47.0,0,,,,,,
776178,2025-09-25,R,Kansas City Royals,Los Angeles Angels,9,4,0,Michael Lorenzen,Mitch Farris,6.0,4.333333333333333,4.373239436619718,4.0,35.0,68.0,6.0,7.666666666666667,4.805084745762712,2.0,69.0,58.0,0,,,,,,
776179,2025-09-25,R,Colorado Rockies,Seattle Mariners,2,6,1,Bradley Blalock,Emerson Hancock,86.0,6.0,3.4322033898305087,1.6666666666666667,74.0,36.0,6.0,5.0,4.764705882352941,4.666666666666667,44.0,70.0,1,,,,,,
776182,2025-09-25,R,Houston Astros,Athletics,11,5,0,Framber Valdez,J.T. Ginn,7.0,6.0,1.4538461538461538,2.6666666666666665,47.0,35.0,5.0,4.666666666666667,3.122448979591837,3.0,45.0,57.0,1,,,,,,
776183,2025-09-25,R,Minnesota Twins,Texas Rangers,4,0,0,Bailey Ober,Tyler Mahle,6.0,4.666666666666667,2.4,4.0,37.0,47.0,5.0,5.0,4.5,2.0,50.0,66.0,0,,,,,,
776184,2025-09-25,R,Chicago White Sox,New York Yankees,3,5,1,Davis Martin,Carlos Rodón,5.0,7.0,3.403361344537815,2.0,75.0,43.0,6.0,6.0,4.207792207792208,7.333333333333333,29.0,50.0,1,,,,,,
776185,2025-09-25,R,Los Angeles Dodgers,Arizona Diamondbacks,8,0,0,Yoshinobu Yamamoto,Jalen Beeks,33.0,1.0,5.017699115044247,5.0,58.0,48.0,7.0,5.333333333333333,6.3310344827586205,5.0,65.0,50.0,1,,,,,,
776186,2025-09-25,R,Boston Red Sox,Toronto Blue Jays,1,6,1,Brayan Bello,Louis Varland,,,4.408163265306122,4.0,49.0,57.0,7.0,4.0,3.6,1.0,50.0,43.0,0,,,,,,
776187,2025-09-25,R,New York Mets,Chicago Cubs,8,5,0,Nolan McLean,Shota Imanaga,6.0,5.0,2.7,3.6666666666666665,54.0,44.0,5.0,5.0,2.6129032258064515,6.0,61.0,61.0,0,,,,,,
776188,2025-09-25,R,Miami Marlins,Philadelphia Phillies,0,1,1,Janson Junk,Walker Buehler,13.0,5.0,4.418181818181818,2.0,69.0,60.0,6.0,7.0,3.375,3.3333333333333335,63.0,49.0,0,,,,,,
776189,2025-09-25,R,Detroit Tigers,Cleveland Guardians,4,2,0,Troy Melton,Parker Messick,6.0,5.333333333333333,1.9115044247787611,3.0,59.0,22.0,43.0,5.0,5.431952662721893,3.6666666666666665,28.0,69.0,1,,,,,,
776190,2025-09-25,R,Pittsburgh Pirates,Cincinnati Reds,1,2,1,Braxton Ashcraft,Nick Lodolo,6.0,4.666666666666667,2.592,5.0,46.0,47.0,10.0,4.0,1.8620689655172413,5.0,44.0,39.0,0,,,,,,
776191,2025-09-25,R,Tampa Bay Rays,Baltimore Orioles,5,6,1,Drew Rasmussen,Cade Povich,7.0,5.0,6.612244897959184,5.0,39.0,61.0,6.0,3.0,3.514792899408284,5.0,48.0,56.0,1,,,,,,
776165,2025-09-26,R,Chicago White Sox,Washington Nationals,10,9,0,Yoendrys Gómez,Cade Cavalli,6.0,5.0,7.56687898089172,0.0,46.0,78.0,6.0,5.333333333333333,4.354838709677419,3.6666666666666665,27.0,54.0,0,,,,,,
776166,2025-09-26,R,Colorado Rockies,San Francisco Giants,3,6,1,Germán Márquez,Trevor McDonald,5.0,6.0,6.0,0.0,54.0,73.0,6.0,7.0,4.891304347826087,4.333333333333333,46.0,74.0,0,,,,,,
776167,2025-09-26,R,St. Louis Cardinals,Chicago Cubs,1,12,1,Miles Mikolas,Colin Rea,8.0,7.0,2.507142857142857,3.3333333333333335,59.0,52.0,6.0,5.0,4.432835820895522,0.0,56.0,58.0,0,,,,,,
776168,2025-09-26,R,Los Angeles Dodgers,Seattle Mariners,3,2,0,Emmet Sheehan,George Kirby,6.0,6.0,4.026315789473684,5.0,73.0,32.0,5.0,7.0,5.961038961038961,3.0,73.0,50.0,0,,,,,,
776169,2025-09-26,R,Houston Astros,Los Angeles Angels,3,4,1,Jason Alexander,Kyle Hendricks,6.0,7.0,5.5227272727272725,4.0,33.0,70.0,5.0,1.3333333333333333,3.857142857142857,2.0,56.0,56.0,0,,,,,,
776170,2025-09-26,R,Arizona Diamondbacks,San Diego Padres,4,7,1,Zac Gallen,Yu Darvish,6.0,4.666666666666667,2.420689655172414,0.0,59.0,47.0,6.0,7.0,5.124087591240876,8.0,58.0,56.0,0,,,,,,
776171,2025-09-26,R,Cincinnati Reds,Milwaukee Brewers,3,1,0,Zack Littell,Quinn Priester,8.0,5.666666666666667,2.5796178343949046,0.0,54.0,46.0,6.0,5.0,2.6390977443609023,2.6666666666666665,48.0,48.0,0,,,,,,
776172,2025-09-26,R,Kansas City Royals,Athletics,3,4,1,Noah Cameron,Mason Barnett,9.0,4.0,2.0342465753424657,5.333333333333333,52.0,46.0,6.0,6.666666666666667,4.57258064516129,3.3333333333333335,76.0,59.0,0,,,,,,
776173,2025-09-26,R,New York Mets,Miami Marlins,2,6,1,Brandon Sproat,Sandy Alcantara,8.0,6.666666666666667,3.42,3.3333333333333335,58.0,50.0,7.0,4.0,2.154255319148936,3.6666666666666665,65.0,60.0,0,,,,,,
776174,2025-09-26,R,Baltimore Orioles,New York Yankees,4,8,1,Trevor Rogers,Will Warren,7.0,5.333333333333333,2.9495798319327733,3.0,71.0,43.0,7.0,6.0,6.612244897959184,3.3333333333333335,42.0,64.0,0,,,,,,
776175,2025-09-26,R,Texas Rangers,Cleveland Guardians,7,3,0,Jack Leiter,Slade Cecconi,6.0,7.0,1.8620689655172413,4.0,58.0,24.0,6.0,5.666666666666667,2.7551020408163267,4.0,37.0,51.0,0,,,,,,
776176,2025-09-26,R,Minnesota Twins,Philadelphia Phillies,1,3,1,Joe Ryan,Aaron Nola,6.0,5.333333333333333,4.084033613445378,4.0,64.0,56.0,6.0,5.0,4.235294117647059,3.0,54.0,66.0,0,,,,,,
776177,2025-09-26,R,Tampa Bay Rays,Toronto Blue Jays,2,4,1,Adrian Houser,Shane Bieber,6.0,6.333333333333333,4.017857142857143,7.0,49.0,58.0,6.0,6.0,3.943820224719101,5.666666666666667,52.0,57.0,0,,,,,,
776180,2025-09-26,R,Pittsburgh Pirates,Atlanta Braves,9,3,0,Mitch Keller,Joey Wentz,6.0,5.0,2.9302325581395348,0.0,83.0,49.0,7.0,5.0,1.6308724832214765,3.6666666666666665,43.0,38.0,0,,,,,,
776181,2025-09-26,R,Detroit Tigers,Boston Red Sox,3,4,1,Casey Mize,Kyle Harrison,6.0,6.0,3.558139534883721,3.0,51.0,49.0,5.0,5.666666666666667,4.609756097560975,5.333333333333333,29.0,62.0,0,,,,,,
776146,2025-09-27,R,Colorado Rockies,San Francisco Giants,3,4,1,Kyle Freeland,Justin Verlander,5.0,4.333333333333333,6.12,2.0,55.0,75.0,6.0,6.0,4.628571428571429,3.6666666666666665,45.0,78.0,1,,,,,,
776150,2025-09-27,R,Los Angeles Dodgers,Seattle Mariners,5,3,0,Tyler Glasnow,Logan Gilbert,6.0,6.0,4.153846153846154,4.0,73.0,34.0,7.0,5.0,5.052631578947368,8.0,75.0,47.0,0,,,,,,
776152,2025-09-27,R,Arizona Diamondbacks,San Diego Padres,1,5,1,Eduardo Rodriguez,Michael King,6.0,5.0,2.832167832167832,4.0,64.0,47.0,6.0,6.0,4.532846715328467,3.6666666666666665,54.0,54.0,1,,,,,,
776153,2025-09-27,R,Cincinnati Reds,Milwaukee Brewers,7,4,0,Andrew Abbott,Robert Gasser,6.0,3.0,2.5632911392405062,4.0,47.0,47.0,6.0,4.666666666666667,2.3142857142857145,4.333333333333333,51.0,46.0,0,,,,,,
776154,2025-09-27,R,Kansas City Royals,Athletics,4,2,0,Michael Wacha,Luis Morales,7.0,6.0,2.091549295774648,3.3333333333333335,53.0,49.0,6.0,5.0,4.462809917355372,4.0,77.0,55.0,1,,,,,,
776155,2025-09-27,R,Houston Astros,Los Angeles Angels,6,1,0,AJ Blubaugh,Caden Dana,6.0,6.0,5.086956521739131,4.0,36.0,71.0,11.0,3.0,3.884892086330935,3.3333333333333335,48.0,57.0,1,,,,,,
776156,2025-09-27,R,Pittsburgh Pirates,Atlanta Braves,3,1,0,Bubba Chandler,Spencer Strider,6.0,5.0,3.50381679389313,5.0,83.0,47.0,7.0,5.0,1.2038216560509554,5.333333333333333,47.0,35.0,0,,,,,,
776157,2025-09-27,R,Detroit Tigers,Boston Red Sox,2,1,0,Keider Montero,Connelly Early,6.0,4.0,2.9562043795620436,6.0,54.0,48.0,7.0,3.0,4.5,2.0,30.0,58.0,1,,,,,,
776158,2025-09-27,R,Texas Rangers,Cleveland Guardians,2,3,1,Jacob Latz,Joey Cantillo,6.0,4.333333333333333,2.267175572519084,5.0,57.0,31.0,13.0,4.666666666666667,2.938775510204082,2.0,36.0,51.0,0,,,,,,
776159,2025-09-27,R,Tampa Bay Rays,Toronto Blue Jays,1,5,1,Joe Boyle,Trey Yesavage,6.0,4.0,4.017857142857143,4.0,47.0,59.0,6.0,4.333333333333333,4.041916167664671,2.0,50.0,55.0,1,,,,,,
776160,2025-09-27,R,Chicago White Sox,Washington Nationals,5,6,1,Tyler Gilbert,Jake Irvin,6.0,5.333333333333333,7.45398773006135,5.0,49.0,83.0,12.0,1.0,4.725,3.0,37.0,59.0,0,,,,,,
776161,2025-09-27,R,New York Mets,Miami Marlins,5,0,0,Clay Holmes,Eury Pérez,6.0,4.0,3.42,2.0,56.0,50.0,11.0,4.0,2.341040462427746,3.3333333333333335,64.0,58.0,1,,,,,,
776162,2025-09-27,R,Baltimore Orioles,New York Yankees,1,6,1,Tomoyuki Sugano,Cam Schlittler,6.0,5.333333333333333,2.6557377049180326,4.0,75.0,46.0,7.0,3.0,6.0,5.0,45.0,66.0,1,,,,,,
776163,2025-09-27,R,Minnesota Twins,Philadelphia Phillies,5,0,0,Mick Abel,Ranger Suarez,6.0,4.0,4.172727272727273,1.0,59.0,55.0,35.0,3.0,3.42,3.0,46.0,61.0,1,,,,,,
776164,2025-09-27,R,St. Louis Cardinals,Chicago Cubs,3,7,1,Michael McGreevy,Jameson Taillon,6.0,7.0,2.739130434782609,3.3333333333333335,65.0,49.0,5.0,5.0,5.641791044776119,3.0,55.0,62.0,1,,,,,,
776135,2025-09-28,R,Houston Astros,Los Angeles Angels,6,2,0,Lance McCullers Jr.,Sam Aldegheri,5.0,4.666666666666667,5.5227272727272725,2.0,34.0,72.0,37.0,4.0,3.857142857142857,5.0,48.0,56.0,1,,,,,,
776136,2025-09-28,R,Arizona Diamondbacks,San Diego Padres,4,12,1,Brandon Pfaadt,JP Sears,16.0,4.333333333333333,2.4705882352941178,6.333333333333333,58.0,45.0,5.0,6.0,4.32824427480916,2.0,50.0,57.0,1,,,,,,
776137,2025-09-28,R,Colorado Rockies,San Francisco Giants,0,4,1,McCade Brown,Logan Webb,5.0,6.0,5.25,3.0,52.0,65.0,5.0,5.0,3.9160305343511452,2.0,45.0,71.0,1,,,,,,
776138,2025-09-28,R,Kansas City Royals,Athletics,9,2,0,Cole Ragans,Brady Basso,,,2.265734265734266,4.333333333333333,44.0,48.0,5.0,5.0,3.889830508474576,3.0,75.0,49.0,1,,,,,,
776139,2025-09-28,R,Los Angeles Dodgers,Seattle Mariners,6,1,0,Clayton Kershaw,Bryce Miller,5.0,5.666666666666667,4.5,4.0,71.0,36.0,9.0,4.333333333333333,5.052631578947368,6.0,67.0,43.0,0,,,,,,
776140,2025-09-28,R,Baltimore Orioles,New York Yankees,2,3,1,Kyle Bradish,Luis Gil,5.0,6.0,2.769230769230769,2.0,76.0,44.0,7.0,6.0,5.711538461538462,3.6666666666666665,42.0,67.0,1,,,,,,
776141,2025-09-28,R,Minnesota Twins,Philadelphia Phillies,1,2,1,Simeon Woods Richardson,Cristopher Sánchez,5.0,7.0,4.098214285714286,4.666666666666667,51.0,54.0,7.0,5.0,3.25531914893617,3.0,49.0,56.0,1,,,,,,
776142,2025-09-28,R,St. Louis Cardinals,Chicago Cubs,0,2,1,Kyle Leahy,Javier Assad,8.0,4.0,2.7794117647058822,3.0,68.0,47.0,,,5.358778625954199,3.3333333333333335,50.0,60.0,1,,,,,,
776143,2025-09-28,R,Chicago White Sox,Washington Nationals,8,0,0,Shane Smith,Brad Lord,5.0,6.0,6.791411042944786,3.0,54.0,83.0,5.0,5.0,5.08235294117647,6.333333333333333,41.0,62.0,0,,,,,,
776144,2025-09-28,R,Cincinnati Reds,Milwaukee Brewers,2,4,1,Brady Singer,Freddy Peralta,6.0,5.0,2.3333333333333335,6.333333333333333,42.0,46.0,5.0,5.333333333333333,1.4104477611940298,3.6666666666666665,53.0,39.0,0,,,,,,
776145,2025-09-28,R,Tampa Bay Rays,Toronto Blue Jays,4,13,1,Ian Seymour,Kevin Gausman,5.0,5.666666666666667,3.857142857142857,4.0,47.0,56.0,11.0,7.0,4.115853658536586,3.0,46.0,56.0,1,,,,,,
776147,2025-09-28,R,Texas Rangers,Cleveland Guardians,8,9,1,Patrick Corbin,Logan Allen,8.0,8.0,2.25,3.3333333333333335,57.0,32.0,5.0,3.6666666666666665,3.020979020979021,3.3333333333333335,35.0,52.0,0,,,,,,
776148,2025-09-28,R,New York Mets,Miami Marlins,0,4,1,Sean Manaea,Edward Cabrera,5.0,4.0,3.8835616438356166,3.6666666666666665,50.0,51.0,7.0,3.0,2.0289017341040463,3.0,67.0,55.0,1,,,,,,
776149,2025-09-28,R,Pittsburgh Pirates,Atlanta Braves,1,4,1,Johan Oviedo,Charlie Morton,9.0,1.3333333333333333,3.642857142857143,3.0,82.0,44.0,5.0,4.666666666666667,1.1962025316455696,3.3333333333333335,45.0,35.0,0,,,,,,
776151,2025-09-28,R,Detroit Tigers,Boston Red Sox,3,4,1,Chris Paddack,José De León,,,2.759124087591241,4.0,52.0,45.0,30.0,3.6666666666666665,4.112582781456954,4.666666666666667,28.0,53.0,1,,,,,,
813066,2025-09-30,F,San Diego Padres,Chicago Cubs,1,3,1,Nick Pivetta,Matthew Boyd,6.0,5.333333333333333,3.0,0.0,62.0,44.0,8.0,5.666666666666667,2.3245033112582782,0.0,61.0,43.0,0,,,,,,
813069,2025-09-30,F,Cincinnati Reds,Los Angeles Dodgers,5,10,1,Hunter Greene,Blake Snell,6.0,6.0,5.178082191780822,0.0,58.0,36.0,6.0,6.0,0.8307692307692308,0.0,40.0,30.0,0,,,,,,
813072,2025-09-30,F,Detroit Tigers,Cleveland Guardians,2,1,0,Tarik Skubal,Gavin Williams,7.0,6.0,2.5251798561151078,0.0,63.0,38.0,7.0,6.0,4.14,0.0,29.0,57.0,0,,,,,,
813074,2025-09-30,F,Boston Red Sox,New York Yankees,3,1,0,Garrett Crochet,Max Fried,6.0,7.0,1.6578947368421053,0.0,75.0,33.0,6.0,8.0,2.6,0.0,50.0,44.0,0,,,,,,
813064,2025-10-01,F,San Diego Padres,Chicago Cubs,3,0,0,Dylan Cease,Andrew Kittredge,,,2.953125,4.666666666666667,61.0,44.0,7.0,5.0,2.606896551724138,3.0,59.0,38.0,1,,,,,,
813068,2025-10-01,F,Cincinnati Reds,Los Angeles Dodgers,4,8,1,Zack Littell,Yoshinobu Yamamoto,6.0,6.0,4.242857142857143,2.0,62.0,32.0,5.0,4.666666666666667,1.6,5.0,45.0,37.0,1,,,,,,
813070,2025-10-01,F,Boston Red Sox,New York Yankees,3,4,1,Brayan Bello,Carlos Rodón,6.0,6.0,1.238532110091743,2.6666666666666665,66.0,27.0,6.0,5.0,2.53125,1.3333333333333333,52.0,43.0,0,,,,,,
813071,2025-10-01,F,Detroit Tigers,Cleveland Guardians,1,6,1,Casey Mize,Tanner Bibee,7.0,6.0,2.030075187969925,3.0,57.0,35.0,5.0,6.333333333333333,3.857142857142857,1.3333333333333333,26.0,51.0,0,,,,,,
813059,2025-10-02,F,San Diego Padres,Chicago Cubs,1,3,1,Yu Darvish,Jameson Taillon,5.0,6.0,3.2238805970149254,8.0,53.0,43.0,6.0,5.0,2.3716216216216215,5.333333333333333,55.0,34.0,1,,,,,,
813065,2025-10-02,F,Boston Red Sox,New York Yankees,0,4,1,Connelly Early,Cam Schlittler,5.0,7.0,1.2857142857142858,3.0,60.0,25.0,5.0,5.0,2.953125,5.666666666666667,50.0,43.0,0,,,,,,
813073,2025-10-02,F,Detroit Tigers,Cleveland Guardians,6,3,0,Jack Flaherty,Slade Cecconi,6.0,4.0,2.014925373134328,4.333333333333333,59.0,36.0,8.0,4.333333333333333,4.153846153846154,5.0,27.0,53.0,0,,,,,,
813047,2025-10-04,D,Chicago Cubs,Milwaukee Brewers,3,9,1,Matthew Boyd,Freddy Peralta,6.0,2.0,1.7419354838709677,0.0,20.0,32.0,4.0,4.333333333333333,2.759124087591241,0.0,52.0,36.0,0,,,,,,
813051,2025-10-04,D,Los Angeles Dodgers,Philadelphia Phillies,5,3,0,Shohei Ohtani,Cristopher Sánchez,6.0,5.666666666666667,3.0375,0.0,27.0,27.0,11.0,6.0,5.120689655172414,0.0,57.0,32.0,0,,,,,,
813058,2025-10-04,D,Detroit Tigers,Seattle Mariners,3,2,0,Troy Melton,George Kirby,8.0,5.0,4.655172413793103,0.0,38.0,28.0,9.0,3.6666666666666665,3.4838709677419355,0.0,31.0,43.0,0,,,,,,
813063,2025-10-04,D,New York Yankees,Toronto Blue Jays,1,10,1,Luis Gil,Kevin Gausman,6.0,3.6666666666666665,1.5728155339805825,0.0,39.0,26.0,6.0,5.0,1.148936170212766,0.0,55.0,21.0,0,,,,,,
813057,2025-10-05,D,Detroit Tigers,Seattle Mariners,2,3,1,Tarik Skubal,Luis Castillo,11.0,7.333333333333333,3.375,6.0,34.0,27.0,5.0,7.666666666666667,2.9763779527559056,7.0,29.0,39.0,0,,,,,,
813062,2025-10-05,D,New York Yankees,Toronto Blue Jays,7,13,1,Max Fried,Trey Yesavage,8.0,5.0,1.5,3.3333333333333335,48.0,25.0,5.0,6.333333333333333,3.1153846153846154,5.333333333333333,50.0,30.0,1,,,,,,
813048,2025-10-06,D,Chicago Cubs,Milwaukee Brewers,3,7,1,Shota Imanaga,Aaron Ashby,40.0,2.0,1.588235294117647,0.0,25.0,28.0,11.0,5.666666666666667,2.4375,0.0,52.0,38.0,1,,,,,,
813052,2025-10-06,D,Los Angeles Dodgers,Philadelphia Phillies,4,3,0,Blake Snell,Jesús Luzardo,12.0,7.0,3.4714285714285715,0.0,25.0,19.0,6.0,7.0,4.542056074766355,0.0,54.0,27.0,0,,,,,,
813056,2025-10-07,D,Seattle Mariners,Detroit Tigers,8,4,0,Logan Gilbert,Jack Flaherty,5.0,4.666666666666667,2.7,0.0,29.0,36.0,10.0,5.0,2.97,0.0,30.0,26.0,1,,,,,,
813061,2025-10-07,D,Toronto Blue Jays,New York Yankees,6,9,1,Shane Bieber,Carlos Rodón,6.0,6.0,4.628571428571429,0.0,50.0,42.0,11.0,5.0,3.1153846153846154,0.0,53.0,27.0,0,,,,,,
813041,2025-10-08,D,Philadelphia Phillies,Los Angeles Dodgers,8,2,0,Aaron Nola,Yoshinobu Yamamoto,7.0,6.666666666666667,4.0,0.0,54.0,25.0,12.0,8.0,3.2238805970149254,0.0,23.0,17.0,1,,,,,,
813049,2025-10-08,D,Milwaukee Brewers,Chicago Cubs,3,4,1,Quinn Priester,Jameson Taillon,6.0,4.0,2.471830985915493,0.0,48.0,36.0,12.0,5.0,1.0588235294117647,0.0,28.0,19.0,0,,,,,,
813055,2025-10-08,D,Seattle Mariners,Detroit Tigers,3,9,1,Bryce Miller,Casey Mize,7.0,3.0,2.6793893129770994,5.666666666666667,31.0,39.0,10.0,4.0,3.8181818181818183,3.0,34.0,27.0,1,,,,,,
813060,2025-10-08,D,Toronto Blue Jays,New York Yankees,5,2,0,Louis Varland,Cam Schlittler,6.0,8.0,4.189655172413793,6.666666666666667,56.0,46.0,13.0,2.0,4.172727272727273,5.333333333333333,58.0,32.0,0,,,,,,
813042,2025-10-09,D,Philadelphia Phillies,Los Angeles Dodgers,1,2,1,Cristopher Sánchez,Tyler Glasnow,12.0,3.0,4.25,5.0,51.0,29.0,5.0,5.666666666666667,3.292682926829268,7.0,20.0,18.0,1,,,,,,
813050,2025-10-09,D,Milwaukee Brewers,Chicago Cubs,0,6,1,Freddy Peralta,Matthew Boyd,5.0,0.6666666666666666,2.404109589041096,5.0,42.0,36.0,5.0,5.666666666666667,0.7641509433962265,7.333333333333333,28.0,22.0,0,,,,,,
813054,2025-10-10,D,Detroit Tigers,Seattle Mariners,2,3,1,Tarik Skubal,George Kirby,6.0,5.0,5.4,0.0,22.0,32.0,5.0,7.0,3.098360655737705,0.0,35.0,35.0,0,,,,,,
813046,2025-10-11,D,Chicago Cubs,Milwaukee Brewers,1,3,1,Drew Pomeranz,Trevor Megill,,,1.2735849056603774,0.0,27.0,25.0,34.0,1.0,2.3309352517985613,0.0,31.0,27.0,1,,,,,,
813040,2025-10-12,L,Seattle Mariners,Toronto Blue Jays,3,1,0,Bryce Miller,Kevin Gausman,8.0,5.666666666666667,4.973684210526316,0.0,47.0,23.0,4.0,4.333333333333333,4.21875,0.0,20.0,26.0,0,,,,,,
813036,2025-10-13,L,Los Angeles Dodgers,Milwaukee Brewers,2,1,0,Blake Snell,Aaron Ashby,7.0,1.6666666666666667,1.2,0.0,22.0,17.0,7.0,6.0,5.754098360655738,0.0,31.0,24.0,0,,,,,,
813044,2025-10-13,L,Seattle Mariners,Toronto Blue Jays,10,3,0,Logan Gilbert,Trey Yesavage,8.0,5.333333333333333,5.785714285714286,3.3333333333333335,35.0,22.0,6.0,6.0,3.9,3.0,22.0,21.0,0,,,,,,
813034,2025-10-14,L,Los Angeles Dodgers,Milwaukee Brewers,5,1,0,Yoshinobu Yamamoto,Freddy Peralta,5.0,4.0,1.4210526315789473,8.0,23.0,19.0,6.0,4.0,5.90625,1.0,33.0,25.0,0,,,,,,
813043,2025-10-15,L,Toronto Blue Jays,Seattle Mariners,13,4,0,Shane Bieber,George Kirby,5.0,5.0,3.25,0.0,32.0,24.0,8.0,2.6666666666666665,6.352941176470588,0.0,38.0,32.0,1,,,,,,
813033,2025-10-16,L,Milwaukee Brewers,Los Angeles Dodgers,1,3,1,Aaron Ashby,Tyler Glasnow,7.0,6.0,4.764705882352941,0.0,20.0,17.0,3.0,1.0,1.7419354838709677,0.0,24.0,24.0,1,,,,,,
813035,2025-10-16,L,Toronto Blue Jays,Seattle Mariners,8,2,0,Max Scherzer,Luis Castillo,11.0,4.666666666666667,3.951219512195122,5.0,36.0,37.0,22.0,5.0,6.319148936170213,3.0,51.0,36.0,1,,,,,,
813031,2025-10-17,L,Milwaukee Brewers,Los Angeles Dodgers,1,5,1,Jose Quintana,Shohei Ohtani,13.0,6.0,3.9836065573770494,3.3333333333333335,23.0,18.0,33.0,4.0,1.653061224489796,7.666666666666667,25.0,27.0,1,,,,,,
813039,2025-10-17,L,Toronto Blue Jays,Seattle Mariners,2,6,1,Kevin Gausman,Bryce Miller,5.0,6.0,4.3426573426573425,6.666666666666667,38.0,45.0,5.0,5.666666666666667,5.711538461538462,3.3333333333333335,59.0,38.0,1,,,,,,
813038,2025-10-19,L,Seattle Mariners,Toronto Blue Jays,2,6,1,Logan Gilbert,Trey Yesavage,6.0,4.0,7.217821782178218,0.0,51.0,43.0,6.0,3.0,4.435714285714286,0.0,42.0,44.0,0,,,,,,
813037,2025-10-20,L,Seattle Mariners,Toronto Blue Jays,3,4,1,George Kirby,Shane Bieber,5.0,6.0,5.4,3.3333333333333335,44.0,38.0,5.0,4.0,4.467625899280575,4.0,41.0,48.0,0,,,,,,
813027,2025-10-24,W,Los Angeles Dodgers,Toronto Blue Jays,4,11,1,Blake Snell,Trey Yesavage,5.0,5.666666666666667,4.909090909090909,0.0,37.0,30.0,11.0,8.0,2.4545454545454546,0.0,15.0,4.0,0,,,,,,
813026,2025-10-25,W,Los Angeles Dodgers,Toronto Blue Jays,5,1,0,Yoshinobu Yamamoto,Kevin Gausman,8.0,5.666666666666667,4.695652173913044,5.0,48.0,34.0,11.0,9.0,6.967741935483871,3.0,19.0,15.0,1,,,,,,
813032,2025-10-27,W,Toronto Blue Jays,Los Angeles Dodgers,5,6,1,Max Scherzer,Tyler Glasnow,11.0,5.666666666666667,6.967741935483871,0.0,24.0,16.0,11.0,5.666666666666667,5.157303370786517,0.0,48.0,36.0,0,,,,,,
813023,2025-10-28,W,Toronto Blue Jays,Los Angeles Dodgers,6,2,0,Shane Bieber,Shohei Ohtani,11.0,6.0,3.176470588235294,13.333333333333334,28.0,20.0,8.0,3.6666666666666665,3.6160714285714284,12.666666666666666,50.0,32.0,0,,,,,,
813022,2025-10-29,W,Toronto Blue Jays,Los Angeles Dodgers,6,1,0,Trey Yesavage,Blake Snell,5.0,5.0,3.5064935064935066,3.0,25.0,25.0,5.0,4.0,3.5121951219512195,3.6666666666666665,56.0,34.0,0,,,,,,
813025,2025-10-31,W,Los Angeles Dodgers,Toronto Blue Jays,3,1,0,Yoshinobu Yamamoto,Kevin Gausman,6.0,6.666666666666667,3.4363636363636365,0.0,41.0,29.0,6.0,9.0,4.013513513513513,0.0,23.0,30.0,1,,,,,,
813024,2025-11-01,W,Los Angeles Dodgers,Toronto Blue Jays,5,4,0,Shohei Ohtani,Max Scherzer,5.0,4.333333333333333,2.169642857142857,3.0,40.0,26.0,4.0,6.0,3.6486486486486487,3.0,21.0,30.0,1,,,,,,
823244,2026-03-25,R,New York Yankees,San Francisco Giants,7,0,0,Max Fried,Logan Webb,178.0,5.333333333333333,,0.0,0.0,0.0,171.0,3.0,,0.0,0.0,0.0,0,26.2,23.6,5.4,6.4,0.631,0.783
823081,2026-03-26,R,Tampa Bay Rays,St. Louis Cardinals,7,9,1,Drew Rasmussen,Matthew Liberatore,186.0,5.0,,0.0,0.0,0.0,182.0,2.3333333333333335,,0.0,0.0,0.0,0,18.8,21.7,6.2,6.3,0.692,0.667
823163,2026-03-26,R,Cleveland Guardians,Seattle Mariners,6,4,0,Tanner Bibee,Logan Gilbert,158.0,4.0,,0.0,0.0,0.0,176.0,4.666666666666667,,0.0,0.0,0.0,0,32.3,21.3,5.8,7.1,0.747,0.679
823325,2026-03-26,R,Detroit Tigers,San Diego Padres,8,2,0,Tarik Skubal,Nick Pivetta,177.0,5.0,,0.0,0.0,0.0,167.0,6.0,,0.0,0.0,0.0,0,26.4,32.2,6.9,4.4,0.691,0.712
823486,2026-03-26,R,Texas Rangers,Philadelphia Phillies,3,5,1,Nathan Eovaldi,Cristopher Sánchez,168.0,6.333333333333333,,0.0,0.0,0.0,216.0,7.0,,0.0,0.0,0.0,0,26.3,26.0,5.5,4.2,0.764,0.653
823649,2026-03-26,R,Pittsburgh Pirates,New York Mets,7,11,1,Paul Skenes,Freddy Peralta,163.0,5.666666666666667,,0.0,0.0,0.0,183.0,6.0,,0.0,0.0,0.0,0,28.2,29.5,9.1,5.7,0.777,0.662
823812,2026-03-26,R,Chicago White Sox,Milwaukee Brewers,2,14,1,Shane Smith,Jacob Misiorowski,188.0,3.6666666666666665,,0.0,0.0,0.0,179.0,6.0,,0.0,0.0,0.0,0,32.0,23.5,11.0,9.4,0.737,0.666
823974,2026-03-26,R,Arizona Diamondbacks,Los Angeles Dodgers,2,8,1,Zac Gallen,Yoshinobu Yamamoto,146.0,6.0,,0.0,0.0,0.0,181.0,4.333333333333333,,0.0,0.0,0.0,0,29.4,21.5,8.6,8.1,0.77,0.764
824218,2026-03-26,R,Los Angeles Angels,Houston Astros,3,0,0,José Soriano,Hunter Brown,183.0,5.0,,0.0,0.0,0.0,190.0,1.3333333333333333,,0.0,0.0,0.0,0,28.3,21.0,7.8,10.8,0.706,0.693
824541,2026-03-26,R,Boston Red Sox,Cincinnati Reds,3,0,0,Garrett Crochet,Andrew Abbott,180.0,5.333333333333333,,0.0,0.0,0.0,177.0,7.666666666666667,,0.0,0.0,0.0,0,21.8,31.3,6.3,5.7,0.653,0.743
824704,2026-03-26,R,Washington Nationals,Chicago Cubs,10,4,0,Cade Cavalli,Matthew Boyd,168.0,4.666666666666667,,0.0,0.0,0.0,181.0,4.0,,0.0,0.0,0.0,0,21.4,18.3,5.8,6.8,0.751,0.639
824865,2026-03-26,R,Minnesota Twins,Baltimore Orioles,1,2,1,Joe Ryan,Trevor Rogers,181.0,3.0,,0.0,0.0,0.0,181.0,5.0,,0.0,0.0,0.0,0,24.3,28.2,6.9,5.7,0.713,0.706
822839,2026-03-27,R,Athletics,Toronto Blue Jays,2,3,1,Luis Severino,Kevin Gausman,147.0,6.0,,0.0,0.0,0.0,184.0,6.333333333333333,,0.0,0.0,0.0,0,24.4,17.6,6.5,7.1,0.763,0.752
823162,2026-03-27,R,Cleveland Guardians,Seattle Mariners,1,5,1,Gavin Williams,George Kirby,158.0,4.0,7.363636363636363,3.6666666666666665,4.0,6.0,178.0,6.0,2.25,4.0,6.0,4.0,0,26.1,24.6,5.5,11.8,0.747,0.679
823243,2026-03-27,R,New York Yankees,San Francisco Giants,3,0,0,Cam Schlittler,Robbie Ray,189.0,4.666666666666667,0.0,0.0,0.0,7.0,170.0,6.333333333333333,0.0,0.0,7.0,0.0,0,24.6,27.6,9.7,10.2,0.722,0.797
823324,2026-03-27,R,Detroit Tigers,San Diego Padres,5,2,0,Framber Valdez,Michael King,181.0,2.6666666666666665,3.0,6.0,2.0,8.0,183.0,7.0,3.0,3.0,8.0,2.0,0,24.7,23.3,8.4,8.5,0.691,0.712
823893,2026-03-27,R,Colorado Rockies,Miami Marlins,1,2,1,Kyle Freeland,Sandy Alcantara,182.0,7.0,,0.0,0.0,0.0,181.0,6.0,,0.0,0.0,0.0,0,19.1,17.5,7.7,5.4,0.656,0.679
823971,2026-03-27,R,Arizona Diamondbacks,Los Angeles Dodgers,4,5,1,Ryne Nelson,Emmet Sheehan,182.0,1.0,0.0,3.0,8.0,2.0,184.0,6.0,9.0,4.0,2.0,8.0,1,30.6,21.3,7.6,6.6,0.77,0.764
824216,2026-03-27,R,Los Angeles Angels,Houston Astros,6,2,0,Yusei Kikuchi,Mike Burrows,187.0,4.0,6.230769230769231,4.333333333333333,0.0,3.0,184.0,5.0,0.0,3.0,3.0,0.0,0,24.1,22.5,7.7,9.6,0.74,0.693
824946,2026-03-27,R,Kansas City Royals,Atlanta Braves,0,6,1,Cole Ragans,Chris Sale,186.0,5.0,,0.0,0.0,0.0,180.0,4.333333333333333,,0.0,0.0,0.0,0,32.4,38.1,6.3,7.8,0.716,0.659
822838,2026-03-28,R,Athletics,Toronto Blue Jays,7,8,1,Jeffrey Springs,Dylan Cease,178.0,3.6666666666666665,3.0,3.0,3.0,2.0,186.0,5.0,2.4545454545454546,3.6666666666666665,2.0,3.0,1,29.8,19.4,9.8,7.6,0.755,0.752
823082,2026-03-28,R,Tampa Bay Rays,St. Louis Cardinals,5,6,1,Joe Boyle,Michael McGreevy,182.0,4.666666666666667,13.5,0.0,9.0,7.0,182.0,5.0,24.0,0.0,7.0,9.0,1,14.5,25.7,5.0,12.4,0.692,0.735
823161,2026-03-28,R,Cleveland Guardians,Seattle Mariners,6,5,0,Joey Cantillo,Bryan Woo,190.0,5.0,4.05,3.0,9.0,7.0,182.0,5.666666666666667,3.857142857142857,3.0,7.0,9.0,0,27.1,26.9,4.9,10.5,0.727,0.679
823241,2026-03-28,R,New York Yankees,San Francisco Giants,3,1,0,Will Warren,Tyler Mahle,184.0,5.0,1.173913043478261,3.6666666666666665,0.0,10.0,183.0,5.0,0.0,3.6666666666666665,10.0,0.0,0,19.1,24.1,8.4,9.1,0.722,0.783
823323,2026-03-28,R,Detroit Tigers,San Diego Padres,0,3,1,Jack Flaherty,Randy Vásquez,186.0,7.0,5.4,4.0,4.0,13.0,172.0,3.3333333333333335,1.5,3.0,13.0,4.0,0,13.7,27.6,9.1,8.7,0.72,0.712
823488,2026-03-28,R,Texas Rangers,Philadelphia Phillies,5,4,0,Jacob Latz,Aaron Nola,171.0,2.0,9.0,0.0,5.0,3.0,182.0,5.333333333333333,0.0,0.0,3.0,5.0,1,24.0,21.8,6.9,10.6,0.747,0.695
823651,2026-03-28,R,Pittsburgh Pirates,New York Mets,2,4,1,Mitch Keller,David Peterson,186.0,1.3333333333333333,6.75,0.0,11.0,7.0,183.0,3.6666666666666665,7.363636363636363,0.0,7.0,11.0,1,20.7,20.0,9.0,6.8,0.777,0.635
823811,2026-03-28,R,Chicago White Sox,Milwaukee Brewers,1,6,1,Sean Burke,Chad Patrick,185.0,3.0,2.25,0.0,14.0,2.0,188.0,4.0,14.210526315789474,0.0,2.0,14.0,1,25.2,22.3,8.0,10.6,0.737,0.666
823892,2026-03-28,R,Colorado Rockies,Miami Marlins,3,4,1,Michael Lorenzen,Eury Pérez,182.0,5.333333333333333,0.0,2.0,2.0,1.0,184.0,5.666666666666667,0.0,3.6666666666666665,1.0,2.0,1,27.3,21.0,8.3,6.4,0.729,0.679
823973,2026-03-28,R,Arizona Diamondbacks,Los Angeles Dodgers,2,3,1,Eduardo Rodriguez,Tyler Glasnow,152.0,4.666666666666667,0.0,5.666666666666667,13.0,6.0,182.0,6.0,6.136363636363637,3.3333333333333335,6.0,13.0,1,29.0,20.6,11.7,8.6,0.765,0.764
824213,2026-03-28,R,Los Angeles Angels,Houston Astros,9,11,1,Reid Detmers,Cristian Javier,186.0,4.666666666666667,4.695652173913044,3.3333333333333335,2.0,9.0,,,0.0,4.666666666666667,9.0,2.0,0,21.7,30.1,9.6,9.4,0.74,0.693
824540,2026-03-28,R,Boston Red Sox,Cincinnati Reds,5,6,1,Sonny Gray,Brady Singer,181.0,3.3333333333333335,9.0,0.0,0.0,3.0,185.0,6.0,0.0,0.0,3.0,0.0,0,22.8,26.7,8.4,5.0,0.723,0.745
824701,2026-03-28,R,Washington Nationals,Chicago Cubs,2,10,1,Miles Mikolas,Cade Horton,186.0,3.0,3.375,0.0,4.0,10.0,183.0,5.0,1.6875,0.0,10.0,4.0,0,20.4,14.9,6.9,5.5,0.751,0.715
824862,2026-03-28,R,Minnesota Twins,Baltimore Orioles,4,1,0,Taj Bradley,Kyle Bradish,181.0,4.0,4.5,0.0,2.0,1.0,185.0,6.0,6.75,0.0,1.0,2.0,1,37.3,21.0,7.9,9.3,0.713,0.708
824945,2026-03-28,R,Kansas City Royals,Atlanta Braves,2,6,1,Michael Wacha,Reynaldo López,365.0,5.0,0.0,3.0,6.0,0.0,182.0,6.0,4.5,4.0,0.0,6.0,1,4.0,17.6,8.0,6.3,0.721,0.721
822837,2026-03-29,R,Athletics,Toronto Blue Jays,2,5,1,Luis Morales,Eric Lauer,214.0,4.666666666666667,6.230769230769231,5.666666666666667,11.0,9.0,183.0,4.666666666666667,5.1923076923076925,5.0,9.0,11.0,1,23.9,21.6,6.1,9.0,0.763,0.74
823079,2026-03-29,R,Tampa Bay Rays,St. Louis Cardinals,11,7,0,Steven Matz,Dustin May,211.0,5.333333333333333,11.25,4.0,15.0,12.0,333.0,4.0,14.210526315789474,3.3333333333333335,12.0,15.0,1,21.1,19.1,9.6,3.6,0.695,0.735
823160,2026-03-29,R,Cleveland Guardians,Seattle Mariners,0,8,1,Slade Cecconi,Emerson Hancock,185.0,4.0,5.0625,4.0,14.0,13.0,178.0,2.3333333333333335,3.375,6.333333333333333,13.0,14.0,0,16.6,20.0,8.1,5.9,0.747,0.679
823487,2026-03-29,R,Texas Rangers,Philadelphia Phillies,8,3,0,MacKenzie Gore,Jesús Luzardo,174.0,6.0,4.5,5.0,9.0,8.0,188.0,2.0,0.0,6.0,8.0,9.0,1,28.5,27.2,7.5,9.3,0.747,0.653
823647,2026-03-29,R,Pittsburgh Pirates,New York Mets,4,3,0,Carmen Mlodzinski,Nolan McLean,185.0,5.333333333333333,2.793103448275862,5.666666666666667,15.0,9.0,208.0,2.0,6.352941176470588,4.0,9.0,15.0,1,30.3,21.2,8.5,6.4,0.777,0.662
823810,2026-03-29,R,Chicago White Sox,Milwaukee Brewers,7,9,1,Anthony Kay,Brandon Sproat,184.0,4.666666666666667,1.0384615384615385,4.666666666666667,20.0,3.0,,,10.451612903225806,4.0,3.0,20.0,1,20.2,,8.3,,0.734,0.666
823891,2026-03-29,R,Colorado Rockies,Miami Marlins,3,4,1,Jose Quintana,Max Meyer,300.0,5.0,0.0,2.0,6.0,4.0,163.0,2.0,1.2272727272727273,3.6666666666666665,4.0,6.0,1,23.9,16.0,7.0,9.0,0.656,0.679
824215,2026-03-29,R,Los Angeles Angels,Houston Astros,7,9,1,Jack Kochanowicz,Tatsuya Imai,,,5.25,4.333333333333333,13.0,18.0,214.0,3.3333333333333335,0.0,3.3333333333333335,18.0,13.0,0,,14.1,,11.3,0.706,0.693
824538,2026-03-29,R,Boston Red Sox,Cincinnati Reds,2,3,1,Connelly Early,Rhett Lowder,,,4.5,7.0,6.0,8.0,178.0,3.6666666666666665,0.9642857142857143,6.333333333333333,8.0,6.0,0,,36.7,,5.1,0.653,0.745
824700,2026-03-29,R,Washington Nationals,Chicago Cubs,6,3,0,Jake Irvin,Shota Imanaga,174.0,2.6666666666666665,2.25,2.6666666666666665,14.0,12.0,183.0,6.0,5.4,3.0,12.0,14.0,0,20.6,15.8,4.6,7.9,0.751,0.639
824864,2026-03-29,R,Minnesota Twins,Baltimore Orioles,6,8,1,Bailey Ober,Shane Baz,186.0,4.0,2.8421052631578947,4.333333333333333,3.0,5.0,185.0,6.0,2.4545454545454546,4.666666666666667,5.0,3.0,1,24.8,19.2,9.0,5.0,0.713,0.708
824944,2026-03-29,R,Kansas City Royals,Atlanta Braves,4,1,0,Seth Lugo,Grant Holmes,246.0,4.0,0.0,3.0,12.0,2.0,212.0,3.3333333333333335,11.368421052631579,2.3333333333333335,2.0,12.0,1,25.0,20.5,11.0,9.0,0.721,0.721
822834,2026-03-30,R,Colorado Rockies,Toronto Blue Jays,14,5,0,Tomoyuki Sugano,Cody Ponce,,,4.378378378378378,3.6666666666666665,16.0,11.0,184.0,4.333333333333333,2.3142857142857145,4.333333333333333,7.0,10.0,0,,15.7,,5.3,0.763,0.679
823080,2026-03-30,R,New York Mets,St. Louis Cardinals,4,2,0,Clay Holmes,Kyle Leahy,183.0,3.0,10.384615384615385,5.0,22.0,23.0,184.0,6.0,2.4545454545454546,5.0,18.0,13.0,0,22.0,18.2,7.7,9.3,0.692,0.777
823159,2026-03-30,R,New York Yankees,Seattle Mariners,1,2,1,Ryan Weathers,Luis Castillo,165.0,2.3333333333333335,3.951219512195122,3.0,22.0,13.0,187.0,4.666666666666667,0.0,0.0,13.0,1.0,0,21.7,22.3,6.2,7.2,0.727,0.783
823320,2026-03-30,R,San Francisco Giants,San Diego Padres,3,2,0,Landen Roupp,Walker Buehler,186.0,5.0,4.153846153846154,0.0,7.0,13.0,222.0,2.3333333333333335,1.4210526315789473,0.0,1.0,13.0,0,16.3,21.4,10.6,9.5,0.72,0.722
823484,2026-03-30,R,Washington Nationals,Philadelphia Phillies,13,2,0,Foster Griffin,Taijuan Walker,192.0,4.0,4.909090909090909,3.0,12.0,16.0,,,4.378378378378378,4.0,18.0,17.0,0,16.0,,7.8,,0.747,0.715
823809,2026-03-30,R,Tampa Bay Rays,Milwaukee Brewers,3,2,0,Nick Martinez,Kyle Harrison,185.0,3.0,0.6136363636363636,6.0,29.0,10.0,216.0,5.333333333333333,11.32258064516129,4.0,23.0,22.0,0,24.4,17.0,9.0,6.1,0.737,0.667
823890,2026-03-30,R,Chicago White Sox,Miami Marlins,9,4,0,Davis Martin,Chris Paddack,183.0,4.333333333333333,0.0,4.0,10.0,7.0,186.0,4.333333333333333,12.512195121951219,3.3333333333333335,10.0,29.0,0,16.7,17.3,5.5,8.0,0.729,0.666
823972,2026-03-30,R,Cleveland Guardians,Los Angeles Dodgers,4,2,0,Parker Messick,Roki Sasaki,325.0,4.0,0.0,0.0,16.0,8.0,186.0,5.0,3.176470588235294,3.6666666666666665,13.0,22.0,0,17.4,23.0,13.7,3.6,0.765,0.679
824135,2026-03-30,R,Minnesota Twins,Kansas City Royals,1,3,1,Simeon Woods Richardson,Kris Bubic,247.0,2.6666666666666665,9.0,2.6666666666666665,6.0,13.0,183.0,6.0,5.5588235294117645,4.0,11.0,11.0,0,24.4,22.7,8.2,9.8,0.721,0.706
824214,2026-03-30,R,Boston Red Sox,Houston Astros,1,8,1,Ranger Suarez,Lance McCullers Jr.,183.0,3.0,4.909090909090909,6.333333333333333,22.0,25.0,184.0,4.333333333333333,2.25,2.6666666666666665,10.0,9.0,0,22.3,23.2,14.2,5.8,0.74,0.745
824539,2026-03-30,R,Pittsburgh Pirates,Cincinnati Reds,0,2,1,Braxton Ashcraft,Chase Burns,234.0,6.0,3.2142857142857144,4.0,9.0,10.0,186.0,4.333333333333333,4.235294117647059,5.666666666666667,13.0,18.0,0,35.6,24.3,8.5,8.2,0.723,0.662
824702,2026-03-30,R,Los Angeles Angels,Chicago Cubs,2,7,1,Ryan Johnson,Edward Cabrera,183.0,5.0,3.0,4.0,17.0,18.0,,,1.8,4.0,25.0,22.0,0,25.8,22.2,8.3,6.9,0.751,0.693
824863,2026-03-30,R,Texas Rangers,Baltimore Orioles,5,2,0,Jack Leiter,Chris Bassitt,193.0,4.333333333333333,3.6,3.6666666666666665,11.0,11.0,185.0,7.0,0.6923076923076923,3.6666666666666665,16.0,12.0,0,22.6,22.9,7.1,10.4,0.713,0.695
824943,2026-03-30,R,Athletics,Atlanta Braves,0,4,1,Jacob Lopez,Bryce Elder,187.0,7.0,0.9,4.0,13.0,6.0,218.0,2.0,3.6486486486486487,3.6666666666666665,11.0,16.0,0,19.3,28.3,7.5,9.3,0.716,0.752
825108,2026-03-30,R,Detroit Tigers,Arizona Diamondbacks,6,9,1,Justin Verlander,Michael Soroka,238.0,2.0,6.096774193548387,0.0,8.0,16.0,184.0,6.0,0.9310344827586207,0.0,13.0,7.0,0,25.1,20.7,7.7,7.9,0.764,0.712
822836,2026-03-31,R,Colorado Rockies,Toronto Blue Jays,1,5,1,Ryan Feltner,Max Scherzer,150.0,4.333333333333333,8.526315789473685,6.666666666666667,21.0,25.0,337.0,4.666666666666667,3.9375,4.333333333333333,21.0,15.0,0,22.9,18.5,6.4,8.9,0.763,0.679
823077,2026-03-31,R,New York Mets,St. Louis Cardinals,0,3,1,Kodai Senga,Andre Pallante,189.0,2.6666666666666665,7.9411764705882355,4.0,24.0,27.0,212.0,4.666666666666667,2.0,3.3333333333333335,22.0,15.0,0,15.5,22.6,8.7,11.4,0.692,0.777
823158,2026-03-31,R,New York Yankees,Seattle Mariners,5,0,0,Max Fried,Logan Gilbert,5.0,5.333333333333333,3.24,3.0,24.0,14.0,6.0,6.333333333333333,0.6,4.0,14.0,3.0,1,32.3,23.6,5.8,6.4,0.727,0.783
823322,2026-03-31,R,San Francisco Giants,San Diego Padres,9,3,0,Logan Webb,Germán Márquez,186.0,4.333333333333333,3.0,5.0,9.0,16.0,6.0,5.0,2.297872340425532,3.0,4.0,15.0,0,14.0,26.2,8.1,5.4,0.72,0.722
823485,2026-03-31,R,Washington Nationals,Philadelphia Phillies,2,3,1,PJ Poulin,Andrew Painter,,,7.043478260869565,4.333333333333333,14.0,29.0,,,3.306122448979592,4.0,31.0,19.0,0,,24.5,,11.8,0.747,0.715
823807,2026-03-31,R,Tampa Bay Rays,Milwaukee Brewers,2,6,1,Shane McClanahan,Brandon Woodruff,195.0,5.0,1.4464285714285714,4.0,31.0,13.0,,,8.775,3.0,26.0,24.0,0,32.3,,5.4,,0.734,0.735
823888,2026-03-31,R,Chicago White Sox,Miami Marlins,2,9,1,Erick Fedde,Janson Junk,187.0,4.666666666666667,0.6923076923076923,5.0,14.0,16.0,226.0,4.0,10.18867924528302,4.0,19.0,33.0,0,17.2,13.3,2.9,10.8,0.729,0.666
823969,2026-03-31,R,Cleveland Guardians,Los Angeles Dodgers,1,4,1,Tanner Bibee,Shohei Ohtani,150.0,2.3333333333333335,1.62,5.0,18.0,12.0,5.0,5.0,3.6,3.0,17.0,24.0,0,33.2,21.3,4.3,7.1,0.77,0.679
824212,2026-03-31,R,Boston Red Sox,Houston Astros,2,9,1,Brayan Bello,Hunter Brown,5.0,4.666666666666667,4.426229508196721,2.0,30.0,26.0,181.0,2.3333333333333335,4.0212765957446805,3.6666666666666665,11.0,17.0,1,28.3,17.7,7.8,8.4,0.706,0.745
824537,2026-03-31,R,Pittsburgh Pirates,Cincinnati Reds,8,3,0,Bubba Chandler,Brandon Williamson,,,2.5,4.0,11.0,10.0,185.0,5.666666666666667,3.789473684210526,2.0,13.0,20.0,1,,25.0,,3.2,0.723,0.635
824699,2026-03-31,R,Los Angeles Angels,Chicago Cubs,2,0,0,José Soriano,Jameson Taillon,174.0,4.0,3.6,3.0,24.0,20.0,5.0,6.0,1.8305084745762712,4.666666666666667,27.0,29.0,1,18.9,21.0,5.2,10.8,0.751,0.693
824861,2026-03-31,R,Texas Rangers,Baltimore Orioles,8,5,0,Jacob deGrom,Zach Eflin,246.0,4.333333333333333,3.0681818181818183,4.666666666666667,13.0,16.0,188.0,5.0,0.5625,3.0,21.0,14.0,0,16.2,27.7,4.2,5.5,0.713,0.695
824942,2026-03-31,R,Athletics,Atlanta Braves,5,2,0,Aaron Civale,José Suarez,196.0,7.0,0.6923076923076923,3.0,17.0,6.0,216.0,4.666666666666667,3.306122448979592,4.0,11.0,20.0,1,19.8,20.2,12.3,7.6,0.721,0.74
825107,2026-03-31,R,Detroit Tigers,Arizona Diamondbacks,5,7,1,Casey Mize,Brandon Pfaadt,184.0,4.0,8.162790697674419,4.0,17.0,22.0,174.0,3.0,3.2142857142857144,4.333333333333333,19.0,16.0,1,19.2,22.2,4.8,5.7,0.764,0.712
822835,2026-04-01,R,Colorado Rockies,Toronto Blue Jays,2,1,0,Kyle Freeland,Kevin Gausman,5.0,6.0,7.363636363636363,3.0,26.0,26.0,5.0,4.333333333333333,5.142857142857143,5.0,22.0,20.0,0,24.4,17.5,6.5,5.4,0.755,0.679
823078,2026-04-01,R,New York Mets,St. Louis Cardinals,1,2,1,Freddy Peralta,Matthew Liberatore,6.0,5.0,6.428571428571429,4.0,27.0,27.0,6.0,5.0,2.25,2.0,22.0,18.0,0,18.8,28.2,6.2,9.1,0.692,0.696
823157,2026-04-01,R,New York Yankees,Seattle Mariners,5,3,0,Cam Schlittler,George Kirby,5.0,6.0,2.6557377049180326,3.6666666666666665,24.0,19.0,5.0,5.333333333333333,0.5294117647058824,2.0,19.0,3.0,1,26.1,27.6,5.5,10.2,0.747,0.783
823321,2026-04-01,R,San Francisco Giants,San Diego Padres,1,7,1,Adrian Houser,Nick Pivetta,6.0,3.0,3.75,6.0,12.0,25.0,187.0,6.0,1.9285714285714286,3.0,13.0,18.0,0,26.4,17.8,6.9,7.3,0.72,0.722
823483,2026-04-01,R,Washington Nationals,Philadelphia Phillies,5,6,1,Cade Cavalli,Cristopher Sánchez,6.0,6.0,6.157894736842105,3.6666666666666665,17.0,31.0,6.0,3.6666666666666665,3.4714285714285715,7.0,33.0,22.0,0,26.3,18.3,5.5,6.8,0.764,0.639
823806,2026-04-01,R,Tampa Bay Rays,Milwaukee Brewers,2,8,1,Drew Rasmussen,Jacob Misiorowski,6.0,5.0,1.1911764705882353,4.0,37.0,15.0,6.0,5.0,8.64,3.3333333333333335,28.0,30.0,0,32.0,21.7,11.0,6.3,0.737,0.735
823889,2026-04-01,R,Chicago White Sox,Miami Marlins,0,10,1,Shane Smith,Sandy Alcantara,5.0,7.0,0.5094339622641509,4.666666666666667,23.0,18.0,6.0,1.6666666666666667,10.451612903225806,3.0,21.0,42.0,0,19.1,23.5,7.7,9.4,0.729,0.666
823970,2026-04-01,R,Cleveland Guardians,Los Angeles Dodgers,4,1,0,Gavin Williams,Yoshinobu Yamamoto,6.0,6.0,1.8305084745762712,3.0,22.0,13.0,5.0,5.0,4.125,4.0,18.0,28.0,0,29.4,24.6,8.6,11.8,0.77,0.679
824136,2026-04-01,R,Minnesota Twins,Kansas City Royals,9,13,1,Joe Ryan,Noah Cameron,187.0,4.666666666666667,6.75,0.0,9.0,14.0,6.0,5.333333333333333,5.023255813953488,0.0,12.0,14.0,1,20.5,28.2,7.7,5.7,0.721,0.706
824211,2026-04-01,R,Boston Red Sox,Houston Astros,4,6,1,Garrett Crochet,Mike Burrows,5.0,5.666666666666667,4.242857142857143,3.0,39.0,28.0,6.0,6.0,4.7368421052631575,3.3333333333333335,13.0,26.0,1,24.1,31.3,7.7,5.7,0.74,0.745
824536,2026-04-01,R,Pittsburgh Pirates,Cincinnati Reds,8,3,0,Paul Skenes,Andrew Abbott,6.0,6.0,2.8208955223880596,4.333333333333333,14.0,18.0,6.0,0.6666666666666666,3.8028169014084505,4.666666666666667,21.0,23.0,1,21.8,29.5,6.3,5.7,0.723,0.635
824698,2026-04-01,R,Los Angeles Angels,Chicago Cubs,2,6,1,Yusei Kikuchi,Matthew Boyd,6.0,3.6666666666666665,3.7241379310344827,4.333333333333333,24.0,22.0,5.0,4.333333333333333,1.588235294117647,3.0,29.0,29.0,1,21.4,22.5,5.8,9.6,0.751,0.701
824860,2026-04-01,R,Texas Rangers,Baltimore Orioles,3,8,1,Nathan Eovaldi,Trevor Rogers,6.0,7.0,5.4,5.333333333333333,18.0,24.0,6.0,4.666666666666667,1.3278688524590163,4.333333333333333,29.0,19.0,0,24.3,26.0,6.9,4.2,0.713,0.653
824940,2026-04-01,R,Athletics,Atlanta Braves,1,5,1,Luis Severino,Chris Sale,5.0,6.0,0.9818181818181818,5.333333333333333,19.0,11.0,5.0,5.0,2.6557377049180326,4.0,16.0,22.0,1,32.4,17.6,6.3,7.1,0.721,0.74
825106,2026-04-01,R,Detroit Tigers,Arizona Diamondbacks,0,1,1,Tarik Skubal,Zac Gallen,6.0,4.0,6.75,3.0,24.0,27.0,6.0,6.0,6.1875,2.0,24.0,23.0,1,21.5,32.2,8.1,4.4,0.742,0.712
823242,2026-04-02,R,New York Mets,San Francisco Giants,2,7,1,David Peterson,Robbie Ray,6.0,5.333333333333333,3.375,2.6666666666666665,14.0,25.0,5.0,5.333333333333333,1.7763157894736843,5.333333333333333,23.0,20.0,0,24.6,20.7,9.7,9.0,0.631,0.696
824133,2026-04-02,R,Minnesota Twins,Kansas City Royals,5,1,0,Taj Bradley,Cole Ragans,6.0,4.0,8.4375,4.0,22.0,23.0,5.0,4.333333333333333,5.890909090909091,4.0,21.0,27.0,1,38.1,21.0,7.8,9.3,0.721,0.706
825105,2026-04-02,R,Atlanta Braves,Arizona Diamondbacks,17,2,0,Reynaldo López,Ryne Nelson,6.0,4.666666666666667,5.754098360655738,3.0,25.0,27.0,5.0,6.0,0.84375,3.0,24.0,12.0,0,21.3,4.0,6.6,8.0,0.764,0.721
822758,2026-04-03,R,Los Angeles Dodgers,Washington Nationals,13,6,0,Emmet Sheehan,Miles Mikolas,6.0,5.0,4.443037974683544,0.0,38.0,28.0,7.0,3.3333333333333335,2.3823529411764706,0.0,23.0,17.0,0,14.9,30.6,5.5,7.6,0.715,0.77
822919,2026-04-03,R,Cincinnati Reds,Texas Rangers,5,3,0,Brady Singer,MacKenzie Gore,5.0,5.333333333333333,1.8493150684931507,0.0,32.0,27.0,6.0,4.0,3.857142857142857,0.0,17.0,26.0,0,27.2,22.8,9.3,8.4,0.695,0.653
823240,2026-04-03,R,New York Mets,San Francisco Giants,10,3,0,Nolan McLean,Tyler Mahle,6.0,4.0,2.88,3.6666666666666665,21.0,27.0,5.0,5.0,1.8620689655172413,3.6666666666666665,25.0,27.0,1,19.1,30.3,8.4,8.5,0.722,0.777
823406,2026-04-03,R,Baltimore Orioles,Pittsburgh Pirates,4,5,1,Kyle Bradish,Mitch Keller,6.0,6.0,3.9036144578313254,0.0,29.0,26.0,6.0,4.666666666666667,5.086956521739131,0.0,26.0,27.0,0,20.0,37.3,6.8,7.9,0.662,0.713
823568,2026-04-03,R,Miami Marlins,New York Yankees,2,8,1,Eury Pérez,Will Warren,6.0,4.333333333333333,1.8305084745762712,0.0,24.0,6.0,6.0,7.0,0.5094339622641509,0.0,33.0,18.0,0,24.1,27.3,9.1,8.3,0.783,0.729
823732,2026-04-03,R,Tampa Bay Rays,Minnesota Twins,4,10,1,Joe Boyle,Bailey Ober,5.0,4.0,5.484375,3.0,26.0,28.0,6.0,6.0,8.694915254237289,0.0,30.0,38.0,0,19.2,25.7,5.0,12.4,0.708,0.735
824056,2026-04-03,R,Seattle Mariners,Los Angeles Angels,3,1,0,Bryan Woo,Reid Detmers,6.0,4.666666666666667,1.4210526315789473,0.0,31.0,35.0,6.0,6.0,2.7,0.0,27.0,24.0,0,30.1,27.1,9.4,4.9,0.693,0.727
824299,2026-04-03,R,St. Louis Cardinals,Detroit Tigers,0,4,1,Michael McGreevy,Framber Valdez,7.0,6.0,5.823529411764706,0.0,24.0,24.0,6.0,6.0,5.1923076923076925,0.0,29.0,28.0,0,23.3,14.5,8.5,5.0,0.712,0.695
824377,2026-04-03,R,Philadelphia Phillies,Colorado Rockies,10,1,0,Aaron Nola,Michael Lorenzen,6.0,4.333333333333333,4.153846153846154,0.0,24.0,21.0,6.0,5.0,6.464788732394366,0.0,23.0,36.0,0,21.0,24.0,6.4,6.9,0.679,0.764
824458,2026-04-03,R,Chicago Cubs,Cleveland Guardians,1,4,1,Cade Horton,Joey Cantillo,6.0,3.6666666666666665,4.153846153846154,0.0,22.0,29.0,6.0,6.333333333333333,3.176470588235294,0.0,30.0,24.0,0,26.9,20.4,10.5,6.9,0.679,0.751
824621,2026-04-03,R,Toronto Blue Jays,Chicago White Sox,4,5,1,Dylan Cease,Grant Taylor,250.0,1.0,9.116883116883116,0.0,21.0,52.0,6.0,5.333333333333333,6.576923076923077,0.0,27.0,28.0,0,34.4,29.8,9.6,9.8,0.666,0.763
824786,2026-04-03,R,San Diego Padres,Boston Red Sox,2,5,1,Michael King,Sonny Gray,6.0,4.0,4.5,0.0,17.0,32.0,7.0,5.0,3.5357142857142856,0.0,19.0,26.0,0,26.7,24.7,5.0,8.4,0.745,0.72
825026,2026-04-03,R,Houston Astros,Athletics,4,11,1,Cristian Javier,Jeffrey Springs,6.0,5.333333333333333,2.52,0.0,17.0,27.0,6.0,4.666666666666667,4.280487804878049,0.0,45.0,32.0,0,19.4,21.7,7.6,9.6,0.752,0.74
825103,2026-04-03,R,Atlanta Braves,Arizona Diamondbacks,2,0,0,Grant Holmes,Eduardo Rodriguez,6.0,5.0,7.297297297297297,4.333333333333333,27.0,44.0,5.0,5.0,1.0657894736842106,4.0,41.0,14.0,0,20.6,25.0,8.6,11.0,0.764,0.716
822757,2026-04-04,R,Los Angeles Dodgers,Washington Nationals,10,5,0,Tyler Glasnow,Jake Irvin,6.0,5.0,4.354838709677419,4.666666666666667,44.0,41.0,7.0,6.0,2.769230769230769,3.3333333333333335,36.0,23.0,0,15.8,29.0,7.9,11.7,0.715,0.77
822920,2026-04-04,R,Cincinnati Reds,Texas Rangers,2,0,0,Rhett Lowder,Kumar Rocker,247.0,4.666666666666667,2.3048780487804876,3.0,35.0,32.0,6.0,5.0,3.640449438202247,4.0,22.0,29.0,0,19.5,,8.0,,0.695,0.723
823239,2026-04-04,R,New York Mets,San Francisco Giants,9,0,0,Clay Holmes,Landen Roupp,5.0,6.0,4.0344827586206895,4.0,24.0,37.0,5.0,5.666666666666667,1.9285714285714286,3.6666666666666665,35.0,30.0,1,21.4,18.2,9.5,9.3,0.722,0.777
823404,2026-04-04,R,Baltimore Orioles,Pittsburgh Pirates,2,3,1,Shane Baz,Carmen Mlodzinski,6.0,4.333333333333333,4.108695652173913,3.0,34.0,30.0,6.0,5.333333333333333,4.666666666666667,4.0,30.0,32.0,1,21.2,24.8,6.4,9.0,0.662,0.713
823569,2026-04-04,R,Miami Marlins,New York Yankees,7,9,1,Max Meyer,Ryan Weathers,5.0,4.333333333333333,1.565217391304348,3.3333333333333335,32.0,8.0,6.0,5.0,1.6615384615384616,4.0,35.0,26.0,1,22.3,23.9,7.2,7.0,0.783,0.656
823730,2026-04-04,R,Tampa Bay Rays,Minnesota Twins,7,1,0,Steven Matz,Mick Abel,189.0,6.0,4.784810126582278,5.0,36.0,32.0,6.0,5.0,10.074626865671641,2.6666666666666665,34.0,48.0,1,22.4,19.1,9.2,3.6,0.706,0.735
824054,2026-04-04,R,Seattle Mariners,Los Angeles Angels,0,1,1,Emerson Hancock,Jack Kochanowicz,6.0,4.0,1.8837209302325582,3.3333333333333335,32.0,38.0,6.0,6.0,2.392405063291139,3.0,30.0,25.0,0,14.1,16.6,11.3,8.1,0.693,0.747
824132,2026-04-04,R,Milwaukee Brewers,Kansas City Royals,5,2,0,Chad Patrick,Luinder Avila,,,9.0,0.0,23.0,28.0,7.0,4.333333333333333,1.051948051948052,0.0,45.0,17.0,0,28.6,25.2,10.7,8.0,0.721,0.737
824295,2026-04-04,R,St. Louis Cardinals,Detroit Tigers,6,11,1,Dustin May,Jack Flaherty,7.0,4.333333333333333,4.95,3.0,28.0,24.0,6.0,4.0,4.909090909090909,3.3333333333333335,29.0,32.0,1,27.6,21.1,8.7,9.6,0.712,0.692
824378,2026-04-04,R,Philadelphia Phillies,Colorado Rockies,2,1,0,Jesús Luzardo,Brennan Bernardino,213.0,0.6666666666666666,3.65625,6.0,25.0,31.0,6.0,6.0,5.810126582278481,2.6666666666666665,33.0,37.0,0,19.1,28.5,12.0,7.5,0.679,0.747
824622,2026-04-04,R,Toronto Blue Jays,Chicago White Sox,3,6,1,Mason Fluharty,Grant Taylor,1.0,1.0,7.528846153846154,9.0,26.0,56.0,,,5.457446808510638,5.333333333333333,31.0,33.0,1,34.4,26.0,9.6,11.2,0.699,0.763
824782,2026-04-04,R,San Diego Padres,Boston Red Sox,3,2,0,Randy Vásquez,Connelly Early,6.0,5.333333333333333,3.96,3.0,22.0,34.0,7.0,6.0,3.5604395604395602,2.3333333333333335,21.0,31.0,1,36.7,13.7,5.1,9.1,0.745,0.691
825027,2026-04-04,R,Houston Astros,Athletics,11,0,0,Tatsuya Imai,Luis Morales,6.0,4.333333333333333,3.2142857142857144,3.0,28.0,31.0,6.0,2.6666666666666665,5.11578947368421,4.333333333333333,49.0,43.0,1,21.6,,9.0,,0.752,0.706
825104,2026-04-04,R,Atlanta Braves,Arizona Diamondbacks,1,2,1,Bryce Elder,Michael Soroka,5.0,5.0,7.425,2.0,27.0,46.0,5.0,6.0,0.9529411764705882,3.0,43.0,14.0,0,25.1,19.3,7.7,7.5,0.764,0.721
824134,2026-04-04,R,Milwaukee Brewers,Kansas City Royals,2,8,1,Logan Henderson,Seth Lugo,6.0,6.333333333333333,6.84,0.0,25.0,33.0,244.0,4.333333333333333,1.5168539325842696,0.0,50.0,19.0,0,20.5,33.3,9.0,8.1,0.721,0.737
822756,2026-04-05,R,Los Angeles Dodgers,Washington Nationals,8,6,0,Roki Sasaki,Foster Griffin,6.0,5.0,4.75,5.0,49.0,51.0,6.0,4.0,3.413793103448276,3.0,46.0,28.0,0,,17.4,,13.7,0.715,0.765
822917,2026-04-05,R,Cincinnati Reds,Texas Rangers,2,1,0,Chase Burns,Jack Leiter,6.0,6.0,2.0106382978723403,4.0,35.0,34.0,6.0,5.0,3.306122448979592,3.0,24.0,29.0,0,22.9,35.6,10.4,8.5,0.695,0.723
823238,2026-04-05,R,New York Mets,San Francisco Giants,5,2,0,Kodai Senga,Logan Webb,5.0,6.0,4.05,4.333333333333333,24.0,46.0,5.0,6.0,1.8173076923076923,2.0,44.0,30.0,1,26.2,22.6,5.4,11.4,0.722,0.777
823405,2026-04-05,R,Baltimore Orioles,Pittsburgh Pirates,2,8,1,Chris Bassitt,Braxton Ashcraft,6.0,6.0,3.6,4.333333333333333,37.0,32.0,6.0,4.333333333333333,4.550561797752809,2.6666666666666665,32.0,35.0,1,24.3,22.6,8.2,7.1,0.662,0.713
823566,2026-04-05,R,Miami Marlins,New York Yankees,7,6,0,Pete Fairbanks,Max Fried,5.0,7.0,2.223529411764706,5.333333333333333,41.0,15.0,,,3.24,3.3333333333333335,42.0,35.0,1,23.6,24.2,6.4,7.4,0.783,0.656
823729,2026-04-05,R,Tampa Bay Rays,Minnesota Twins,4,1,0,Nick Martinez,Simeon Woods Richardson,6.0,5.0,4.882978723404255,5.0,37.0,39.0,6.0,6.0,8.881578947368421,3.0,41.0,49.0,1,22.7,17.0,9.8,6.1,0.708,0.735
824053,2026-04-05,R,Seattle Mariners,Los Angeles Angels,7,8,1,Luis Castillo,George Klassen,,,1.6875,3.3333333333333335,33.0,38.0,6.0,6.0,2.2771084337349397,1.3333333333333333,30.0,26.0,0,,21.7,,6.2,0.693,0.747
824131,2026-04-05,R,Milwaukee Brewers,Kansas City Royals,8,5,0,Kyle Harrison,Kris Bubic,6.0,6.0,5.896551724137931,10.0,33.0,35.0,6.0,5.0,2.2710280373831777,10.0,52.0,27.0,0,24.4,24.4,8.2,9.0,0.659,0.734
824296,2026-04-05,R,St. Louis Cardinals,Detroit Tigers,5,3,0,Kyle Leahy,Keider Montero,190.0,4.333333333333333,4.438356164383562,4.333333333333333,39.0,30.0,6.0,5.0,5.294117647058823,4.666666666666667,35.0,43.0,1,18.5,22.0,8.0,7.7,0.712,0.692
824379,2026-04-05,R,Philadelphia Phillies,Colorado Rockies,1,4,1,Taijuan Walker,Tomoyuki Sugano,6.0,4.666666666666667,3.12396694214876,8.333333333333334,26.0,33.0,6.0,4.666666666666667,5.337209302325581,2.3333333333333335,35.0,38.0,0,15.7,16.0,5.3,7.8,0.679,0.764
824459,2026-04-05,R,Chicago Cubs,Cleveland Guardians,1,0,0,Edward Cabrera,Slade Cecconi,7.0,4.333333333333333,3.640449438202247,0.0,26.0,30.0,6.0,6.0,3.640449438202247,0.0,31.0,28.0,1,20.0,25.8,5.9,8.3,0.679,0.751
824620,2026-04-05,R,Toronto Blue Jays,Chicago White Sox,0,3,1,Eric Lauer,Davis Martin,6.0,5.0,6.75,8.0,32.0,59.0,7.0,5.333333333333333,5.165217391304348,7.0,34.0,39.0,1,17.3,23.9,8.0,6.1,0.699,0.763
824781,2026-04-05,R,San Diego Padres,Boston Red Sox,8,6,0,Walker Buehler,Ranger Suarez,6.0,4.333333333333333,3.6,5.0,24.0,37.0,6.0,4.0,3.51,3.0,24.0,33.0,1,23.2,16.3,5.8,10.6,0.745,0.691
825025,2026-04-05,R,Houston Astros,Athletics,10,12,1,Lance McCullers Jr.,Jacob Lopez,6.0,4.0,4.235294117647059,6.0,28.0,42.0,6.0,7.0,4.628571428571429,3.3333333333333335,60.0,43.0,1,28.3,22.3,9.3,14.2,0.752,0.74
825102,2026-04-05,R,Atlanta Braves,Arizona Diamondbacks,5,6,1,Martín Pérez,Brandon Pfaadt,5.0,6.0,6.456521739130435,4.0,29.0,47.0,200.0,3.6666666666666665,0.9204545454545454,1.0,44.0,16.0,0,19.2,19.3,4.8,9.6,0.742,0.721
824460,2026-04-05,R,Chicago Cubs,Cleveland Guardians,5,6,1,Shota Imanaga,Parker Messick,6.0,6.0,3.5816326530612246,0.0,26.0,31.0,7.0,5.0,3.272727272727273,0.0,32.0,28.0,1,23.0,20.6,3.6,4.6,0.647,0.751
822755,2026-04-06,R,St. Louis Cardinals,Washington Nationals,6,9,1,Andre Pallante,Zack Littell,187.0,3.3333333333333335,5.85,4.0,55.0,59.0,6.0,5.0,4.973684210526316,4.0,40.0,46.0,0,17.1,15.5,4.2,8.7,0.715,0.692
822832,2026-04-06,R,Los Angeles Dodgers,Toronto Blue Jays,14,2,0,Justin Wrobleski,Max Scherzer,6.0,6.0,4.669172932330827,6.0,34.0,42.0,304.0,6.0,3.0,4.0,54.0,34.0,0,22.9,27.1,6.4,6.1,0.755,0.77
822918,2026-04-06,R,Seattle Mariners,Texas Rangers,1,2,1,Logan Gilbert,Jacob deGrom,6.0,4.666666666666667,2.0377358490566038,4.0,36.0,36.0,6.0,5.333333333333333,2.3365384615384617,7.0,37.0,34.0,0,27.7,32.3,5.5,5.8,0.695,0.747
823002,2026-04-06,R,Chicago Cubs,Tampa Bay Rays,4,6,1,Jameson Taillon,Shane McClanahan,6.0,4.666666666666667,7.670454545454546,4.0,45.0,50.0,6.0,4.666666666666667,4.25,6.333333333333333,37.0,34.0,0,,18.9,,5.2,0.735,0.751
823237,2026-04-06,R,Philadelphia Phillies,San Francisco Giants,6,4,0,Andrew Painter,Adrian Houser,5.0,5.333333333333333,4.839622641509434,2.0,26.0,51.0,6.0,5.333333333333333,4.831578947368421,3.0,36.0,42.0,0,17.8,,7.3,,0.722,0.764
823401,2026-04-06,R,San Diego Padres,Pittsburgh Pirates,5,0,0,Germán Márquez,Bubba Chandler,6.0,4.333333333333333,3.5526315789473686,3.0,45.0,34.0,6.0,3.0,3.403361344537815,6.333333333333333,32.0,39.0,0,25.0,14.0,3.2,8.1,0.662,0.72
823728,2026-04-06,R,Detroit Tigers,Minnesota Twins,3,7,1,Casey Mize,Joe Ryan,5.0,4.0,4.9326923076923075,3.3333333333333335,38.0,43.0,6.0,6.0,4.0344827586206895,4.666666666666667,42.0,35.0,0,28.2,22.2,5.7,5.7,0.708,0.712
823886,2026-04-06,R,Cincinnati Reds,Miami Marlins,2,0,0,Brandon Williamson,Janson Junk,6.0,4.333333333333333,3.0,8.0,49.0,41.0,6.0,4.666666666666667,3.02803738317757,3.0,26.0,30.0,0,17.2,,2.9,,0.656,0.723
824052,2026-04-06,R,Atlanta Braves,Los Angeles Angels,2,6,1,Chris Sale,José Soriano,6.0,6.0,2.231404958677686,8.333333333333334,41.0,45.0,5.0,6.0,1.08,4.0,49.0,22.0,0,21.0,32.4,10.8,6.3,0.701,0.721
824376,2026-04-06,R,Houston Astros,Colorado Rockies,7,9,1,Cody Bolton,Ryan Feltner,6.0,3.0,2.9076923076923076,3.0,30.0,34.0,,,5.85,5.0,70.0,55.0,0,18.5,10.0,8.9,0.0,0.679,0.706
824456,2026-04-06,R,Kansas City Royals,Cleveland Guardians,4,2,0,Michael Wacha,Tanner Bibee,6.0,4.0,4.172727272727273,7.0,32.0,36.0,9.0,6.0,6.2727272727272725,4.0,38.0,43.0,0,21.3,17.6,7.1,6.3,0.679,0.721
824619,2026-04-06,R,Baltimore Orioles,Chicago White Sox,2,1,0,Brandon Young,Grant Taylor,2.0,1.0,6.306569343065694,3.0,35.0,59.0,228.0,5.333333333333333,4.289719626168225,6.0,34.0,43.0,0,34.4,18.4,9.6,8.6,0.666,0.713
824783,2026-04-06,R,Milwaukee Brewers,Boston Red Sox,8,6,0,Brandon Woodruff,Brayan Bello,6.0,4.666666666666667,4.114285714285714,5.0,30.0,45.0,6.0,5.0,2.7457627118644066,3.6666666666666665,60.0,32.0,0,17.7,32.3,8.4,5.4,0.745,0.737
822754,2026-04-07,R,St. Louis Cardinals,Washington Nationals,7,6,0,Matthew Liberatore,Cade Cavalli,6.0,6.0,6.340909090909091,4.0,64.0,65.0,6.0,6.0,6.146341463414634,3.0,46.0,55.0,1,18.3,18.8,6.8,6.2,0.639,0.692
822831,2026-04-07,R,Los Angeles Dodgers,Toronto Blue Jays,4,1,0,Yoshinobu Yamamoto,Kevin Gausman,6.0,6.0,6.136363636363637,7.0,36.0,56.0,6.0,6.0,2.918918918918919,4.0,68.0,36.0,0,24.4,29.4,6.5,8.6,0.763,0.77
822916,2026-04-07,R,Seattle Mariners,Texas Rangers,2,3,1,George Kirby,Nathan Eovaldi,6.0,4.0,1.8305084745762712,4.0,38.0,37.0,6.0,6.0,2.209090909090909,2.0,38.0,36.0,1,26.0,26.1,4.2,5.5,0.695,0.747
822999,2026-04-07,R,Chicago Cubs,Tampa Bay Rays,9,2,0,Javier Assad,Mason Englert,,,7.077669902912621,5.0,51.0,54.0,191.0,5.333333333333333,4.5,2.0,41.0,40.0,1,23.8,15.0,5.9,7.8,0.735,0.751
823235,2026-04-07,R,Philadelphia Phillies,San Francisco Giants,0,6,1,Cristopher Sánchez,Robbie Ray,5.0,5.333333333333333,4.930434782608696,3.0,30.0,57.0,6.0,5.333333333333333,4.172727272727273,5.0,42.0,46.0,0,24.6,26.3,9.7,5.5,0.631,0.747
823402,2026-04-07,R,San Diego Padres,Pittsburgh Pirates,1,7,1,Nick Pivetta,Paul Skenes,6.0,5.0,3.5859375,4.666666666666667,45.0,39.0,6.0,5.0,3.0916030534351147,4.0,37.0,39.0,0,29.5,26.4,5.7,6.9,0.662,0.72
823567,2026-04-07,R,Athletics,New York Yankees,3,5,1,Aaron Civale,Cam Schlittler,6.0,6.333333333333333,3.2282608695652173,0.0,47.0,22.0,7.0,5.0,4.991596638655462,0.0,40.0,52.0,0,27.6,20.2,10.2,7.6,0.783,0.752
823648,2026-04-07,R,Arizona Diamondbacks,New York Mets,3,4,1,Zac Gallen,Freddy Peralta,6.0,5.333333333333333,1.6578947368421053,0.0,49.0,32.0,6.0,6.0,5.75,0.0,35.0,52.0,0,28.2,21.5,9.1,8.1,0.777,0.764
823727,2026-04-07,R,Detroit Tigers,Minnesota Twins,2,4,1,Tarik Skubal,Taj Bradley,5.0,6.0,4.422413793103448,4.0,45.0,46.0,6.0,7.0,4.13265306122449,3.6666666666666665,45.0,42.0,1,21.0,32.2,9.3,4.4,0.706,0.712
823887,2026-04-07,R,Cincinnati Reds,Miami Marlins,6,3,0,Andrew Abbott,Sandy Alcantara,6.0,9.0,2.855769230769231,1.6666666666666667,49.0,43.0,6.0,5.666666666666667,2.8421052631578947,2.3333333333333335,28.0,30.0,0,19.1,21.8,7.7,6.3,0.656,0.723
824051,2026-04-07,R,Atlanta Braves,Los Angeles Angels,7,2,0,Reynaldo López,Yusei Kikuchi,6.0,5.333333333333333,2.3951612903225805,1.0,47.0,47.0,5.0,5.0,0.9642857142857143,4.0,51.0,28.0,1,22.5,4.0,9.6,8.0,0.693,0.716
824375,2026-04-07,R,Houston Astros,Colorado Rockies,1,5,1,Mike Burrows,Kyle Freeland,6.0,5.0,3.25531914893617,3.6666666666666665,39.0,41.0,6.0,5.0,6.595419847328245,3.6666666666666665,77.0,64.0,1,17.5,24.1,5.4,7.7,0.679,0.74
824457,2026-04-07,R,Kansas City Royals,Cleveland Guardians,1,2,1,Noah Cameron,Gavin Williams,6.0,7.0,4.390243902439025,4.333333333333333,34.0,40.0,6.0,5.0,6.171428571428572,2.0,42.0,45.0,0,24.6,20.5,11.8,7.7,0.647,0.721
824618,2026-04-07,R,Baltimore Orioles,Chicago White Sox,4,2,0,Trevor Rogers,Shane Smith,6.0,3.0,5.701863354037267,8.0,36.0,61.0,6.0,6.0,4.084033613445378,4.0,36.0,44.0,0,23.5,24.3,9.4,6.9,0.699,0.713
824780,2026-04-07,R,Milwaukee Brewers,Boston Red Sox,2,3,1,Jacob Misiorowski,Garrett Crochet,6.0,5.0,4.204918032786885,5.666666666666667,36.0,53.0,6.0,6.0,2.7421875,3.3333333333333335,68.0,38.0,0,31.3,32.0,5.7,11.0,0.745,0.734
822753,2026-04-08,R,St. Louis Cardinals,Washington Nationals,6,1,0,Michael McGreevy,Miles Mikolas,5.0,4.333333333333333,6.385135135135135,5.333333333333333,70.0,72.0,5.0,4.666666666666667,5.673913043478261,5.0,53.0,61.0,1,14.9,14.5,5.5,5.0,0.715,0.692
822833,2026-04-08,R,Los Angeles Dodgers,Toronto Blue Jays,3,4,1,Shohei Ohtani,Dylan Cease,5.0,4.333333333333333,5.890909090909091,3.6666666666666665,37.0,60.0,8.0,6.0,2.7,3.0,72.0,37.0,0,29.8,33.2,9.8,4.3,0.763,0.77
822915,2026-04-08,R,Seattle Mariners,Texas Rangers,0,3,1,Bryan Woo,MacKenzie Gore,5.0,6.0,1.7007874015748032,3.0,41.0,39.0,5.0,7.0,2.209090909090909,0.0,40.0,39.0,1,27.2,27.1,9.3,4.9,0.695,0.727
823000,2026-04-08,R,Chicago Cubs,Tampa Bay Rays,6,2,0,Colin Rea,Joe Boyle,5.0,5.333333333333333,7.260504201680672,5.333333333333333,53.0,63.0,194.0,5.666666666666667,4.57258064516129,3.3333333333333335,50.0,42.0,1,25.7,19.2,12.4,6.6,0.735,0.751
823234,2026-04-08,R,Philadelphia Phillies,San Francisco Giants,0,5,1,Aaron Nola,Tyler Mahle,5.0,5.0,4.647540983606557,2.3333333333333335,36.0,57.0,5.0,6.333333333333333,4.310924369747899,3.0,42.0,52.0,0,19.1,24.0,8.4,6.9,0.722,0.764
823403,2026-04-08,R,San Diego Padres,Pittsburgh Pirates,8,2,0,Michael King,Mitch Keller,5.0,6.0,3.375,2.6666666666666665,52.0,40.0,5.0,5.666666666666667,3.664285714285714,3.0,38.0,46.0,0,20.0,24.7,6.8,8.4,0.662,0.72
823564,2026-04-08,R,Athletics,New York Yankees,3,2,0,Luis Severino,Will Warren,5.0,5.666666666666667,2.855769230769231,4.0,52.0,25.0,7.0,3.3333333333333335,5.484375,3.0,43.0,57.0,1,24.1,17.6,9.1,7.1,0.783,0.752
823646,2026-04-08,R,Arizona Diamondbacks,New York Mets,7,2,0,Ryne Nelson,David Peterson,6.0,4.333333333333333,1.4538461538461538,5.333333333333333,53.0,35.0,6.0,4.666666666666667,5.355371900826446,4.333333333333333,38.0,56.0,1,20.7,21.3,9.0,6.6,0.777,0.742
823726,2026-04-08,R,Detroit Tigers,Minnesota Twins,6,8,1,Framber Valdez,Bailey Ober,5.0,4.0,4.354838709677419,2.6666666666666665,49.0,48.0,5.0,6.0,3.75,3.3333333333333335,47.0,46.0,1,19.2,23.3,5.0,8.5,0.706,0.712
823885,2026-04-08,R,Cincinnati Reds,Miami Marlins,4,7,1,Brady Singer,Eury Pérez,5.0,4.0,3.467889908256881,1.6666666666666667,52.0,49.0,5.0,5.0,2.53125,4.666666666666667,34.0,33.0,0,27.3,22.8,8.3,8.4,0.729,0.723
824050,2026-04-08,R,Atlanta Braves,Los Angeles Angels,8,2,0,Grant Holmes,Reid Detmers,5.0,6.666666666666667,2.7794117647058822,4.0,49.0,54.0,5.0,6.0,0.864,4.333333333333333,58.0,30.0,1,30.1,25.0,9.4,11.0,0.693,0.716
824374,2026-04-08,R,Houston Astros,Colorado Rockies,1,9,1,Cristian Javier,Michael Lorenzen,5.0,3.0,3.0805369127516777,2.6666666666666665,44.0,42.0,5.0,3.6666666666666665,6.60431654676259,2.6666666666666665,78.0,69.0,1,21.0,21.7,6.4,9.6,0.679,0.706
824455,2026-04-08,R,Kansas City Royals,Cleveland Guardians,2,10,1,Cole Ragans,Joey Cantillo,5.0,5.333333333333333,4.06015037593985,3.3333333333333335,36.0,41.0,6.0,6.0,5.9734513274336285,2.6666666666666665,43.0,47.0,0,26.9,38.1,10.5,7.8,0.647,0.659
824617,2026-04-08,R,Baltimore Orioles,Chicago White Sox,5,3,0,Kyle Bradish,Sean Burke,11.0,4.0,5.796610169491525,5.333333333333333,38.0,65.0,5.0,4.0,3.796875,3.0,40.0,46.0,0,22.3,37.3,10.6,7.9,0.666,0.713
824779,2026-04-08,R,Milwaukee Brewers,Boston Red Sox,0,5,1,Shane Drohan,Sonny Gray,5.0,6.0,3.9461538461538463,2.6666666666666665,39.0,55.0,,,2.5808823529411766,2.6666666666666665,70.0,41.0,0,26.7,,5.0,,0.743,0.737
823319,2026-04-09,R,Colorado Rockies,San Diego Padres,3,7,1,Jimmy Herget,Randy Vásquez,5.0,6.0,3.442953020134228,3.0,46.0,48.0,,,2.8867924528301887,3.3333333333333335,53.0,43.0,0,13.7,23.3,9.1,7.5,0.72,0.679
823565,2026-04-09,R,Athletics,New York Yankees,1,0,0,Jeffrey Springs,Ryan Weathers,5.0,3.6666666666666665,2.9724770642201834,4.333333333333333,47.0,28.0,6.0,6.0,5.014285714285714,4.0,46.0,59.0,1,22.3,19.4,7.2,7.6,0.797,0.74
823645,2026-04-09,R,Arizona Diamondbacks,New York Mets,7,1,0,Eduardo Rodriguez,Nolan McLean,6.0,5.333333333333333,1.7112676056338028,4.0,55.0,42.0,6.0,7.0,4.9465648854961835,3.3333333333333335,45.0,58.0,1,30.3,20.6,8.5,8.6,0.696,0.764
823724,2026-04-09,R,Detroit Tigers,Minnesota Twins,1,3,1,Jack Flaherty,Mick Abel,5.0,4.0,4.835820895522388,3.3333333333333335,57.0,54.0,5.0,4.0,3.4615384615384617,3.0,53.0,54.0,1,22.4,27.6,9.2,8.7,0.708,0.712
823884,2026-04-09,R,Cincinnati Reds,Miami Marlins,1,8,1,Rhett Lowder,Max Meyer,5.0,4.666666666666667,3.12396694214876,4.0,59.0,53.0,5.0,6.0,2.4375,5.333333333333333,38.0,40.0,0,23.9,,7.0,,0.729,0.723
824130,2026-04-09,R,Chicago White Sox,Kansas City Royals,2,0,0,Anthony Kay,Seth Lugo,5.0,5.0,6.4,7.333333333333333,45.0,57.0,11.0,4.666666666666667,5.714285714285714,4.0,41.0,70.0,0,20.5,,9.0,,0.659,0.666
822829,2026-04-10,R,Minnesota Twins,Toronto Blue Jays,4,10,1,Simeon Woods Richardson,Patrick Corbin,194.0,4.0,5.6440677966101696,0.0,41.0,63.0,5.0,6.666666666666667,4.6,3.0,59.0,53.0,0,19.8,22.7,7.7,9.8,0.763,0.706
822997,2026-04-10,R,New York Yankees,Tampa Bay Rays,3,5,1,Luis Gil,Steven Matz,6.0,6.0,5.225806451612903,0.0,48.0,60.0,188.0,2.6666666666666665,2.892857142857143,1.0,47.0,29.0,0,19.1,16.8,3.6,13.5,0.735,0.797
823076,2026-04-10,R,Boston Red Sox,St. Louis Cardinals,2,3,1,Connelly Early,Dustin May,6.0,3.3333333333333335,4.6,0.0,50.0,55.0,6.0,4.0,3.9767441860465116,0.0,41.0,55.0,0,21.1,36.7,9.6,5.1,0.695,0.745
823156,2026-04-10,R,Houston Astros,Seattle Mariners,6,9,1,Tatsuya Imai,Emerson Hancock,6.0,6.666666666666667,1.5,0.0,36.0,36.0,6.0,5.666666666666667,7.163265306122449,0.0,79.0,75.0,0,16.6,,8.1,,0.747,0.706
823318,2026-04-10,R,Colorado Rockies,San Diego Padres,2,5,1,Tomoyuki Sugano,Walker Buehler,5.0,2.6666666666666665,3.06,6.333333333333333,51.0,43.0,5.0,6.0,2.9842105263157896,10.333333333333334,56.0,50.0,1,16.3,15.7,10.6,5.3,0.72,0.679
823482,2026-04-10,R,Arizona Diamondbacks,Philadelphia Phillies,5,4,0,Michael Soroka,Jesús Luzardo,6.0,6.666666666666667,3.956896551724138,0.0,37.0,54.0,6.0,5.0,4.21875,3.0,50.0,51.0,0,28.5,25.1,7.5,7.7,0.764,0.742
823643,2026-04-10,R,Athletics,New York Mets,4,0,0,J.T. Ginn,Clay Holmes,6.0,7.0,2.152173913043478,2.6666666666666665,45.0,42.0,197.0,3.6666666666666665,4.808219178082192,2.0,47.0,59.0,0,18.2,25.3,9.3,7.9,0.777,0.752
823808,2026-04-10,R,Washington Nationals,Milwaukee Brewers,7,3,0,Jake Irvin,Aaron Ashby,176.0,0.3333333333333333,2.7,0.0,56.0,44.0,6.0,4.0,6.84,0.0,61.0,74.0,0,28.1,15.8,8.9,7.9,0.737,0.639
823968,2026-04-10,R,Texas Rangers,Los Angeles Dodgers,7,8,1,Kumar Rocker,Tyler Glasnow,6.0,6.0,3.4615384615384617,0.0,67.0,39.0,6.0,5.0,1.6744186046511629,0.0,41.0,34.0,0,29.0,19.5,11.7,8.0,0.77,0.695
824128,2026-04-10,R,Chicago White Sox,Kansas City Royals,0,2,1,Davis Martin,Kris Bubic,5.0,5.0,6.041958041958042,2.6666666666666665,45.0,59.0,5.0,6.0,4.5,3.3333333333333335,41.0,56.0,0,24.4,17.3,8.2,8.0,0.721,0.699
824297,2026-04-10,R,Miami Marlins,Detroit Tigers,0,2,1,Chris Paddack,Keider Montero,5.0,4.333333333333333,3.756521739130435,2.3333333333333335,46.0,55.0,11.0,4.0,2.8421052631578947,4.0,67.0,54.0,0,18.5,16.7,8.0,5.5,0.712,0.729
824534,2026-04-10,R,Los Angeles Angels,Cincinnati Reds,10,2,0,Jack Kochanowicz,Chase Burns,5.0,6.0,2.265734265734266,2.6666666666666665,39.0,45.0,6.0,5.666666666666667,3.0638297872340425,0.0,48.0,62.0,0,35.6,14.1,8.5,11.3,0.723,0.693
824695,2026-04-10,R,Pittsburgh Pirates,Chicago Cubs,2,0,0,Carmen Mlodzinski,Shota Imanaga,5.0,5.0,4.5,0.0,52.0,34.0,6.0,4.666666666666667,3.292682926829268,0.0,47.0,37.0,0,20.6,21.2,4.6,6.4,0.751,0.635
824858,2026-04-10,R,San Francisco Giants,Baltimore Orioles,6,3,0,Landen Roupp,Shane Baz,6.0,5.666666666666667,3.425373134328358,0.0,43.0,48.0,6.0,4.666666666666667,4.725,0.0,41.0,50.0,0,24.8,21.4,9.0,9.5,0.713,0.722
824941,2026-04-10,R,Cleveland Guardians,Atlanta Braves,5,11,1,Slade Cecconi,Bryce Elder,6.0,7.0,0.8181818181818182,0.0,66.0,32.0,5.0,6.0,3.9160305343511452,0.0,40.0,39.0,0,19.3,20.0,7.5,5.9,0.721,0.679
822830,2026-04-11,R,Minnesota Twins,Toronto Blue Jays,7,4,0,Joe Ryan,Eric Lauer,6.0,2.0,5.311475409836065,5.0,48.0,65.0,5.0,5.0,5.142857142857143,4.0,63.0,63.0,1,23.9,28.2,6.1,5.7,0.763,0.706
822996,2026-04-11,R,New York Yankees,Tampa Bay Rays,4,5,1,Max Fried,Nick Martinez,6.0,6.0,4.963235294117647,4.0,53.0,63.0,6.0,6.666666666666667,3.106194690265487,4.0,47.0,34.0,1,17.0,23.6,6.1,6.4,0.667,0.783
823074,2026-04-11,R,Boston Red Sox,St. Louis Cardinals,7,1,0,Ranger Suarez,Kyle Leahy,6.0,5.0,4.3125,3.0,53.0,57.0,6.0,4.0,4.05,3.6666666666666665,43.0,58.0,1,22.0,23.2,7.7,5.8,0.695,0.745
823155,2026-04-11,R,Houston Astros,Seattle Mariners,7,8,1,Lance McCullers Jr.,Luis Castillo,6.0,3.6666666666666665,2.189189189189189,4.0,40.0,41.0,6.0,4.0,7.425,7.666666666666667,83.0,78.0,1,21.7,22.3,6.2,14.2,0.747,0.706
823316,2026-04-11,R,Colorado Rockies,San Diego Padres,5,9,1,Ryan Feltner,Germán Márquez,5.0,5.0,2.7551020408163267,3.0,54.0,40.0,5.0,5.333333333333333,3.4838709677419355,2.3333333333333335,57.0,53.0,1,14.0,18.5,8.1,8.9,0.72,0.679
823480,2026-04-11,R,Arizona Diamondbacks,Philadelphia Phillies,3,4,1,Brandon Pfaadt,Taijuan Walker,6.0,5.0,3.558139534883721,4.333333333333333,41.0,59.0,6.0,4.666666666666667,4.0078125,3.3333333333333335,51.0,50.0,0,16.0,19.2,7.8,4.8,0.764,0.764
823644,2026-04-11,R,Athletics,New York Mets,11,6,0,Jacob Lopez,Kodai Senga,6.0,5.666666666666667,2.5369127516778525,3.6666666666666665,45.0,46.0,6.0,4.333333333333333,4.5,5.0,49.0,56.0,0,22.6,28.3,11.4,9.3,0.696,0.752
823805,2026-04-11,R,Washington Nationals,Milwaukee Brewers,3,1,0,Foster Griffin,Kyle Harrison,6.0,5.333333333333333,3.20625,6.666666666666667,59.0,51.0,6.0,5.0,6.333333333333333,4.0,68.0,77.0,0,24.4,,9.0,,0.734,0.639
823967,2026-04-11,R,Texas Rangers,Los Angeles Dodgers,3,6,1,Jack Leiter,Emmet Sheehan,8.0,5.666666666666667,4.458715596330276,3.0,70.0,42.0,6.0,5.0,2.507142857142857,3.6666666666666665,48.0,42.0,1,30.6,22.9,7.6,10.4,0.77,0.695
824129,2026-04-11,R,Chicago White Sox,Kansas City Royals,0,2,1,Erick Fedde,Michael Wacha,5.0,7.0,5.912408759124087,2.0,47.0,53.0,11.0,5.0,4.426229508196721,1.0,41.0,58.0,0,17.6,13.3,6.3,10.8,0.721,0.666
824294,2026-04-11,R,Miami Marlins,Detroit Tigers,1,6,1,Janson Junk,Casey Mize,5.0,4.333333333333333,3.756521739130435,3.0,43.0,53.0,5.0,7.333333333333333,2.8421052631578947,2.0,65.0,55.0,1,22.2,17.2,5.7,2.9,0.712,0.729
824535,2026-04-11,R,Los Angeles Angels,Cincinnati Reds,3,7,1,George Klassen,Brandon Williamson,5.0,6.666666666666667,2.9805194805194803,3.6666666666666665,41.0,55.0,6.0,2.6666666666666665,3.4511278195488724,2.0,52.0,62.0,0,,,,,0.723,0.701
824697,2026-04-11,R,Pittsburgh Pirates,Chicago Cubs,4,3,0,Braxton Ashcraft,Edward Cabrera,6.0,5.666666666666667,4.604651162790698,3.0,52.0,36.0,6.0,6.0,3.0223880597014925,3.6666666666666665,49.0,37.0,0,25.8,24.3,8.3,8.2,0.751,0.662
824857,2026-04-11,R,San Francisco Giants,Baltimore Orioles,2,6,1,Logan Webb,Chris Bassitt,6.0,2.0,3.6986301369863015,4.0,46.0,54.0,6.0,7.0,5.033898305084746,3.0,47.0,50.0,0,22.6,26.2,7.1,5.4,0.713,0.722
824939,2026-04-11,R,Cleveland Guardians,Atlanta Braves,6,0,0,Parker Messick,Martín Pérez,6.0,5.0,1.3897058823529411,4.333333333333333,71.0,37.0,6.0,5.0,4.776923076923077,2.6666666666666665,44.0,45.0,1,19.3,23.0,9.6,3.6,0.716,0.647
822828,2026-04-12,R,Minnesota Twins,Toronto Blue Jays,8,2,0,Taj Bradley,Max Scherzer,6.0,2.0,4.728813559322034,3.6666666666666665,44.0,65.0,5.0,6.333333333333333,5.827338129496403,2.0,66.0,66.0,1,22.9,21.0,6.4,9.3,0.763,0.708
822998,2026-04-12,R,New York Yankees,Tampa Bay Rays,4,5,1,Cam Schlittler,Drew Rasmussen,11.0,5.0,4.753521126760563,5.333333333333333,53.0,61.0,5.0,5.0,3.6699029126213594,1.3333333333333333,48.0,38.0,1,21.7,27.6,6.3,10.2,0.735,0.783
823075,2026-04-12,R,Boston Red Sox,St. Louis Cardinals,9,3,0,Brayan Bello,Andre Pallante,6.0,5.0,4.408163265306122,5.0,48.0,59.0,6.0,3.3333333333333335,4.361538461538461,3.0,45.0,53.0,1,15.5,17.7,8.7,8.4,0.692,0.745
823154,2026-04-12,R,Houston Astros,Seattle Mariners,1,6,1,Cody Bolton,Logan Gilbert,6.0,6.0,1.396551724137931,5.666666666666667,43.0,42.0,6.0,4.333333333333333,7.30188679245283,4.0,79.0,77.0,1,32.3,10.0,5.8,0.0,0.747,0.706
823317,2026-04-12,R,Colorado Rockies,San Diego Padres,2,7,1,Jimmy Herget,Nick Pivetta,5.0,5.0,2.88,4.0,60.0,45.0,3.0,1.0,3.609625668449198,4.0,59.0,58.0,1,26.4,23.3,6.9,7.5,0.72,0.679
823479,2026-04-12,R,Arizona Diamondbacks,Philadelphia Phillies,4,3,0,Zac Gallen,Zach Pop,,,3.642857142857143,4.0,41.0,57.0,5.0,5.0,3.672,2.0,52.0,51.0,0,7.7,21.5,5.1,8.1,0.764,0.764
823642,2026-04-12,R,Athletics,New York Mets,1,0,0,Aaron Civale,Freddy Peralta,5.0,4.666666666666667,3.1973684210526314,6.666666666666667,47.0,55.0,5.0,5.0,4.040816326530612,4.0,53.0,54.0,0,28.2,20.2,9.1,7.6,0.777,0.752
823804,2026-04-12,R,Washington Nationals,Milwaukee Brewers,8,6,0,Zack Littell,Brandon Woodruff,6.0,5.666666666666667,3.375,4.666666666666667,54.0,53.0,6.0,5.0,5.762195121951219,3.6666666666666665,69.0,68.0,0,32.3,17.1,5.4,4.2,0.737,0.715
823966,2026-04-12,R,Texas Rangers,Los Angeles Dodgers,5,2,0,Jacob deGrom,Roki Sasaki,7.0,5.0,4.458715596330276,3.0,73.0,43.0,6.0,5.0,2.8,4.333333333333333,46.0,44.0,1,17.4,27.7,13.7,5.5,0.77,0.695
824126,2026-04-12,R,Chicago White Sox,Kansas City Royals,6,5,0,Grant Taylor,Noah Cameron,5.0,5.666666666666667,4.87218045112782,1.0,47.0,47.0,6.0,1.0,4.35,3.0,40.0,54.0,0,20.5,34.4,7.7,9.6,0.721,0.699
824293,2026-04-12,R,Miami Marlins,Detroit Tigers,2,8,1,Sandy Alcantara,Tarik Skubal,5.0,4.666666666666667,3.789473684210526,3.3333333333333335,49.0,51.0,5.0,8.333333333333334,2.9779411764705883,3.0,62.0,58.0,1,32.2,19.1,4.4,7.7,0.712,0.656
824533,2026-04-12,R,Los Angeles Angels,Cincinnati Reds,9,6,0,José Soriano,Andrew Abbott,5.0,5.333333333333333,2.7364864864864864,5.0,42.0,53.0,6.0,8.0,3.6382978723404253,6.0,46.0,58.0,0,21.8,21.0,6.3,10.8,0.723,0.701
824696,2026-04-12,R,Pittsburgh Pirates,Chicago Cubs,6,7,1,Bubba Chandler,Jameson Taillon,6.0,6.0,4.273381294964029,6.0,45.0,38.0,6.0,4.333333333333333,2.892857142857143,6.0,51.0,36.0,0,18.9,25.0,5.2,3.2,0.751,0.662
824859,2026-04-12,R,San Francisco Giants,Baltimore Orioles,2,6,1,Adrian Houser,Cade Povich,199.0,5.666666666666667,3.5136986301369864,4.333333333333333,51.0,52.0,6.0,6.0,5.697247706422019,2.0,48.0,53.0,0,24.2,17.8,8.8,7.3,0.713,0.631
824938,2026-04-12,R,Cleveland Guardians,Atlanta Braves,1,13,1,Tanner Bibee,Chris Sale,6.0,4.0,2.3309352517985613,4.0,65.0,41.0,6.0,4.666666666666667,4.805084745762712,2.3333333333333335,44.0,40.0,1,32.4,21.3,6.3,7.1,0.721,0.647
823073,2026-04-13,R,Cleveland Guardians,St. Louis Cardinals,9,3,0,Gavin Williams,Matthew Liberatore,6.0,5.0,3.9375,4.0,44.0,57.0,6.0,5.666666666666667,5.769230769230769,3.3333333333333335,45.0,45.0,0,18.8,24.6,6.2,11.8,0.692,0.647
823153,2026-04-13,R,Houston Astros,Seattle Mariners,2,6,1,Mike Burrows,George Kirby,6.0,8.0,1.4336283185840708,2.0,41.0,43.0,6.0,5.333333333333333,7.37888198757764,7.0,71.0,76.0,1,26.1,24.1,5.5,7.7,0.747,0.706
823400,2026-04-13,R,Washington Nationals,Pittsburgh Pirates,5,16,1,Cade Cavalli,Paul Skenes,6.0,6.333333333333333,3.6818181818181817,3.0,53.0,40.0,6.0,4.666666666666667,6.091463414634147,4.0,71.0,71.0,0,29.5,18.3,5.7,6.8,0.662,0.715
823481,2026-04-13,R,Chicago Cubs,Philadelphia Phillies,7,13,1,Javier Assad,Cristopher Sánchez,6.0,5.0,3.5217391304347827,7.0,41.0,53.0,6.0,5.666666666666667,3.9705882352941178,3.0,49.0,38.0,0,26.3,15.0,5.5,7.8,0.764,0.751
823563,2026-04-13,R,Los Angeles Angels,New York Yankees,10,11,1,Yusei Kikuchi,Will Warren,5.0,4.666666666666667,3.857142857142857,3.0,52.0,43.0,6.0,5.0,4.4,2.0,48.0,55.0,0,24.1,22.5,9.1,9.6,0.797,0.693
823725,2026-04-13,R,Boston Red Sox,Minnesota Twins,6,13,1,Garrett Crochet,Bailey Ober,5.0,5.666666666666667,5.0503597122302155,4.0,68.0,60.0,6.0,6.333333333333333,4.186046511627907,2.3333333333333335,52.0,53.0,0,19.2,31.3,5.0,5.7,0.706,0.745
823964,2026-04-13,R,New York Mets,Los Angeles Dodgers,0,4,1,David Peterson,Justin Wrobleski,7.0,5.0,4.354838709677419,5.0,75.0,48.0,5.0,5.0,3.143835616438356,3.0,44.0,52.0,0,27.1,20.7,6.1,9.0,0.765,0.696
824856,2026-04-13,R,Arizona Diamondbacks,Baltimore Orioles,7,9,1,Ryne Nelson,Dean Kremer,202.0,6.333333333333333,3.4225352112676055,2.3333333333333335,49.0,48.0,5.0,5.666666666666667,3.3503649635036497,4.0,56.0,54.0,0,20.1,21.3,6.4,6.6,0.713,0.764
824937,2026-04-13,R,Miami Marlins,Atlanta Braves,10,4,0,Eury Pérez,Grant Holmes,5.0,6.666666666666667,2.1838235294117645,3.0,77.0,38.0,5.0,5.0,3.3230769230769233,2.0,60.0,63.0,0,25.0,27.3,11.0,8.3,0.721,0.729
825024,2026-04-13,R,Texas Rangers,Athletics,8,1,0,Nathan Eovaldi,Luis Severino,5.0,5.0,4.068493150684931,3.3333333333333335,52.0,49.0,6.0,6.0,2.8421052631578947,3.0,43.0,43.0,0,17.6,26.0,7.1,4.2,0.752,0.695
823072,2026-04-14,R,Cleveland Guardians,St. Louis Cardinals,5,6,1,Joey Cantillo,Michael McGreevy,6.0,6.0,4.3125,4.0,45.0,62.0,6.0,5.666666666666667,5.4,4.0,50.0,46.0,0,14.5,26.9,5.0,10.5,0.695,0.679
823315,2026-04-14,R,Seattle Mariners,San Diego Padres,1,4,1,Bryan Woo,Michael King,6.0,6.0,3.176470588235294,0.0,65.0,44.0,6.0,5.0,1.5,1.3333333333333333,45.0,44.0,0,24.7,27.1,8.4,4.9,0.72,0.747
823398,2026-04-14,R,Washington Nationals,Pittsburgh Pirates,5,4,0,PJ Poulin,Mitch Keller,6.0,6.0,4.4,3.0,69.0,43.0,14.0,1.0,7.691860465116279,6.666666666666667,63.0,85.0,1,20.0,24.5,6.8,11.8,0.635,0.715
823478,2026-04-14,R,Chicago Cubs,Philadelphia Phillies,10,4,0,Riley Martin,Aaron Nola,6.0,6.0,3.0223880597014925,3.0,52.0,47.0,,,4.108695652173913,3.6666666666666665,49.0,49.0,1,24.0,,6.9,,0.747,0.751
823562,2026-04-14,R,Los Angeles Angels,New York Yankees,7,1,0,Reid Detmers,Ryan Weathers,5.0,8.0,4.887931034482759,5.333333333333333,62.0,51.0,6.0,4.333333333333333,5.6,4.666666666666667,56.0,59.0,1,22.3,30.1,7.2,9.4,0.797,0.701
823723,2026-04-14,R,Boston Red Sox,Minnesota Twins,0,6,1,Sonny Gray,Mick Abel,5.0,6.0,5.244604316546763,3.0,80.0,63.0,6.0,6.333333333333333,3.5474452554744524,6.333333333333333,57.0,58.0,1,22.4,26.7,9.2,5.0,0.708,0.745
823802,2026-04-14,R,Toronto Blue Jays,Milwaukee Brewers,9,7,0,Kevin Gausman,Jacob Misiorowski,7.0,5.333333333333333,4.661870503597123,0.0,49.0,51.0,7.0,5.333333333333333,3.0903614457831323,0.0,36.0,57.0,0,32.0,24.4,11.0,6.5,0.737,0.763
823965,2026-04-14,R,New York Mets,Los Angeles Dodgers,1,2,1,Nolan McLean,Yoshinobu Yamamoto,7.0,6.0,4.098214285714286,1.0,77.0,44.0,5.0,6.333333333333333,3.1655172413793102,3.0,40.0,54.0,1,29.4,30.3,8.6,8.5,0.77,0.777
824210,2026-04-14,R,Colorado Rockies,Houston Astros,6,7,1,Michael Lorenzen,Colton Gordon,221.0,4.333333333333333,7.37888198757764,2.0,65.0,81.0,6.0,5.666666666666667,3.708791208791209,0.0,44.0,56.0,0,19.0,21.0,5.0,6.4,0.706,0.679
824292,2026-04-14,R,Kansas City Royals,Detroit Tigers,1,2,1,Cole Ragans,Framber Valdez,6.0,5.0,3.25,0.0,51.0,44.0,6.0,0.6666666666666666,5.102362204724409,0.0,45.0,51.0,0,23.3,38.1,8.5,7.8,0.774,0.659
824531,2026-04-14,R,San Francisco Giants,Cincinnati Reds,1,2,1,Robbie Ray,Brady Singer,6.0,2.6666666666666665,3.0422535211267605,0.0,43.0,60.0,7.0,6.666666666666667,5.6454545454545455,0.0,47.0,57.0,0,22.8,24.6,8.4,9.7,0.653,0.722
824616,2026-04-14,R,Tampa Bay Rays,Chicago White Sox,8,5,0,Shane McClanahan,Noah Schultz,,,3.921787709497207,0.0,30.0,46.0,8.0,4.0,5.4,0.0,44.0,56.0,0,,,,,0.699,0.667
824853,2026-04-14,R,Arizona Diamondbacks,Baltimore Orioles,4,3,0,Merrill Kelly,Trevor Rogers,7.0,6.0,3.857142857142857,4.0,56.0,50.0,205.0,4.333333333333333,3.654135338345865,2.6666666666666665,54.0,57.0,1,24.3,22.3,6.9,6.4,0.713,0.742
824935,2026-04-14,R,Miami Marlins,Atlanta Braves,5,6,1,Max Meyer,Reynaldo López,7.0,4.666666666666667,3.4225352112676055,5.0,77.0,48.0,5.0,5.0,3.1153846153846154,5.0,66.0,58.0,0,4.0,23.9,8.0,7.0,0.721,0.729
825022,2026-04-14,R,Texas Rangers,Athletics,1,2,1,MacKenzie Gore,Jeffrey Springs,5.0,7.0,4.72027972027972,3.0,53.0,53.0,6.0,5.0,3.1153846153846154,2.0,46.0,42.0,0,19.4,27.2,7.6,9.3,0.74,0.653
823071,2026-04-15,R,Cleveland Guardians,St. Louis Cardinals,3,5,1,Slade Cecconi,Dustin May,5.0,6.0,4.775510204081633,5.0,48.0,67.0,5.0,5.333333333333333,5.262711864406779,3.3333333333333335,54.0,48.0,0,21.1,20.0,9.6,5.9,0.692,0.679
823314,2026-04-15,R,Seattle Mariners,San Diego Padres,6,7,1,Emerson Hancock,Randy Vásquez,6.0,5.666666666666667,2.625,3.0,66.0,36.0,5.0,5.0,1.89,1.0,46.0,43.0,1,13.7,16.6,9.1,8.1,0.72,0.747
823399,2026-04-15,R,Washington Nationals,Pittsburgh Pirates,0,2,1,Jake Irvin,Mason Montgomery,,,3.9705882352941178,5.0,65.0,45.0,5.0,5.0,7.56,8.0,66.0,86.0,1,30.1,15.8,12.9,7.9,0.662,0.639
823477,2026-04-15,R,Chicago Cubs,Philadelphia Phillies,11,2,0,Shota Imanaga,Jesús Luzardo,5.0,4.666666666666667,4.0,4.0,53.0,55.0,5.0,6.0,4.167785234899329,8.0,59.0,51.0,1,28.5,20.6,7.5,4.6,0.747,0.751
823561,2026-04-15,R,Los Angeles Angels,New York Yankees,4,5,1,Jack Kochanowicz,Luis Gil,5.0,4.0,5.090163934426229,4.0,58.0,58.0,5.0,7.0,5.7272727272727275,2.0,61.0,60.0,1,16.8,14.1,13.5,11.3,0.783,0.693
823722,2026-04-15,R,Boston Red Sox,Minnesota Twins,9,5,0,Connelly Early,Simeon Woods Richardson,5.0,4.0,5.027586206896552,2.0,86.0,63.0,5.0,4.333333333333333,3.1079136690647484,4.0,55.0,55.0,1,22.7,36.7,9.8,5.1,0.706,0.745
823803,2026-04-15,R,Toronto Blue Jays,Milwaukee Brewers,1,2,1,Dylan Cease,Chad Patrick,11.0,5.0,5.74468085106383,4.666666666666667,50.0,58.0,7.0,5.0,3.453488372093023,5.0,40.0,63.0,0,25.2,29.8,8.0,9.8,0.737,0.763
823963,2026-04-15,R,New York Mets,Los Angeles Dodgers,2,8,1,Clay Holmes,Shohei Ohtani,7.0,6.0,4.037383177570093,1.3333333333333333,75.0,44.0,5.0,5.333333333333333,3.232394366197183,1.0,41.0,53.0,1,33.2,18.2,4.3,9.3,0.77,0.777
824209,2026-04-15,R,Colorado Rockies,Houston Astros,1,3,1,Jose Quintana,Spencer Arrighetti,228.0,6.333333333333333,7.232142857142857,5.333333333333333,63.0,85.0,17.0,4.333333333333333,2.9508196721311477,5.333333333333333,49.0,58.0,1,19.9,16.0,12.8,9.0,0.74,0.679
824291,2026-04-15,R,Kansas City Royals,Detroit Tigers,1,2,1,Seth Lugo,Jack Flaherty,6.0,5.666666666666667,1.75,2.0,48.0,38.0,6.0,6.333333333333333,5.2781954887218046,2.0,46.0,53.0,1,27.6,20.5,8.7,9.0,0.712,0.721
824532,2026-04-15,R,San Francisco Giants,Cincinnati Reds,3,8,1,Tyler Mahle,Rhett Lowder,6.0,5.333333333333333,2.739130434782609,3.0,42.0,53.0,7.0,5.666666666666667,5.6454545454545455,3.0,39.0,56.0,1,,19.1,,8.4,0.723,0.722
824615,2026-04-15,R,Tampa Bay Rays,Chicago White Sox,8,3,0,Cole Sulser,Sean Burke,7.0,5.0,3.8152173913043477,4.666666666666667,33.0,45.0,,,5.113636363636363,4.0,50.0,55.0,0,22.3,24.4,10.6,7.8,0.666,0.735
824855,2026-04-15,R,Arizona Diamondbacks,Baltimore Orioles,8,5,0,Eduardo Rodriguez,Kyle Bradish,7.0,5.0,2.562043795620438,4.333333333333333,54.0,46.0,6.0,6.0,3.8,3.6666666666666665,51.0,55.0,1,37.3,20.6,7.9,8.6,0.661,0.764
824936,2026-04-15,R,Miami Marlins,Atlanta Braves,3,6,1,Chris Paddack,Bryce Elder,5.0,4.666666666666667,3.5217391304347827,4.0,81.0,48.0,5.0,6.0,3.888,3.0,62.0,62.0,0,19.3,16.7,7.5,5.5,0.721,0.729
825021,2026-04-15,R,Texas Rangers,Athletics,5,6,1,Kumar Rocker,J.T. Ginn,5.0,4.0,4.856115107913669,2.6666666666666665,50.0,52.0,5.0,5.0,2.763779527559055,3.3333333333333335,39.0,39.0,0,25.3,19.5,7.9,8.0,0.752,0.695
823313,2026-04-16,R,Seattle Mariners,San Diego Padres,2,5,1,Luis Castillo,Walker Buehler,6.0,6.0,2.7551020408163267,5.0,66.0,41.0,5.0,3.3333333333333335,3.0,2.6666666666666665,49.0,45.0,1,16.3,21.7,10.6,6.2,0.72,0.747
823396,2026-04-16,R,Washington Nationals,Pittsburgh Pirates,8,7,0,Foster Griffin,Braxton Ashcraft,5.0,5.0,3.2837837837837838,8.0,59.0,42.0,5.0,5.333333333333333,6.942857142857143,3.0,61.0,82.0,1,24.3,,8.2,,0.635,0.715
823560,2026-04-16,R,Los Angeles Angels,New York Yankees,11,4,0,Brent Suter,Max Fried,5.0,8.0,4.285714285714286,4.0,58.0,59.0,299.0,2.0,6.27906976744186,1.6666666666666667,63.0,59.0,1,23.6,18.2,6.4,6.2,0.797,0.701
823801,2026-04-16,R,Toronto Blue Jays,Milwaukee Brewers,1,2,1,Patrick Corbin,Brandon Sproat,18.0,3.0,5.827338129496403,2.3333333333333335,44.0,57.0,6.0,4.0,3.5783132530120483,2.0,40.0,63.0,0,20.2,19.8,8.3,7.7,0.734,0.763
824208,2026-04-16,R,Colorado Rockies,Houston Astros,3,2,0,Juan Mejia,Ryan Weiss,,,7.036363636363636,3.0,60.0,82.0,,,2.983425414364641,4.333333333333333,48.0,60.0,1,,26.1,,9.6,0.706,0.679
824289,2026-04-16,R,Kansas City Royals,Detroit Tigers,9,10,1,Kris Bubic,Keider Montero,6.0,6.0,1.6578947368421053,3.0,50.0,38.0,6.0,7.0,4.536,1.3333333333333333,34.0,46.0,1,18.5,24.4,8.0,8.2,0.774,0.721
824453,2026-04-16,R,Baltimore Orioles,Cleveland Guardians,2,4,1,Shane Baz,Parker Messick,5.0,6.666666666666667,5.661290322580645,4.0,53.0,52.0,6.0,5.0,2.892857142857143,4.0,51.0,51.0,0,23.0,24.8,3.6,9.0,0.679,0.661
824530,2026-04-16,R,San Francisco Giants,Cincinnati Reds,3,0,0,Landen Roupp,Chase Burns,6.0,5.333333333333333,2.0,2.3333333333333335,47.0,48.0,6.0,6.0,4.5,4.0,41.0,57.0,1,35.6,21.4,8.5,9.5,0.723,0.722
824614,2026-04-16,R,Tampa Bay Rays,Chicago White Sox,5,3,0,Steven Matz,Jordan Leasure,296.0,1.0,4.2,3.6666666666666665,36.0,43.0,6.0,5.0,4.6875,7.0,56.0,50.0,0,30.1,19.1,11.2,3.6,0.699,0.735
825023,2026-04-16,R,Texas Rangers,Athletics,9,6,0,Jack Leiter,Jacob Lopez,5.0,5.0,5.360294117647059,3.6666666666666665,55.0,52.0,5.0,3.6666666666666665,3.24,3.3333333333333335,41.0,37.0,0,28.3,22.9,9.3,10.4,0.752,0.653
822752,2026-04-17,R,San Francisco Giants,Washington Nationals,10,5,0,Logan Webb,Zack Littell,5.0,5.0,6.857142857142857,4.666666666666667,69.0,89.0,6.0,6.0,4.580357142857143,3.0,37.0,55.0,0,17.1,26.2,4.2,5.4,0.715,0.722
823152,2026-04-17,R,Texas Rangers,Seattle Mariners,5,0,0,Jacob deGrom,Logan Gilbert,5.0,7.0,3.02803738317757,2.6666666666666665,51.0,50.0,5.0,6.0,3.6,3.3333333333333335,50.0,43.0,0,32.3,27.7,5.8,5.5,0.747,0.695
823397,2026-04-17,R,Tampa Bay Rays,Pittsburgh Pirates,1,5,1,Nick Martinez,Bubba Chandler,5.0,5.333333333333333,3.3540372670807455,4.333333333333333,66.0,50.0,6.0,4.666666666666667,4.529032258064516,3.6666666666666665,61.0,53.0,0,25.0,17.0,3.2,6.1,0.662,0.735
823476,2026-04-17,R,Atlanta Braves,Philadelphia Phillies,9,0,0,Martín Pérez,Taijuan Walker,6.0,5.0,3.6818181818181817,0.0,49.0,61.0,6.0,5.0,4.251968503937008,0.0,65.0,48.0,0,16.0,19.3,7.8,9.6,0.747,0.721
823559,2026-04-17,R,Kansas City Royals,New York Yankees,2,4,1,Michael Wacha,Cam Schlittler,5.0,5.0,5.124087591240876,3.6666666666666665,62.0,70.0,6.0,8.0,4.640625,4.0,42.0,51.0,0,27.6,17.6,10.2,6.3,0.783,0.721
823720,2026-04-17,R,Cincinnati Reds,Minnesota Twins,2,1,0,Brandon Williamson,Joe Ryan,6.0,7.0,4.764705882352941,0.0,77.0,58.0,6.0,4.0,1.875,3.0,47.0,51.0,0,28.2,,5.7,,0.706,0.723
823883,2026-04-17,R,Milwaukee Brewers,Miami Marlins,7,5,0,Coleman Crow,Janson Junk,6.0,5.0,4.4,0.0,55.0,68.0,,,5.5479452054794525,2.3333333333333335,46.0,58.0,0,17.2,,2.9,,0.729,0.737
824048,2026-04-17,R,San Diego Padres,Los Angeles Angels,0,8,1,Matt Waldron,José Soriano,5.0,7.0,5.94,7.0,74.0,63.0,291.0,4.666666666666667,2.547169811320755,4.0,71.0,43.0,0,21.0,12.0,10.8,24.0,0.693,0.72
824207,2026-04-17,R,St. Louis Cardinals,Houston Astros,9,4,0,Kyle Leahy,Peter Lambert,,,6.56353591160221,5.333333333333333,62.0,85.0,6.0,4.0,5.361702127659575,0.0,51.0,69.0,0,,22.0,,7.7,0.706,0.692
824373,2026-04-17,R,Los Angeles Dodgers,Colorado Rockies,7,1,0,Tyler Glasnow,Tomoyuki Sugano,7.0,6.0,2.621359223300971,8.333333333333334,51.0,62.0,7.0,6.0,3.7850467289719627,0.0,82.0,42.0,0,15.7,29.0,5.3,11.7,0.679,0.77
824454,2026-04-17,R,Baltimore Orioles,Cleveland Guardians,6,4,0,Chris Bassitt,Tanner Bibee,5.0,4.666666666666667,5.52755905511811,1.0,57.0,54.0,6.0,4.666666666666667,2.7739726027397262,2.0,53.0,55.0,1,21.3,22.6,7.1,7.1,0.679,0.713
824693,2026-04-17,R,New York Mets,Chicago Cubs,4,12,1,Kodai Senga,Edward Cabrera,6.0,5.0,4.378378378378378,0.0,64.0,51.0,6.0,2.3333333333333335,4.790322580645161,0.0,40.0,52.0,0,25.8,22.6,8.3,11.4,0.751,0.777
824778,2026-04-17,R,Detroit Tigers,Boston Red Sox,0,1,1,Casey Mize,Ranger Suarez,6.0,6.0,3.6906474820143886,0.0,60.0,54.0,6.0,5.666666666666667,2.6341463414634148,3.0,60.0,47.0,0,23.2,22.2,5.8,5.7,0.745,0.774
825019,2026-04-17,R,Chicago White Sox,Athletics,9,2,0,Davis Martin,Aaron Civale,5.0,5.666666666666667,6.02027027027027,4.0,61.0,61.0,7.0,7.0,4.389162561576355,7.666666666666667,39.0,48.0,0,20.2,17.3,7.6,8.0,0.752,0.666
825101,2026-04-17,R,Toronto Blue Jays,Arizona Diamondbacks,3,6,1,Braydon Fisher,Michael Soroka,7.0,5.666666666666667,2.7421875,0.0,56.0,43.0,321.0,1.3333333333333333,3.5895953757225434,2.3333333333333335,41.0,65.0,0,25.1,30.7,7.7,9.4,0.764,0.763
822751,2026-04-18,R,San Francisco Giants,Washington Nationals,7,6,0,Adrian Houser,Cade Cavalli,5.0,1.3333333333333333,6.821052631578947,5.0,68.0,86.0,6.0,4.666666666666667,3.7155963302752295,3.0,44.0,50.0,0,18.3,17.8,6.8,7.3,0.715,0.722
823151,2026-04-18,R,Texas Rangers,Seattle Mariners,3,7,1,Nathan Eovaldi,George Kirby,5.0,7.666666666666667,3.7155963302752295,3.6666666666666665,48.0,54.0,5.0,7.0,3.0638297872340425,5.0,52.0,38.0,0,26.1,26.0,5.5,4.2,0.747,0.695
823394,2026-04-18,R,Tampa Bay Rays,Pittsburgh Pirates,8,7,0,Drew Rasmussen,Paul Skenes,5.0,6.0,3.018633540372671,3.0,66.0,47.0,6.0,6.0,4.006451612903226,2.6666666666666665,58.0,48.0,1,29.5,21.7,5.7,6.3,0.662,0.735
823474,2026-04-18,R,Atlanta Braves,Philadelphia Phillies,3,1,0,Chris Sale,Cristopher Sánchez,5.0,6.0,3.884892086330935,5.0,39.0,69.0,6.0,6.0,4.251968503937008,3.0,72.0,48.0,0,26.3,32.4,5.5,6.3,0.747,0.716
823558,2026-04-18,R,Kansas City Royals,New York Yankees,4,13,1,Noah Cameron,Will Warren,5.0,3.6666666666666665,5.360294117647059,3.0,58.0,70.0,6.0,5.333333333333333,4.835820895522388,2.0,44.0,55.0,1,24.1,20.5,9.1,7.7,0.797,0.721
823721,2026-04-18,R,Cincinnati Reds,Minnesota Twins,5,4,0,Andrew Abbott,Taj Bradley,6.0,5.0,4.776923076923077,3.0,68.0,56.0,6.0,3.0,1.6993006993006994,3.6666666666666665,44.0,49.0,0,21.0,21.8,9.3,6.3,0.706,0.723
823882,2026-04-18,R,Milwaukee Brewers,Miami Marlins,5,2,0,Brandon Woodruff,Sandy Alcantara,6.0,6.0,3.9416058394160585,4.666666666666667,58.0,67.0,6.0,6.0,5.4,4.666666666666667,53.0,63.0,0,19.1,32.3,7.7,5.4,0.729,0.737
824049,2026-04-18,R,San Diego Padres,Los Angeles Angels,4,1,0,Germán Márquez,Yusei Kikuchi,5.0,3.3333333333333335,5.58,3.3333333333333335,81.0,60.0,7.0,5.0,2.618181818181818,4.333333333333333,69.0,46.0,1,22.5,14.0,9.6,8.1,0.693,0.691
824206,2026-04-18,R,St. Louis Cardinals,Houston Astros,7,5,0,Andre Pallante,Lance McCullers Jr.,7.0,4.333333333333333,6.6,4.0,62.0,83.0,6.0,5.0,5.286713286713287,4.0,60.0,69.0,0,22.3,15.5,14.2,8.7,0.706,0.692
824372,2026-04-18,R,Los Angeles Dodgers,Colorado Rockies,3,4,1,Emmet Sheehan,Ryan Feltner,7.0,4.0,2.793103448275862,5.0,51.0,59.0,7.0,6.0,3.407766990291262,2.0,76.0,37.0,0,18.5,30.6,8.9,7.6,0.679,0.77
824451,2026-04-18,R,Baltimore Orioles,Cleveland Guardians,2,4,1,Dean Kremer,Gavin Williams,5.0,5.0,6.912,3.0,57.0,59.0,5.0,5.0,2.589041095890411,4.0,55.0,54.0,1,24.6,20.1,11.8,6.4,0.679,0.713
824694,2026-04-18,R,New York Mets,Chicago Cubs,2,4,1,Freddy Peralta,Jameson Taillon,6.0,6.0,4.169117647058823,3.0,75.0,51.0,6.0,6.0,5.52755905511811,4.666666666666667,34.0,61.0,1,18.9,28.2,5.2,9.1,0.751,0.777
824775,2026-04-18,R,Detroit Tigers,Boston Red Sox,4,1,0,Tarik Skubal,Brayan Bello,6.0,6.666666666666667,3.7720588235294117,2.0,56.0,52.0,6.0,6.666666666666667,2.6557377049180326,2.6666666666666665,56.0,48.0,1,17.7,32.2,8.4,4.4,0.743,0.712
825020,2026-04-18,R,Chicago White Sox,Athletics,6,7,1,Erick Fedde,Luis Severino,5.0,6.0,6.0394736842105265,4.333333333333333,52.0,66.0,7.0,5.0,4.5989010989010985,2.0,43.0,46.0,0,17.6,13.3,7.1,10.8,0.752,0.666
825098,2026-04-18,R,Toronto Blue Jays,Arizona Diamondbacks,2,6,1,Max Scherzer,Zac Gallen,6.0,5.0,2.53125,2.0,62.0,44.0,6.0,2.3333333333333335,4.095505617977528,7.0,40.0,66.0,1,21.5,22.9,8.1,6.4,0.764,0.763
822750,2026-04-19,R,San Francisco Giants,Washington Nationals,0,3,1,Robbie Ray,PJ Poulin,5.0,1.0,6.376884422110553,8.0,69.0,83.0,5.0,5.0,3.2869565217391306,6.333333333333333,51.0,47.0,0,24.5,24.6,11.8,9.7,0.639,0.631
823150,2026-04-19,R,Texas Rangers,Seattle Mariners,2,5,1,MacKenzie Gore,Bryan Woo,5.0,7.0,3.991304347826087,3.3333333333333335,55.0,56.0,5.0,4.666666666666667,3.717391304347826,3.0,55.0,43.0,0,27.1,27.2,4.9,9.3,0.727,0.695
823393,2026-04-19,R,Tampa Bay Rays,Pittsburgh Pirates,3,6,1,Shane McClanahan,Mitch Keller,5.0,4.0,3.702857142857143,9.0,70.0,53.0,5.0,5.0,3.7241379310344827,9.333333333333334,59.0,54.0,1,20.0,,6.8,,0.635,0.735
823475,2026-04-19,R,Atlanta Braves,Philadelphia Phillies,4,2,0,Grant Holmes,Andrew Painter,13.0,4.0,3.8297872340425534,3.0,38.0,71.0,6.0,4.0,4.153846153846154,2.0,74.0,47.0,0,,25.0,,11.0,0.764,0.721
823556,2026-04-19,R,Kansas City Royals,New York Yankees,0,7,1,Cole Ragans,Ryan Weathers,5.0,5.0,5.571428571428571,2.0,62.0,67.0,5.0,6.0,6.982758620689655,4.0,38.0,61.0,1,22.3,38.1,7.2,7.8,0.797,0.659
823718,2026-04-19,R,Cincinnati Reds,Minnesota Twins,7,4,0,Brady Singer,Bailey Ober,6.0,6.0,5.008064516129032,3.0,71.0,54.0,5.0,6.0,1.653061224489796,4.333333333333333,47.0,53.0,0,19.2,22.8,5.0,8.4,0.708,0.723
823881,2026-04-19,R,Milwaukee Brewers,Miami Marlins,3,5,1,Jacob Misiorowski,Eury Pérez,6.0,4.0,3.302158273381295,4.0,53.0,63.0,5.0,5.333333333333333,5.360294117647059,2.0,51.0,55.0,0,27.3,32.0,8.3,11.0,0.729,0.737
824047,2026-04-19,R,San Diego Padres,Los Angeles Angels,2,1,0,Michael King,Walbert Ureña,,,6.342281879194631,3.0,81.0,64.0,5.0,6.0,2.602409638554217,3.3333333333333335,70.0,45.0,1,,24.7,,8.4,0.693,0.72
824205,2026-04-19,R,St. Louis Cardinals,Houston Astros,7,5,0,Matthew Liberatore,Mike Burrows,6.0,6.0,6.972527472527473,4.0,56.0,90.0,6.0,5.0,5.361702127659575,4.0,61.0,63.0,0,24.1,18.8,7.7,6.2,0.74,0.692
824371,2026-04-19,R,Los Angeles Dodgers,Colorado Rockies,6,9,1,Roki Sasaki,Michael Lorenzen,5.0,2.6666666666666665,2.872340425531915,3.3333333333333335,54.0,60.0,7.0,4.0,3.145631067961165,3.0,69.0,36.0,0,21.0,17.4,6.4,13.7,0.679,0.77
824452,2026-04-19,R,Baltimore Orioles,Cleveland Guardians,4,8,1,Trevor Rogers,Joey Cantillo,5.0,6.0,6.801526717557252,2.0,61.0,61.0,5.0,4.666666666666667,2.625,2.0,55.0,55.0,1,26.9,24.3,10.5,6.9,0.647,0.661
824691,2026-04-19,R,New York Mets,Chicago Cubs,1,2,1,Tobias Myers,Javier Assad,6.0,4.333333333333333,3.910344827586207,3.0,79.0,53.0,253.0,3.3333333333333335,5.6953125,2.3333333333333335,27.0,65.0,1,15.0,17.3,7.8,6.8,0.751,0.777
824777,2026-04-19,R,Detroit Tigers,Boston Red Sox,6,2,0,Framber Valdez,Garrett Crochet,6.0,1.6666666666666667,3.573529411764706,5.0,55.0,53.0,5.0,7.0,2.516949152542373,3.0,49.0,43.0,1,31.3,23.3,5.7,8.5,0.743,0.774
825018,2026-04-19,R,Chicago White Sox,Athletics,7,4,0,Noah Schultz,Jeffrey Springs,5.0,6.333333333333333,5.185430463576159,5.666666666666667,59.0,61.0,5.0,4.333333333333333,4.755681818181818,6.0,43.0,50.0,0,19.4,,7.6,,0.74,0.699
825100,2026-04-19,R,Toronto Blue Jays,Arizona Diamondbacks,10,4,0,Kevin Gausman,Ryne Nelson,6.0,5.333333333333333,2.5714285714285716,3.3333333333333335,66.0,45.0,5.0,5.0,4.638036809815951,2.0,39.0,66.0,1,21.3,24.4,6.6,6.5,0.764,0.763
822749,2026-04-20,R,Atlanta Braves,Washington Nationals,9,4,0,Bryce Elder,Jake Irvin,5.0,5.0,5.09433962264151,8.333333333333334,66.0,75.0,5.0,5.666666666666667,3.9160305343511452,4.333333333333333,73.0,43.0,0,15.8,19.3,7.9,7.5,0.715,0.721
822994,2026-04-20,R,Cincinnati Reds,Tampa Bay Rays,6,1,0,Rhett Lowder,Jesse Scholtens,,,4.057803468208093,3.6666666666666665,58.0,59.0,5.0,6.666666666666667,1.8,4.0,52.0,56.0,0,31.6,,7.9,,0.735,0.723
823149,2026-04-20,R,Athletics,Seattle Mariners,6,4,0,J.T. Ginn,Emerson Hancock,5.0,6.0,4.05,2.0,53.0,50.0,5.0,5.333333333333333,4.2534246575342465,4.0,51.0,58.0,0,16.6,25.3,8.1,7.9,0.747,0.752
823879,2026-04-20,R,St. Louis Cardinals,Miami Marlins,3,5,1,Michael McGreevy,Max Meyer,6.0,5.0,3.7016129032258065,3.0,51.0,60.0,6.0,5.0,5.74468085106383,4.0,63.0,65.0,0,23.9,14.5,7.0,5.0,0.729,0.692
824046,2026-04-20,R,Toronto Blue Jays,Los Angeles Angels,5,2,0,Dylan Cease,Reid Detmers,6.0,7.0,6.293233082706767,3.0,74.0,59.0,5.0,6.0,5.084415584415584,3.0,49.0,67.0,0,30.1,29.8,9.4,9.8,0.693,0.755
824125,2026-04-20,R,Baltimore Orioles,Kansas City Royals,7,5,0,Kyle Bradish,Seth Lugo,5.0,6.666666666666667,6.104347826086957,3.6666666666666665,33.0,60.0,5.0,6.0,2.8,3.0,57.0,55.0,0,20.5,37.3,9.0,7.9,0.721,0.713
824370,2026-04-20,R,Los Angeles Dodgers,Colorado Rockies,12,3,0,Justin Wrobleski,Jose Quintana,5.0,3.6666666666666665,3.25130890052356,4.0,59.0,65.0,7.0,8.0,4.811881188118812,3.3333333333333335,67.0,39.0,0,16.0,27.1,9.0,6.1,0.679,0.765
824450,2026-04-20,R,Houston Astros,Cleveland Guardians,9,2,0,Spencer Arrighetti,Slade Cecconi,5.0,4.0,6.146341463414634,4.333333333333333,63.0,59.0,5.0,6.0,5.901639344262295,5.333333333333333,51.0,85.0,0,20.0,19.9,5.9,12.8,0.679,0.706
824692,2026-04-20,R,Philadelphia Phillies,Chicago Cubs,1,5,1,Aaron Nola,Colin Rea,12.0,5.0,3.1079136690647484,4.333333333333333,75.0,48.0,6.0,5.0,3.857142857142857,5.0,39.0,71.0,0,19.2,24.0,6.6,6.9,0.751,0.764
824776,2026-04-20,R,Detroit Tigers,Boston Red Sox,6,8,1,Jack Flaherty,Sonny Gray,6.0,4.0,3.045112781954887,4.0,51.0,51.0,5.0,6.0,2.6283185840707963,3.0,52.0,40.0,1,26.7,27.6,5.0,8.7,0.745,0.712
822747,2026-04-21,R,Atlanta Braves,Washington Nationals,4,11,1,Reynaldo López,Foster Griffin,5.0,5.333333333333333,4.712264150943396,4.0,61.0,78.0,7.0,5.0,4.071428571428571,2.3333333333333335,80.0,41.0,0,,4.0,,8.0,0.715,0.716
822914,2026-04-21,R,Pittsburgh Pirates,Texas Rangers,1,5,1,Carmen Mlodzinski,Kumar Rocker,6.0,4.666666666666667,3.951219512195122,0.0,54.0,45.0,11.0,5.333333333333333,3.759493670886076,0.0,68.0,49.0,0,19.5,21.2,8.0,6.4,0.695,0.662
822995,2026-04-21,R,Cincinnati Reds,Tampa Bay Rays,12,6,0,Chase Burns,Steven Matz,5.0,5.333333333333333,4.017857142857143,3.3333333333333335,53.0,61.0,5.0,6.0,1.7763157894736843,3.0,56.0,57.0,0,19.1,35.6,3.6,8.5,0.735,0.653
823148,2026-04-21,R,Athletics,Seattle Mariners,5,2,0,Jacob Lopez,Luis Castillo,5.0,5.333333333333333,4.584905660377358,4.0,56.0,54.0,5.0,5.0,4.127388535031847,3.6666666666666665,57.0,62.0,0,21.7,28.3,6.2,9.3,0.727,0.752
823236,2026-04-21,R,Los Angeles Dodgers,San Francisco Giants,1,3,1,Yoshinobu Yamamoto,Landen Roupp,5.0,6.0,2.0377358490566038,0.0,45.0,39.0,7.0,7.666666666666667,5.4,2.0,65.0,40.0,0,21.4,29.4,9.5,8.6,0.722,0.77
823640,2026-04-21,R,Minnesota Twins,New York Mets,5,3,0,Simeon Woods Richardson,Nolan McLean,7.0,7.0,5.361702127659575,0.0,23.0,65.0,6.0,5.0,5.734513274336283,0.0,67.0,54.0,0,30.3,22.7,8.5,9.8,0.777,0.708
823880,2026-04-21,R,St. Louis Cardinals,Miami Marlins,5,3,0,Dustin May,Chris Paddack,6.0,4.666666666666667,3.7384615384615385,3.6666666666666665,56.0,61.0,6.0,6.0,4.661870503597123,2.3333333333333335,60.0,61.0,1,16.7,21.1,5.5,9.6,0.729,0.692
824045,2026-04-21,R,Toronto Blue Jays,Los Angeles Angels,4,2,0,Patrick Corbin,Jack Kochanowicz,6.0,6.666666666666667,6.0215827338129495,3.0,70.0,62.0,5.0,5.666666666666667,3.1655172413793102,4.0,52.0,55.0,0,14.1,19.8,11.3,7.7,0.701,0.763
824127,2026-04-21,R,Baltimore Orioles,Kansas City Royals,5,6,1,Shane Baz,Kris Bubic,5.0,4.666666666666667,6.532258064516129,5.0,34.0,65.0,5.0,6.0,2.832167832167832,6.666666666666667,62.0,59.0,0,24.4,24.8,8.2,9.0,0.721,0.661
824290,2026-04-21,R,Milwaukee Brewers,Detroit Tigers,12,4,0,Kyle Harrison,Keider Montero,5.0,6.0,3.4913793103448274,4.666666666666667,55.0,41.0,10.0,4.333333333333333,5.443548387096774,0.0,38.0,49.0,0,18.5,24.4,8.0,9.0,0.774,0.737
824369,2026-04-21,R,San Diego Padres,Colorado Rockies,1,0,0,Randy Vásquez,Jimmy Herget,9.0,1.0,3.65625,4.0,53.0,70.0,6.0,4.0,2.7551020408163267,0.0,59.0,40.0,0,23.3,13.7,7.5,9.1,0.679,0.72
824448,2026-04-21,R,Houston Astros,Cleveland Guardians,5,8,1,Ryan Weiss,Parker Messick,5.0,8.0,5.975409836065574,4.0,63.0,64.0,5.0,3.6666666666666665,4.989130434782608,4.0,53.0,78.0,0,23.0,,3.6,,0.679,0.74
824690,2026-04-21,R,Philadelphia Phillies,Chicago Cubs,4,7,1,Jesús Luzardo,Shota Imanaga,6.0,6.0,2.7,2.3333333333333335,76.0,43.0,6.0,5.333333333333333,3.965034965034965,3.6666666666666665,34.0,72.0,1,20.6,28.5,4.6,7.5,0.751,0.747
824773,2026-04-21,R,New York Yankees,Boston Red Sox,4,0,0,Luis Gil,Connelly Early,6.0,6.0,3.4,6.333333333333333,53.0,49.0,6.0,5.0,4.790322580645161,0.0,63.0,60.0,0,36.7,16.8,5.1,13.5,0.745,0.797
825099,2026-04-21,R,Chicago White Sox,Arizona Diamondbacks,11,5,0,Sean Burke,Merrill Kelly,7.0,5.333333333333333,2.5808823529411766,0.0,64.0,50.0,6.0,5.333333333333333,5.574193548387097,0.0,46.0,52.0,0,22.3,22.3,6.4,10.6,0.764,0.666
822748,2026-04-22,R,Atlanta Braves,Washington Nationals,8,6,0,Didier Fuentes,Zack Littell,5.0,4.0,4.478048780487805,3.0,66.0,75.0,288.0,1.0,5.2388059701492535,7.0,77.0,50.0,0,17.1,17.4,4.2,8.7,0.715,0.721
822913,2026-04-22,R,Pittsburgh Pirates,Texas Rangers,8,4,0,Braxton Ashcraft,Jack Leiter,6.0,5.666666666666667,3.951219512195122,3.0,56.0,44.0,6.0,5.666666666666667,3.68944099378882,3.6666666666666665,62.0,53.0,1,22.9,24.3,10.4,8.2,0.695,0.662
822993,2026-04-22,R,Cincinnati Reds,Tampa Bay Rays,1,6,1,Brandon Williamson,Nick Martinez,5.0,5.333333333333333,4.447058823529412,6.0,57.0,64.0,5.0,5.333333333333333,2.554054054054054,3.3333333333333335,62.0,60.0,0,17.0,,6.1,,0.667,0.723
823147,2026-04-22,R,Athletics,Seattle Mariners,4,5,1,Aaron Civale,Logan Gilbert,5.0,5.333333333333333,4.805084745762712,4.0,56.0,56.0,5.0,4.666666666666667,3.3962264150943398,3.6666666666666665,59.0,59.0,0,32.3,20.2,5.8,7.6,0.747,0.752
823231,2026-04-22,R,Los Angeles Dodgers,San Francisco Giants,0,3,1,Shohei Ohtani,Tyler Mahle,7.0,4.0,1.945945945945946,4.0,42.0,40.0,7.0,6.0,5.764044943820225,1.0,62.0,42.0,1,19.1,33.2,8.4,4.3,0.722,0.77
823641,2026-04-22,R,Minnesota Twins,New York Mets,2,3,1,Connor Prielipp,Clay Holmes,7.0,5.0,6.136363636363637,2.3333333333333335,22.0,67.0,,,5.3076923076923075,4.0,68.0,55.0,0,18.2,,9.3,,0.696,0.708
823878,2026-04-22,R,St. Louis Cardinals,Miami Marlins,1,4,1,Kyle Leahy,Janson Junk,5.0,5.333333333333333,2.9347826086956523,4.333333333333333,56.0,60.0,5.0,5.0,5.0,3.6666666666666665,58.0,58.0,1,17.2,22.0,2.9,7.7,0.729,0.692
824044,2026-04-22,R,Toronto Blue Jays,Los Angeles Angels,3,7,1,Eric Lauer,José Soriano,5.0,5.666666666666667,6.109489051094891,3.3333333333333335,70.0,59.0,11.0,5.333333333333333,3.143835616438356,4.0,55.0,53.0,0,21.0,23.9,10.8,6.1,0.701,0.763
824123,2026-04-22,R,Baltimore Orioles,Kansas City Royals,8,6,0,Chris Bassitt,Michael Wacha,5.0,6.0,6.696,3.0,39.0,68.0,5.0,5.0,3.2785714285714285,2.0,63.0,63.0,0,17.6,22.6,6.3,7.1,0.721,0.713
824286,2026-04-22,R,Milwaukee Brewers,Detroit Tigers,2,5,1,DL Hall,Casey Mize,5.0,6.666666666666667,5.120689655172414,3.3333333333333335,57.0,49.0,285.0,3.0,5.641791044776119,6.0,48.0,50.0,0,22.2,17.4,5.7,11.0,0.774,0.737
824367,2026-04-22,R,San Diego Padres,Colorado Rockies,3,8,1,Walker Buehler,Tomoyuki Sugano,5.0,4.0,3.5048076923076925,8.0,48.0,70.0,6.0,5.0,2.0625,2.0,59.0,33.0,0,15.7,16.3,5.3,10.6,0.679,0.72
824449,2026-04-22,R,Houston Astros,Cleveland Guardians,2,0,0,Peter Lambert,Tanner Bibee,5.0,6.0,6.096774193548387,4.0,69.0,68.0,5.0,5.0,5.4,4.666666666666667,57.0,81.0,0,21.3,,7.1,,0.679,0.706
824688,2026-04-22,R,Philadelphia Phillies,Chicago Cubs,2,7,1,Kyle Backhus,Matthew Boyd,21.0,5.666666666666667,2.7794117647058822,2.0,74.0,45.0,,,4.6875,3.3333333333333335,38.0,73.0,1,21.4,19.1,5.8,7.0,0.751,0.747
824774,2026-04-22,R,New York Yankees,Boston Red Sox,4,1,0,Max Fried,Ranger Suarez,5.0,8.0,3.5217391304347827,3.6666666666666665,50.0,51.0,6.0,5.333333333333333,4.95,2.6666666666666665,62.0,57.0,0,23.2,23.6,5.8,6.4,0.743,0.797
825097,2026-04-22,R,Chicago White Sox,Arizona Diamondbacks,7,11,1,Anthony Kay,Eduardo Rodriguez,7.0,5.0,2.9562043795620436,4.666666666666667,66.0,57.0,13.0,5.666666666666667,5.655405405405405,3.0,55.0,53.0,0,20.6,,8.6,,0.742,0.699
822745,2026-04-23,R,Atlanta Braves,Washington Nationals,7,2,0,JR Ritchie,Cade Cavalli,5.0,4.0,4.13265306122449,3.0,71.0,77.0,,,5.213793103448276,6.0,77.0,54.0,0,18.3,,6.8,,0.715,0.721
822912,2026-04-23,R,Pittsburgh Pirates,Texas Rangers,1,6,1,Bubba Chandler,Jacob deGrom,6.0,4.0,4.829268292682927,4.0,57.0,52.0,6.0,6.0,3.4177215189873418,2.0,68.0,49.0,1,27.7,25.0,5.5,3.2,0.695,0.662
823233,2026-04-23,R,Los Angeles Dodgers,San Francisco Giants,3,0,0,Tyler Glasnow,Logan Webb,6.0,6.0,2.0186915887850465,2.0,40.0,40.0,6.0,7.0,5.764044943820225,2.0,59.0,41.0,1,26.2,29.0,5.4,11.7,0.722,0.77
823639,2026-04-23,R,Minnesota Twins,New York Mets,8,10,1,Joe Ryan,Christian Scott,,,6.0,2.0,23.0,62.0,6.0,6.0,4.53781512605042,4.0,62.0,52.0,0,,28.2,,5.7,0.777,0.708
824288,2026-04-23,R,Milwaukee Brewers,Detroit Tigers,4,5,1,Brandon Sproat,Tarik Skubal,5.0,6.0,5.353448275862069,3.0,56.0,43.0,7.0,6.666666666666667,6.154411764705882,6.0,50.0,50.0,0,32.2,20.2,4.4,8.3,0.712,0.734
824368,2026-04-23,R,San Diego Padres,Colorado Rockies,10,8,0,Matt Waldron,Ryan Feltner,5.0,5.666666666666667,3.6346153846153846,3.3333333333333335,47.0,72.0,6.0,3.6666666666666665,2.6821192052980134,5.333333333333333,54.0,39.0,0,18.5,12.0,8.9,24.0,0.679,0.72
824689,2026-04-23,R,Philadelphia Phillies,Chicago Cubs,7,8,1,Cristopher Sánchez,Edward Cabrera,6.0,6.0,2.562043795620438,4.333333333333333,75.0,45.0,5.0,6.0,4.9245283018867925,7.0,40.0,75.0,1,25.8,26.3,8.3,5.5,0.751,0.764
824770,2026-04-23,R,New York Yankees,Boston Red Sox,4,2,0,Cam Schlittler,Payton Tolle,225.0,2.0,3.3986013986013988,4.333333333333333,46.0,55.0,6.0,6.0,5.4,1.0,64.0,55.0,0,25.7,27.6,10.8,10.2,0.745,0.797
825096,2026-04-23,R,Chicago White Sox,Arizona Diamondbacks,4,1,0,Davis Martin,Michael Soroka,6.0,7.0,3.4964028776978417,4.0,70.0,62.0,6.0,7.0,5.798657718120805,4.333333333333333,59.0,59.0,0,25.1,17.3,7.7,8.0,0.764,0.666
822827,2026-04-24,R,Cleveland Guardians,Toronto Blue Jays,8,6,0,Gavin Williams,Max Scherzer,6.0,6.0,3.7762237762237763,0.0,54.0,57.0,6.0,7.0,6.146341463414634,0.0,59.0,68.0,0,22.9,24.6,6.4,11.8,0.763,0.679
822909,2026-04-24,R,Athletics,Texas Rangers,8,1,0,Luis Severino,Nathan Eovaldi,6.0,5.0,4.466165413533835,3.3333333333333335,63.0,53.0,6.0,5.333333333333333,3.933774834437086,0.0,59.0,62.0,0,26.0,17.6,4.2,7.1,0.695,0.752
822992,2026-04-24,R,Minnesota Twins,Tampa Bay Rays,2,6,1,Taj Bradley,Drew Rasmussen,6.0,3.6666666666666665,4.754716981132075,0.0,61.0,59.0,6.0,6.0,4.991596638655462,3.0,67.0,61.0,0,21.7,21.0,6.3,9.3,0.735,0.708
823069,2026-04-24,R,Seattle Mariners,St. Louis Cardinals,3,2,0,George Kirby,Andre Pallante,6.0,5.0,5.0,0.0,53.0,61.0,6.0,5.666666666666667,4.790322580645161,0.0,61.0,57.0,0,15.5,26.1,8.7,5.5,0.692,0.747
823232,2026-04-24,R,Miami Marlins,San Francisco Giants,9,4,0,Sandy Alcantara,Adrian Houser,6.0,5.666666666666667,1.9115044247787611,2.0,40.0,43.0,6.0,5.0,3.4285714285714284,0.0,45.0,56.0,0,17.8,19.1,7.3,7.7,0.722,0.729
823638,2026-04-24,R,Colorado Rockies,New York Mets,4,3,0,Michael Lorenzen,Freddy Peralta,6.0,5.666666666666667,5.553191489361702,7.666666666666667,32.0,63.0,5.0,5.0,4.363636363636363,7.0,52.0,75.0,0,28.2,21.0,9.1,6.4,0.777,0.679
823800,2026-04-24,R,Pittsburgh Pirates,Milwaukee Brewers,6,0,0,Paul Skenes,Brandon Woodruff,6.0,7.0,6.144827586206897,3.0,54.0,55.0,6.0,4.0,3.176470588235294,4.0,69.0,55.0,0,32.3,29.5,5.4,5.7,0.737,0.662
823962,2026-04-24,R,Chicago Cubs,Los Angeles Dodgers,6,4,0,Jameson Taillon,Emmet Sheehan,6.0,5.0,5.576086956521739,1.0,62.0,41.0,6.0,6.0,2.7739726027397262,3.0,83.0,52.0,0,30.6,18.9,7.6,5.2,0.77,0.751
824124,2026-04-24,R,Los Angeles Angels,Kansas City Royals,3,6,1,Yusei Kikuchi,Noah Cameron,6.0,4.0,6.622641509433962,0.0,43.0,64.0,6.0,6.0,6.4,0.0,75.0,54.0,0,20.5,22.5,7.7,9.6,0.659,0.701
824204,2026-04-24,R,New York Yankees,Houston Astros,12,4,0,Will Warren,Lance McCullers Jr.,6.0,5.0,4.550561797752809,0.0,58.0,72.0,6.0,7.0,5.4,1.0,68.0,56.0,0,22.3,24.1,14.2,9.1,0.706,0.783
824529,2026-04-24,R,Detroit Tigers,Cincinnati Reds,8,9,1,Framber Valdez,Andrew Abbott,6.0,4.666666666666667,2.4,0.0,58.0,51.0,5.0,6.0,4.805084745762712,3.0,60.0,44.0,0,21.8,23.3,6.3,8.5,0.653,0.774
824611,2026-04-24,R,Washington Nationals,Chicago White Sox,4,5,1,PJ Poulin,Bryan Hudson,,,5.877551020408164,2.6666666666666665,61.0,60.0,5.0,0.6666666666666666,4.543269230769231,4.0,73.0,84.0,0,25.3,24.5,17.3,11.8,0.699,0.639
824854,2026-04-24,R,Boston Red Sox,Baltimore Orioles,3,10,1,Brayan Bello,Brandon Young,18.0,5.0,3.4964028776978417,0.0,66.0,66.0,6.0,4.0,3.7302631578947367,3.0,48.0,59.0,0,18.4,17.7,8.6,8.4,0.713,0.745
824932,2026-04-24,R,Philadelphia Phillies,Atlanta Braves,3,5,1,Andrew Painter,Grant Holmes,5.0,4.666666666666667,5.006622516556291,2.0,84.0,56.0,5.0,4.0,4.7368421052631575,4.0,47.0,83.0,0,25.0,,11.0,,0.721,0.764
822826,2026-04-25,R,Cleveland Guardians,Toronto Blue Jays,3,5,1,Joey Cantillo,Kevin Gausman,6.0,6.0,3.831081081081081,6.666666666666667,50.0,61.0,6.0,4.666666666666667,4.790322580645161,3.0,62.0,63.0,0,24.4,26.9,6.5,10.5,0.755,0.679
822910,2026-04-25,R,Athletics,Texas Rangers,3,4,1,Jeffrey Springs,MacKenzie Gore,6.0,5.0,3.9160305343511452,3.0,57.0,53.0,6.0,5.0,4.153846153846154,2.3333333333333335,63.0,63.0,0,27.2,19.4,9.3,7.6,0.653,0.74
822989,2026-04-25,R,Minnesota Twins,Tampa Bay Rays,1,6,1,Bailey Ober,Shane McClanahan,6.0,4.333333333333333,4.846153846153846,3.0,62.0,58.0,6.0,6.333333333333333,4.098214285714286,1.6666666666666667,65.0,57.0,1,,19.2,,5.0,0.735,0.706
823070,2026-04-25,R,Seattle Mariners,St. Louis Cardinals,11,9,0,Bryan Woo,Matthew Liberatore,6.0,6.0,4.927007299270073,3.6666666666666665,52.0,62.0,6.0,7.0,4.239669421487603,3.0,55.0,53.0,0,18.8,27.1,6.2,4.9,0.692,0.727
823229,2026-04-25,R,Miami Marlins,San Francisco Giants,2,6,1,Eury Pérez,Robbie Ray,6.0,6.0,1.588235294117647,5.0,38.0,49.0,6.0,6.0,3.558139534883721,3.0,54.0,58.0,0,24.6,27.3,9.7,8.3,0.722,0.656
823799,2026-04-25,R,Pittsburgh Pirates,Milwaukee Brewers,6,3,0,Mitch Keller,Jacob Misiorowski,6.0,5.0,5.7153284671532845,4.0,51.0,54.0,6.0,7.0,3.272727272727273,2.0,73.0,55.0,0,32.0,20.0,11.0,6.8,0.737,0.662
823960,2026-04-25,R,Chicago Cubs,Los Angeles Dodgers,4,12,1,Colin Rea,Roki Sasaki,6.0,4.666666666666667,6.230769230769231,2.6666666666666665,58.0,40.0,5.0,6.666666666666667,2.3557046979865772,4.0,89.0,54.0,0,17.4,19.2,13.7,6.6,0.77,0.751
824121,2026-04-25,R,Los Angeles Angels,Kansas City Royals,1,12,1,Walbert Ureña,Cole Ragans,6.0,4.333333333333333,6.5,2.6666666666666665,47.0,67.0,6.0,6.0,6.260869565217392,3.0,68.0,58.0,1,38.1,,7.8,,0.721,0.701
824203,2026-04-25,R,New York Yankees,Houston Astros,8,3,0,Ryan Weathers,Mike Burrows,6.0,4.666666666666667,4.688622754491018,4.0,56.0,75.0,6.0,7.333333333333333,5.803738317757009,3.0,77.0,55.0,0,24.1,22.3,7.7,7.2,0.74,0.783
824527,2026-04-25,R,Detroit Tigers,Cincinnati Reds,2,9,1,Jack Flaherty,Brady Singer,6.0,6.0,1.9424460431654675,5.0,65.0,49.0,5.0,3.3333333333333335,5.754098360655738,4.333333333333333,66.0,53.0,1,22.8,27.6,8.4,8.7,0.723,0.712
824613,2026-04-25,R,Washington Nationals,Chicago White Sox,6,3,0,Jake Irvin,Noah Schultz,6.0,5.0,5.464285714285714,8.0,66.0,62.0,5.0,5.0,4.897674418604651,6.333333333333333,70.0,86.0,1,,15.8,,7.9,0.666,0.639
824851,2026-04-25,R,Boston Red Sox,Baltimore Orioles,17,1,0,Garrett Crochet,Trevor Rogers,6.0,5.0,2.9562043795620436,3.3333333333333335,73.0,63.0,6.0,5.0,3.6580645161290324,4.666666666666667,49.0,66.0,1,24.3,31.3,6.9,5.7,0.661,0.743
824933,2026-04-25,R,Philadelphia Phillies,Atlanta Braves,8,5,0,Zack Wheeler,Bryce Elder,5.0,6.666666666666667,4.591836734693878,3.0,78.0,54.0,253.0,5.0,4.909090909090909,2.3333333333333335,46.0,83.0,1,19.3,33.3,7.5,5.6,0.721,0.764
825093,2026-04-25,R,San Diego Padres,Arizona Diamondbacks,6,4,0,Germán Márquez,Zac Gallen,7.0,5.666666666666667,4.295454545454546,0.0,59.0,61.0,7.0,5.666666666666667,3.0,0.0,52.0,42.0,0,21.5,14.0,8.1,8.1,0.764,0.72
822824,2026-04-26,R,Cleveland Guardians,Toronto Blue Jays,2,4,1,Slade Cecconi,Patrick Corbin,5.0,5.0,4.125,2.3333333333333335,51.0,57.0,6.0,5.0,4.928571428571429,3.0,59.0,68.0,0,19.8,20.0,7.7,5.9,0.763,0.647
822911,2026-04-26,R,Athletics,Texas Rangers,2,1,0,J.T. Ginn,Kumar Rocker,5.0,6.0,3.7384615384615385,4.0,58.0,50.0,6.0,5.333333333333333,4.138686131386861,2.0,55.0,61.0,0,19.5,25.3,8.0,7.9,0.695,0.752
822991,2026-04-26,R,Minnesota Twins,Tampa Bay Rays,2,4,1,Simeon Woods Richardson,Griffin Jax,228.0,1.0,4.796052631578948,4.0,63.0,55.0,5.0,5.0,4.580357142857143,2.0,59.0,59.0,1,35.0,22.7,7.4,9.8,0.735,0.708
823068,2026-04-26,R,Seattle Mariners,St. Louis Cardinals,3,2,0,Emerson Hancock,Michael McGreevy,6.0,5.666666666666667,5.0503597122302155,5.666666666666667,60.0,66.0,6.0,5.0,4.647540983606557,6.0,58.0,55.0,0,14.5,16.6,5.0,8.1,0.692,0.747
823230,2026-04-26,R,Miami Marlins,San Francisco Giants,3,6,1,Max Meyer,Landen Roupp,5.0,5.0,1.08,4.0,42.0,45.0,6.0,5.333333333333333,3.796875,2.6666666666666665,55.0,58.0,0,21.4,23.9,9.5,7.0,0.722,0.729
823635,2026-04-26,R,Colorado Rockies,New York Mets,3,1,0,Jose Quintana,Nolan McLean,5.0,6.666666666666667,5.4,0.0,29.0,52.0,6.0,5.0,4.232432432432432,0.0,49.0,64.0,0,30.3,16.0,8.5,9.0,0.696,0.679
823797,2026-04-26,R,Pittsburgh Pirates,Milwaukee Brewers,0,5,1,Carmen Mlodzinski,Kyle Harrison,5.0,3.0,5.8,4.0,53.0,57.0,5.0,4.333333333333333,3.0,5.0,75.0,55.0,0,24.4,21.2,9.0,6.4,0.737,0.635
823959,2026-04-26,R,Chicago Cubs,Los Angeles Dodgers,0,6,1,Shota Imanaga,Justin Wrobleski,6.0,7.0,6.031914893617022,4.0,64.0,41.0,5.0,7.0,3.537931034482759,4.666666666666667,90.0,62.0,0,27.1,20.6,6.1,4.6,0.765,0.751
824122,2026-04-26,R,Los Angeles Angels,Kansas City Royals,9,11,1,Reid Detmers,Seth Lugo,6.0,7.0,6.157894736842105,3.0,57.0,68.0,6.0,6.0,7.511278195488722,4.333333333333333,66.0,63.0,1,20.5,30.1,9.0,9.4,0.659,0.693
824202,2026-04-26,R,New York Yankees,Houston Astros,4,7,1,Luis Gil,Spencer Arrighetti,6.0,5.0,5.335329341317365,4.0,52.0,75.0,5.0,6.333333333333333,5.447368421052632,3.6666666666666665,81.0,53.0,0,19.9,16.8,12.8,13.5,0.706,0.783
824528,2026-04-26,R,Detroit Tigers,Cincinnati Reds,8,3,0,Keider Montero,Rhett Lowder,6.0,6.0,2.0,3.6666666666666665,67.0,48.0,5.0,5.666666666666667,6.023076923076923,6.0,62.0,61.0,1,,18.5,,8.0,0.723,0.712
824612,2026-04-26,R,Washington Nationals,Chicago White Sox,2,1,0,Foster Griffin,Bryan Hudson,2.0,1.0,5.684210526315789,4.0,69.0,66.0,5.0,6.0,4.976958525345622,4.333333333333333,73.0,88.0,1,25.3,,17.3,,0.699,0.639
824852,2026-04-26,R,Boston Red Sox,Baltimore Orioles,5,3,0,Connelly Early,Kyle Bradish,6.0,5.333333333333333,4.623287671232877,7.333333333333333,68.0,78.0,5.0,5.333333333333333,3.4838709677419355,3.0,59.0,66.0,1,37.3,36.7,7.9,5.1,0.661,0.745
824934,2026-04-26,R,Philadelphia Phillies,Atlanta Braves,2,6,1,Aaron Nola,Chris Sale,8.0,7.0,4.5,3.0,83.0,56.0,6.0,4.333333333333333,4.982142857142857,5.0,50.0,85.0,1,32.4,24.0,6.3,6.9,0.721,0.747
825094,2026-04-26,R,San Diego Padres,Arizona Diamondbacks,7,12,1,Michael King,Ryne Nelson,7.0,0.3333333333333333,4.875,6.0,60.0,63.0,7.0,5.0,2.8636363636363638,3.0,49.0,41.0,0,21.3,24.7,6.6,8.4,0.764,0.72
823637,2026-04-26,R,Colorado Rockies,New York Mets,3,0,0,Chase Dollander,Kodai Senga,9.0,3.3333333333333335,5.113636363636363,0.0,30.0,55.0,230.0,5.0,3.9948979591836733,0.0,52.0,65.0,0,22.6,18.6,11.4,11.1,0.777,0.679
822825,2026-04-27,R,Boston Red Sox,Toronto Blue Jays,5,0,0,Ranger Suarez,Dylan Cease,7.0,5.0,4.335766423357664,4.333333333333333,53.0,51.0,5.0,4.666666666666667,3.4838709677419355,2.3333333333333335,55.0,66.0,0,29.8,23.2,9.8,5.8,0.755,0.745
822906,2026-04-27,R,New York Yankees,Texas Rangers,4,2,0,Max Fried,Jack Leiter,5.0,5.0,3.5307692307692307,3.0,54.0,50.0,5.0,8.0,5.076923076923077,4.0,81.0,55.0,0,22.9,23.6,10.4,6.4,0.653,0.783
823311,2026-04-27,R,Chicago Cubs,San Diego Padres,7,9,1,Matthew Boyd,Randy Vásquez,6.0,7.0,4.95,2.0,49.0,51.0,5.0,4.666666666666667,3.75,2.6666666666666665,83.0,62.0,0,13.7,21.4,9.1,5.8,0.691,0.751
823395,2026-04-27,R,St. Louis Cardinals,Pittsburgh Pirates,4,2,0,Dustin May,Mason Montgomery,12.0,1.0,2.4397590361445785,4.333333333333333,69.0,53.0,6.0,5.333333333333333,5.161764705882353,3.0,59.0,60.0,0,30.1,21.1,12.9,9.6,0.662,0.695
823719,2026-04-27,R,Seattle Mariners,Minnesota Twins,4,11,1,Luis Castillo,Connor Prielipp,5.0,4.0,4.378378378378378,3.6666666666666665,53.0,61.0,6.0,5.0,4.536,3.0,55.0,56.0,0,,21.7,,6.2,0.708,0.727
823961,2026-04-27,R,Miami Marlins,Los Angeles Dodgers,4,5,1,Chris Paddack,Yoshinobu Yamamoto,6.0,7.0,5.829545454545454,3.0,68.0,36.0,6.0,4.666666666666667,4.534351145038168,3.0,56.0,56.0,0,29.4,16.7,8.6,5.5,0.77,0.729
824446,2026-04-27,R,Tampa Bay Rays,Cleveland Guardians,3,2,0,Steven Matz,Parker Messick,6.0,5.0,3.951219512195122,2.3333333333333335,60.0,59.0,6.0,3.0,4.141104294478527,6.666666666666667,62.0,53.0,0,23.0,19.1,3.6,3.6,0.647,0.667
824609,2026-04-27,R,Los Angeles Angels,Chicago White Sox,7,8,1,Jack Kochanowicz,Anthony Kay,5.0,3.6666666666666665,4.88135593220339,9.0,64.0,63.0,6.0,5.666666666666667,7.276595744680851,4.666666666666667,66.0,68.0,0,,14.1,,11.3,0.666,0.701
822823,2026-04-28,R,Boston Red Sox,Toronto Blue Jays,0,3,1,Payton Tolle,Trey Yesavage,181.0,7.0,4.224489795918367,3.3333333333333335,53.0,56.0,5.0,6.0,3.4964028776978417,1.0,54.0,53.0,0,25.8,25.7,11.3,10.8,0.755,0.745
822908,2026-04-28,R,New York Yankees,Texas Rangers,3,2,0,Cam Schlittler,Jacob deGrom,5.0,5.666666666666667,3.2481203007518795,3.0,48.0,53.0,5.0,8.0,4.172727272727273,3.0,74.0,47.0,0,27.7,27.6,5.5,10.2,0.695,0.783
823310,2026-04-28,R,Chicago Cubs,San Diego Padres,8,3,0,Edward Cabrera,Walker Buehler,6.0,2.6666666666666665,4.909090909090909,4.0,58.0,58.0,5.0,7.0,3.7241379310344827,4.0,83.0,58.0,1,16.3,25.8,10.6,8.3,0.72,0.751
823390,2026-04-28,R,St. Louis Cardinals,Pittsburgh Pirates,11,7,0,Kyle Leahy,Braxton Ashcraft,6.0,7.0,2.2375690607734806,8.0,55.0,52.0,6.0,5.0,4.87218045112782,3.0,60.0,53.0,0,24.3,22.0,8.2,7.7,0.662,0.692
823473,2026-04-28,R,San Francisco Giants,Philadelphia Phillies,0,7,1,Tyler Mahle,Jesús Luzardo,7.0,4.666666666666667,4.5608108108108105,0.0,36.0,80.0,6.0,7.0,0.680672268907563,0.0,46.0,42.0,0,28.5,19.1,7.5,8.4,0.764,0.631
823636,2026-04-28,R,Washington Nationals,New York Mets,0,8,1,Zack Littell,Clay Holmes,6.0,7.0,5.075187969924812,0.0,30.0,53.0,6.0,6.0,3.479381443298969,0.0,62.0,67.0,0,18.2,17.1,9.3,4.2,0.777,0.715
823716,2026-04-28,R,Seattle Mariners,Minnesota Twins,7,1,0,Logan Gilbert,Joe Ryan,5.0,5.0,4.2631578947368425,4.0,51.0,59.0,6.0,4.0,5.1923076923076925,3.0,53.0,65.0,1,28.2,32.3,5.7,5.8,0.708,0.747
823798,2026-04-28,R,Arizona Diamondbacks,Milwaukee Brewers,2,13,1,Merrill Kelly,Chad Patrick,13.0,6.666666666666667,4.6,0.0,52.0,49.0,7.0,4.333333333333333,3.9705882352941178,0.0,61.0,58.0,0,25.2,22.3,8.0,6.4,0.737,0.764
823956,2026-04-28,R,Miami Marlins,Los Angeles Dodgers,2,1,0,Janson Junk,Shohei Ohtani,6.0,6.0,5.288659793814433,4.0,69.0,40.0,6.0,5.0,5.1923076923076925,4.666666666666667,50.0,57.0,1,33.2,17.2,4.3,2.9,0.77,0.729
824447,2026-04-28,R,Tampa Bay Rays,Cleveland Guardians,1,0,0,Nick Martinez,Tanner Bibee,6.0,6.0,4.239669421487603,3.3333333333333335,53.0,59.0,6.0,8.0,3.9940828402366866,2.0,65.0,55.0,0,21.3,17.0,7.1,6.1,0.679,0.735
824526,2026-04-28,R,Colorado Rockies,Cincinnati Reds,2,7,1,Kyle Freeland,Chase Burns,7.0,5.666666666666667,2.7209302325581395,0.0,64.0,47.0,21.0,6.333333333333333,3.430939226519337,0.0,53.0,58.0,0,35.6,17.5,8.5,5.4,0.653,0.679
824610,2026-04-28,R,Los Angeles Angels,Chicago White Sox,2,5,1,José Soriano,Davis Martin,5.0,6.333333333333333,4.640625,5.0,72.0,70.0,6.0,5.0,7.30827067669173,2.0,63.0,65.0,1,17.3,21.0,8.0,10.8,0.666,0.693
824849,2026-04-28,R,Houston Astros,Baltimore Orioles,3,5,1,Kai-Wei Teng,Shane Baz,7.0,6.333333333333333,4.467625899280575,0.0,56.0,74.0,220.0,3.0,5.917808219178082,0.0,56.0,67.0,0,24.8,28.1,9.0,12.2,0.713,0.706
824931,2026-04-28,R,Detroit Tigers,Atlanta Braves,2,5,1,Casey Mize,Martín Pérez,11.0,6.0,3.558139534883721,0.0,72.0,47.0,6.0,6.0,5.6,0.0,62.0,62.0,0,19.3,22.2,9.6,5.7,0.721,0.774
825017,2026-04-28,R,Kansas City Royals,Athletics,4,1,0,Kris Bubic,Aaron Civale,6.0,5.333333333333333,3.6,0.0,55.0,54.0,7.0,6.0,6.157894736842105,0.0,63.0,71.0,0,20.2,24.4,7.6,8.2,0.74,0.721
822821,2026-04-29,R,Boston Red Sox,Toronto Blue Jays,1,8,1,Brayan Bello,Eric Lauer,7.0,5.0,3.7762237762237763,3.6666666666666665,47.0,49.0,5.0,3.3333333333333335,3.3503649635036497,3.3333333333333335,54.0,50.0,0,23.9,17.7,6.1,8.4,0.763,0.743
822907,2026-04-29,R,New York Yankees,Texas Rangers,0,3,1,Elmer Rodríguez,Nathan Eovaldi,5.0,6.0,3.6818181818181817,3.0,49.0,54.0,,,4.037383177570093,3.0,76.0,42.0,0,26.0,,4.2,,0.695,0.783
823312,2026-04-29,R,Chicago Cubs,San Diego Padres,5,4,0,Jameson Taillon,Matt Waldron,6.0,5.0,5.955882352941177,4.333333333333333,57.0,65.0,5.0,5.0,3.2977099236641223,3.3333333333333335,81.0,57.0,1,12.0,18.9,24.0,5.2,0.72,0.751
823392,2026-04-29,R,St. Louis Cardinals,Pittsburgh Pirates,5,4,0,Andre Pallante,Bubba Chandler,6.0,4.0,3.0,4.666666666666667,58.0,58.0,5.0,5.333333333333333,5.023255813953488,3.6666666666666665,65.0,55.0,0,25.0,15.5,3.2,8.7,0.662,0.692
823633,2026-04-29,R,Washington Nationals,New York Mets,14,2,0,Cade Cavalli,David Peterson,16.0,5.0,4.661870503597123,3.0,37.0,51.0,6.0,5.0,3.2459016393442623,4.333333333333333,57.0,71.0,1,20.7,18.3,9.0,6.8,0.777,0.639
823717,2026-04-29,R,Seattle Mariners,Minnesota Twins,5,3,0,George Kirby,Taj Bradley,5.0,6.333333333333333,5.3076923076923075,3.0,46.0,66.0,5.0,6.0,4.661870503597123,4.0,59.0,62.0,1,21.0,26.1,9.3,5.5,0.708,0.747
823796,2026-04-29,R,Arizona Diamondbacks,Milwaukee Brewers,6,2,0,Eduardo Rodriguez,Brandon Sproat,6.0,5.333333333333333,3.4511278195488724,4.0,58.0,42.0,7.0,5.0,5.2388059701492535,3.0,59.0,68.0,1,20.2,20.6,8.3,8.6,0.734,0.764
823958,2026-04-29,R,Miami Marlins,Los Angeles Dodgers,3,2,0,Sandy Alcantara,Tyler Glasnow,6.0,8.0,5.029411764705882,3.0,68.0,41.0,5.0,6.0,4.776923076923077,3.0,47.0,52.0,1,29.0,19.1,11.7,7.7,0.77,0.729
824445,2026-04-29,R,Tampa Bay Rays,Cleveland Guardians,1,3,1,Drew Rasmussen,Gavin Williams,5.0,6.0,3.731707317073171,4.0,48.0,54.0,5.0,6.0,3.8098159509202456,2.0,58.0,50.0,0,24.6,21.7,11.8,6.3,0.679,0.735
824525,2026-04-29,R,Colorado Rockies,Cincinnati Reds,13,2,0,Tomoyuki Sugano,Brandon Williamson,7.0,4.333333333333333,2.7209302325581395,3.0,69.0,48.0,7.0,5.666666666666667,4.0344827586206895,3.0,49.0,58.0,1,,15.7,,5.3,0.723,0.679
824608,2026-04-29,R,Los Angeles Angels,Chicago White Sox,2,3,1,Yusei Kikuchi,Erick Fedde,11.0,4.666666666666667,4.308510638297872,3.3333333333333335,72.0,64.0,5.0,5.0,7.544117647058823,3.0,58.0,69.0,1,13.3,22.5,10.8,9.6,0.699,0.693
824930,2026-04-29,R,Detroit Tigers,Atlanta Braves,3,4,1,Tarik Skubal,JR Ritchie,6.0,7.0,3.7674418604651163,4.0,71.0,44.0,6.0,6.0,5.732876712328767,5.666666666666667,62.0,66.0,1,,32.2,,4.4,0.716,0.712
825015,2026-04-29,R,Kansas City Royals,Athletics,2,5,1,Michael Wacha,Luis Severino,5.0,6.666666666666667,3.992957746478873,5.0,54.0,57.0,7.0,5.333333333333333,5.2682926829268295,5.0,66.0,70.0,0,17.6,17.6,7.1,6.3,0.752,0.721
823391,2026-04-30,R,St. Louis Cardinals,Pittsburgh Pirates,10,5,0,Hunter Dobbins,Paul Skenes,6.0,7.0,3.5357142857142856,4.0,60.0,63.0,293.0,1.6666666666666667,5.023255813953488,3.0,65.0,56.0,0,29.5,17.6,5.7,6.6,0.662,0.692
823472,2026-04-30,R,San Francisco Giants,Philadelphia Phillies,2,3,1,Logan Webb,Cristopher Sánchez,7.0,5.333333333333333,3.50381679389313,0.0,37.0,59.0,7.0,7.0,1.2616822429906542,0.0,42.0,39.0,1,26.3,26.2,5.5,5.4,0.764,0.631
823634,2026-04-30,R,Washington Nationals,New York Mets,5,4,0,Miles Mikolas,Freddy Peralta,6.0,5.666666666666667,4.623287671232877,5.333333333333333,37.0,57.0,22.0,3.0,3.2459016393442623,3.0,71.0,71.0,1,28.2,14.9,9.1,5.5,0.777,0.715
823714,2026-04-30,R,Toronto Blue Jays,Minnesota Twins,1,7,1,Kevin Gausman,Bailey Ober,5.0,6.0,5.837837837837838,2.0,44.0,62.0,5.0,6.666666666666667,3.3973509933774833,4.666666666666667,54.0,48.0,0,19.2,24.4,5.0,6.5,0.708,0.763
823795,2026-04-30,R,Arizona Diamondbacks,Milwaukee Brewers,1,13,1,Michael Soroka,Brandon Woodruff,6.0,5.0,3.664285714285714,4.666666666666667,58.0,47.0,7.0,5.0,5.113636363636363,4.333333333333333,57.0,65.0,1,32.3,25.1,5.4,7.7,0.737,0.764
824524,2026-04-30,R,Colorado Rockies,Cincinnati Reds,4,6,1,Michael Lorenzen,Andrew Abbott,6.0,4.0,4.242857142857143,6.0,63.0,58.0,6.0,7.0,4.395348837209302,3.6666666666666665,61.0,57.0,1,21.8,21.0,6.3,6.4,0.723,0.679
824848,2026-04-30,R,Houston Astros,Baltimore Orioles,3,10,1,Peter Lambert,Chris Bassitt,8.0,5.333333333333333,4.790322580645161,0.0,53.0,65.0,8.0,6.0,6.551470588235294,0.0,49.0,65.0,1,22.6,,7.1,,0.713,0.706
824929,2026-04-30,R,Detroit Tigers,Atlanta Braves,5,2,0,Framber Valdez,Bryce Elder,5.0,7.0,3.1153846153846154,3.6666666666666665,69.0,44.0,6.0,4.333333333333333,6.364285714285714,1.0,63.0,69.0,1,19.3,23.3,7.5,8.5,0.716,0.712
825016,2026-04-30,R,Kansas City Royals,Athletics,3,6,1,Noah Cameron,Jeffrey Springs,5.0,6.0,3.7445255474452557,2.0,53.0,54.0,6.0,6.333333333333333,5.0625,3.0,67.0,73.0,0,19.4,20.5,7.6,7.7,0.74,0.659
823471,2026-04-30,R,San Francisco Giants,Philadelphia Phillies,5,6,1,Adrian Houser,Tim Mayza,,,3.3260869565217392,0.0,40.0,61.0,6.0,4.0,1.6875,0.0,44.0,42.0,1,20.3,17.8,6.8,7.3,0.764,0.631
824850,2026-04-30,R,Houston Astros,Baltimore Orioles,11,5,0,Lance McCullers Jr.,Brandon Young,6.0,5.666666666666667,4.534351145038168,0.0,63.0,68.0,6.0,5.0,7.530612244897959,0.0,52.0,75.0,1,18.4,22.3,8.6,14.2,0.713,0.706
822744,2026-05-01,R,Milwaukee Brewers,Washington Nationals,6,1,0,Jacob Misiorowski,Jake Irvin,6.0,5.666666666666667,2.9347826086956523,5.0,68.0,68.0,6.0,6.0,3.4615384615384617,7.666666666666667,69.0,47.0,0,15.8,32.0,7.9,11.0,0.715,0.737
822990,2026-05-01,R,San Francisco Giants,Tampa Bay Rays,0,3,1,Robbie Ray,Shane McClanahan,6.0,5.0,3.664285714285714,0.0,46.0,47.0,6.0,5.0,2.059322033898305,6.666666666666667,46.0,48.0,0,,24.6,,9.7,0.667,0.631
823066,2026-05-01,R,Los Angeles Dodgers,St. Louis Cardinals,2,7,1,Emmet Sheehan,Matthew Liberatore,6.0,3.3333333333333335,4.909090909090909,4.666666666666667,75.0,61.0,7.0,6.333333333333333,4.980582524271845,0.0,62.0,42.0,0,18.8,30.6,6.2,7.6,0.692,0.765
823146,2026-05-01,R,Kansas City Royals,Seattle Mariners,7,6,0,Cole Ragans,Bryan Woo,6.0,3.0,3.857142857142857,0.0,56.0,53.0,6.0,6.0,4.354838709677419,2.6666666666666665,61.0,69.0,0,27.1,38.1,4.9,7.8,0.727,0.721
823309,2026-05-01,R,Chicago White Sox,San Diego Padres,8,2,0,Noah Schultz,Germán Márquez,6.0,6.0,6.694214876033058,0.0,49.0,62.0,6.0,6.0,3.478527607361963,0.0,69.0,53.0,0,14.0,,8.1,,0.691,0.666
823389,2026-05-01,R,Cincinnati Reds,Pittsburgh Pirates,1,9,1,Brady Singer,Mitch Keller,6.0,5.0,4.041916167664671,4.0,58.0,65.0,6.0,5.333333333333333,4.628571428571429,3.0,69.0,59.0,0,20.0,22.8,6.8,8.4,0.662,0.723
823557,2026-05-01,R,Baltimore Orioles,New York Yankees,2,7,1,Cade Povich,Will Warren,7.0,6.0,3.09375,0.0,67.0,30.0,19.0,6.666666666666667,4.435714285714286,7.333333333333333,66.0,75.0,0,24.1,24.2,9.1,8.8,0.797,0.713
823713,2026-05-01,R,Toronto Blue Jays,Minnesota Twins,7,3,0,Patrick Corbin,Simeon Woods Richardson,5.0,4.333333333333333,5.4,3.0,51.0,63.0,5.0,4.666666666666667,3.7549668874172184,2.3333333333333335,54.0,53.0,1,22.7,19.8,9.8,7.7,0.706,0.763
823877,2026-05-01,R,Philadelphia Phillies,Miami Marlins,6,5,0,Zack Wheeler,Eury Pérez,6.0,5.333333333333333,3.9767441860465116,0.0,47.0,48.0,6.0,5.0,3.6666666666666665,10.333333333333334,46.0,66.0,0,27.3,33.3,8.3,5.6,0.729,0.764
824041,2026-05-01,R,New York Mets,Los Angeles Angels,4,3,0,Christian Scott,Walbert Ureña,6.0,3.6666666666666665,7.363636363636363,0.0,45.0,63.0,8.0,1.3333333333333333,4.703225806451613,3.0,41.0,62.0,0,,,,,0.693,0.777
824287,2026-05-01,R,Texas Rangers,Detroit Tigers,5,4,0,MacKenzie Gore,Jack Flaherty,6.0,2.0,5.4,3.0,58.0,62.0,6.0,5.0,2.516949152542373,0.0,38.0,42.0,0,27.6,27.2,8.7,9.3,0.774,0.695
824366,2026-05-01,R,Atlanta Braves,Colorado Rockies,8,6,0,Grant Holmes,Jose Quintana,5.0,5.333333333333333,5.225806451612903,2.6666666666666665,62.0,61.0,7.0,6.0,3.6906474820143886,3.0,71.0,49.0,0,16.0,25.0,9.0,11.0,0.679,0.716
824686,2026-05-01,R,Arizona Diamondbacks,Chicago Cubs,5,6,1,Zac Gallen,Colin Rea,6.0,3.3333333333333335,3.375,0.0,75.0,59.0,6.0,3.0,5.326530612244898,5.0,58.0,78.0,0,19.2,21.5,6.6,8.1,0.751,0.764
824772,2026-05-01,R,Houston Astros,Boston Red Sox,1,3,1,Mike Burrows,Jake Bennett,,,3.25531914893617,0.0,46.0,53.0,6.0,5.0,8.1,6.666666666666667,61.0,77.0,0,,24.1,,7.7,0.745,0.74
825012,2026-05-01,R,Cleveland Guardians,Athletics,8,5,0,Joey Cantillo,J.T. Ginn,5.0,3.3333333333333335,2.6433566433566433,6.0,53.0,48.0,6.0,5.0,3.1339285714285716,0.0,44.0,48.0,0,25.3,26.9,7.9,10.5,0.74,0.679
822746,2026-05-02,R,Milwaukee Brewers,Washington Nationals,4,1,0,Kyle Harrison,Foster Griffin,6.0,7.0,2.685082872928177,4.0,64.0,64.0,6.0,6.0,3.3529411764705883,3.6666666666666665,68.0,43.0,0,,24.4,,9.0,0.639,0.734
822988,2026-05-02,R,San Francisco Giants,Tampa Bay Rays,1,5,1,Landen Roupp,Griffin Jax,6.0,2.3333333333333335,3.0638297872340425,3.0,48.0,42.0,6.0,7.666666666666667,1.894736842105263,1.6666666666666667,36.0,46.0,1,35.0,21.4,7.4,9.5,0.735,0.722
823067,2026-05-02,R,Los Angeles Dodgers,St. Louis Cardinals,2,3,1,Roki Sasaki,Michael McGreevy,6.0,6.0,4.787234042553192,3.3333333333333335,73.0,59.0,7.0,5.0,5.299065420560748,3.3333333333333335,57.0,48.0,1,14.5,17.4,5.0,13.7,0.692,0.77
823144,2026-05-02,R,Kansas City Royals,Seattle Mariners,3,2,0,Seth Lugo,Emerson Hancock,6.0,6.0,3.50381679389313,3.0,62.0,55.0,6.0,6.333333333333333,4.186046511627907,3.6666666666666665,66.0,71.0,0,16.6,20.5,8.1,9.0,0.747,0.721
823308,2026-05-02,R,Chicago White Sox,San Diego Padres,4,0,0,Sean Burke,Michael King,6.0,6.0,6.525,4.0,51.0,62.0,11.0,6.0,3.5783132530120483,3.0,68.0,53.0,0,24.7,22.3,8.4,10.6,0.72,0.666
823388,2026-05-02,R,Cincinnati Reds,Pittsburgh Pirates,7,17,1,Rhett Lowder,Carmen Mlodzinski,6.0,3.6666666666666665,4.115853658536586,2.0,62.0,65.0,6.0,5.0,5.475524475524476,4.666666666666667,68.0,67.0,1,21.2,,6.4,,0.662,0.723
823554,2026-05-02,R,Baltimore Orioles,New York Yankees,4,9,1,Kyle Bradish,Ryan Weathers,7.0,5.333333333333333,2.8421052631578947,2.6666666666666665,70.0,30.0,6.0,5.0,4.821428571428571,4.0,62.0,78.0,1,22.3,37.3,7.2,7.9,0.783,0.661
823715,2026-05-02,R,Toronto Blue Jays,Minnesota Twins,11,4,0,Dylan Cease,Connor Prielipp,5.0,5.0,5.443548387096774,4.333333333333333,53.0,68.0,5.0,5.666666666666667,3.4468085106382977,3.6666666666666665,58.0,50.0,1,,29.8,,9.8,0.708,0.755
823876,2026-05-02,R,Philadelphia Phillies,Miami Marlins,0,4,1,Andrew Painter,Max Meyer,6.0,5.0,4.677165354330708,4.0,47.0,47.0,8.0,5.666666666666667,4.153846153846154,3.0,52.0,62.0,0,23.9,,7.0,,0.729,0.764
824042,2026-05-02,R,New York Mets,Los Angeles Angels,3,4,1,Nolan McLean,Reid Detmers,6.0,5.0,7.858208955223881,4.0,40.0,67.0,6.0,5.0,3.8823529411764706,4.0,41.0,53.0,0,30.1,30.3,9.4,8.5,0.693,0.696
824284,2026-05-02,R,Texas Rangers,Detroit Tigers,1,5,1,Kumar Rocker,Keider Montero,6.0,5.0,5.29054054054054,5.333333333333333,62.0,66.0,6.0,6.0,2.722689075630252,5.333333333333333,38.0,46.0,0,18.5,19.5,8.0,8.0,0.712,0.695
824365,2026-05-02,R,Atlanta Braves,Colorado Rockies,9,1,0,Chris Sale,Brennan Bernardino,28.0,0.6666666666666666,6.1610738255033555,3.0,67.0,62.0,6.0,6.0,3.612676056338028,4.0,70.0,55.0,0,19.1,32.4,12.0,6.3,0.679,0.716
824685,2026-05-02,R,Arizona Diamondbacks,Chicago Cubs,0,2,1,Ryne Nelson,Shota Imanaga,6.0,5.333333333333333,3.7384615384615385,3.6666666666666665,69.0,60.0,6.0,5.0,4.909090909090909,4.333333333333333,57.0,81.0,1,20.6,21.3,4.6,6.6,0.751,0.742
824771,2026-05-02,R,Houston Astros,Boston Red Sox,6,3,0,Spencer Arrighetti,Connelly Early,6.0,6.666666666666667,3.122448979591837,4.0,48.0,54.0,6.0,7.0,7.455223880597015,2.0,58.0,71.0,1,36.7,19.9,5.1,12.8,0.745,0.74
825014,2026-05-02,R,Cleveland Guardians,Athletics,14,6,0,Slade Cecconi,Jacob Lopez,11.0,5.333333333333333,2.4375,4.666666666666667,56.0,47.0,6.0,5.666666666666667,1.8305084745762712,5.0,48.0,47.0,0,28.3,20.0,9.3,5.9,0.752,0.647
822742,2026-05-03,R,Milwaukee Brewers,Washington Nationals,2,3,1,Logan Henderson,PJ Poulin,9.0,1.6666666666666667,2.602409638554217,3.0,59.0,61.0,29.0,2.0,3.1153846153846154,3.0,67.0,42.0,0,24.5,33.3,11.8,8.1,0.715,0.734
822987,2026-05-03,R,San Francisco Giants,Tampa Bay Rays,1,2,1,Tyler Mahle,Steven Matz,6.0,7.0,3.272727272727273,6.333333333333333,45.0,36.0,5.0,5.0,1.7830188679245282,3.6666666666666665,30.0,45.0,1,19.1,19.1,3.6,8.4,0.735,0.631
823065,2026-05-03,R,Los Angeles Dodgers,St. Louis Cardinals,4,1,0,Justin Wrobleski,Dustin May,6.0,6.0,4.5,3.0,69.0,56.0,7.0,6.0,4.9326923076923075,2.0,56.0,47.0,1,21.1,27.1,9.6,6.1,0.695,0.77
823145,2026-05-03,R,Kansas City Royals,Seattle Mariners,4,1,0,Kris Bubic,Luis Castillo,6.0,5.0,3.3230769230769233,3.0,57.0,55.0,5.0,5.0,2.9302325581395348,4.0,65.0,60.0,0,21.7,24.4,6.2,8.2,0.727,0.721
823307,2026-05-03,R,Chicago White Sox,San Diego Padres,3,4,1,Anthony Kay,Griffin Canning,311.0,2.6666666666666665,6.352941176470588,3.0,47.0,65.0,6.0,4.0,3.267515923566879,3.0,66.0,46.0,0,21.4,,10.4,,0.691,0.666
823387,2026-05-03,R,Cincinnati Reds,Pittsburgh Pirates,0,1,1,Chase Burns,Braxton Ashcraft,5.0,4.333333333333333,3.857142857142857,3.3333333333333335,72.0,64.0,5.0,6.0,6.84,6.666666666666667,70.0,80.0,1,24.3,35.6,8.2,8.5,0.662,0.723
823555,2026-05-03,R,Baltimore Orioles,New York Yankees,3,11,1,Trey Gibson,Max Fried,6.0,6.0,2.405940594059406,4.0,66.0,30.0,,,5.178082191780822,4.0,64.0,83.0,1,23.6,,6.4,,0.783,0.661
823711,2026-05-03,R,Toronto Blue Jays,Minnesota Twins,3,4,1,Trey Yesavage,Joe Ryan,5.0,6.0,6.377952755905512,4.0,53.0,74.0,5.0,5.333333333333333,2.6808510638297873,2.0,67.0,48.0,1,28.2,25.8,5.7,11.3,0.708,0.763
823875,2026-05-03,R,Philadelphia Phillies,Miami Marlins,7,2,0,Jesús Luzardo,Chris Paddack,6.0,4.0,4.462809917355372,2.0,49.0,42.0,5.0,7.0,4.326923076923077,3.0,51.0,63.0,0,16.7,28.5,5.5,7.5,0.656,0.764
824043,2026-05-03,R,New York Mets,Los Angeles Angels,5,1,0,Clay Holmes,Jack Kochanowicz,6.0,6.0,6.948529411764706,3.6666666666666665,43.0,66.0,5.0,6.0,3.478527607361963,5.666666666666667,42.0,53.0,0,14.1,18.2,11.3,9.3,0.693,0.777
824285,2026-05-03,R,Texas Rangers,Detroit Tigers,1,7,1,Jack Leiter,Tyler Holton,234.0,1.0,5.363013698630137,2.3333333333333335,63.0,66.0,6.0,6.0,1.8984375,6.0,36.0,44.0,0,20.5,22.9,5.4,10.4,0.712,0.653
824364,2026-05-03,R,Atlanta Braves,Colorado Rockies,11,6,0,Spencer Strider,Kyle Freeland,5.0,5.0,6.75,8.333333333333334,64.0,68.0,218.0,6.0,3.612676056338028,2.0,76.0,55.0,0,17.5,24.3,5.4,9.5,0.679,0.716
824687,2026-05-03,R,Arizona Diamondbacks,Chicago Cubs,4,8,1,Merrill Kelly,Matthew Boyd,6.0,4.0,3.826771653543307,2.0,67.0,58.0,5.0,5.0,5.185430463576159,2.3333333333333335,51.0,81.0,1,21.4,22.3,5.8,6.4,0.751,0.742
824769,2026-05-03,R,Houston Astros,Boston Red Sox,3,1,0,Cody Bolton,Ranger Suarez,6.0,8.0,3.306122448979592,5.0,50.0,56.0,21.0,1.0,7.253731343283582,4.0,59.0,67.0,1,23.2,10.0,5.8,0.0,0.745,0.74
825013,2026-05-03,R,Cleveland Guardians,Athletics,1,7,1,Parker Messick,Aaron Civale,5.0,5.0,3.9130434782608696,3.6666666666666665,55.0,55.0,6.0,5.666666666666667,1.7560975609756098,3.6666666666666665,58.0,51.0,0,20.2,23.0,7.6,3.6,0.74,0.679
822984,2026-05-04,R,Toronto Blue Jays,Tampa Bay Rays,1,5,1,Eric Lauer,Nick Martinez,6.0,7.0,2.8421052631578947,4.0,44.0,31.0,5.0,4.333333333333333,2.8125,4.0,60.0,48.0,0,17.0,23.9,6.1,6.1,0.667,0.763
823064,2026-05-04,R,Milwaukee Brewers,St. Louis Cardinals,3,6,1,Chad Patrick,Kyle Leahy,6.0,5.333333333333333,4.0,3.0,63.0,55.0,6.0,5.0,3.0,2.0,66.0,40.0,0,22.0,25.2,7.7,8.0,0.692,0.737
823143,2026-05-04,R,Atlanta Braves,Seattle Mariners,4,5,1,JR Ritchie,Logan Gilbert,6.0,5.0,3.2481203007518795,3.0,53.0,57.0,5.0,5.333333333333333,4.068493150684931,5.666666666666667,83.0,59.0,0,32.3,,5.8,,0.747,0.721
823228,2026-05-04,R,San Diego Padres,San Francisco Giants,2,3,1,Randy Vásquez,Trevor McDonald,220.0,7.0,1.945945945945946,3.6666666666666665,31.0,44.0,7.0,5.0,6.579831932773109,4.0,49.0,67.0,0,23.3,13.7,3.3,9.1,0.722,0.72
823552,2026-05-04,R,Baltimore Orioles,New York Yankees,1,12,1,Shane Baz,Cam Schlittler,6.0,6.0,2.2710280373831777,3.6666666666666665,70.0,33.0,6.0,5.666666666666667,6.244897959183674,3.3333333333333335,63.0,86.0,1,27.6,24.8,10.2,9.0,0.783,0.713
823874,2026-05-04,R,Philadelphia Phillies,Miami Marlins,1,0,0,Aaron Nola,Janson Junk,6.0,6.0,3.7099236641221376,6.333333333333333,46.0,46.0,8.0,4.666666666666667,4.348993288590604,2.6666666666666665,56.0,61.0,0,17.2,24.0,2.9,6.9,0.729,0.764
824039,2026-05-04,R,Chicago White Sox,Los Angeles Angels,6,0,0,Davis Martin,José Soriano,6.0,5.0,7.6,2.6666666666666665,43.0,69.0,6.0,5.666666666666667,2.9805194805194803,3.0,62.0,46.0,0,21.0,17.3,10.8,8.0,0.693,0.666
824120,2026-05-04,R,Cleveland Guardians,Kansas City Royals,2,6,1,Tanner Bibee,Michael Wacha,5.0,5.0,3.0483870967741935,2.0,69.0,54.0,6.0,5.0,2.495798319327731,3.0,51.0,54.0,0,17.6,21.3,6.3,7.1,0.721,0.679
824201,2026-05-04,R,Los Angeles Dodgers,Houston Astros,8,3,0,Yoshinobu Yamamoto,Steven Okert,272.0,1.6666666666666667,6.8936170212765955,7.666666666666667,57.0,61.0,7.0,5.0,3.6699029126213594,3.0,54.0,39.0,0,30.4,29.4,6.9,8.6,0.706,0.765
824283,2026-05-04,R,Boston Red Sox,Detroit Tigers,5,4,0,Payton Tolle,Tyler Holton,1.0,0.6666666666666666,4.833333333333333,8.333333333333334,64.0,65.0,6.0,4.666666666666667,3.3529411764705883,6.0,49.0,53.0,0,20.5,25.7,5.4,10.8,0.774,0.743
824363,2026-05-04,R,New York Mets,Colorado Rockies,4,2,0,Huascar Brazobán,Tomoyuki Sugano,5.0,5.333333333333333,6.993975903614458,4.666666666666667,61.0,73.0,306.0,1.0,3.673469387755102,2.3333333333333335,46.0,52.0,0,15.7,21.8,5.3,10.3,0.679,0.777
824684,2026-05-04,R,Cincinnati Reds,Chicago Cubs,4,5,1,Chase Petty,Edward Cabrera,6.0,5.666666666666667,4.390243902439025,3.0,73.0,61.0,358.0,3.0,7.276595744680851,1.0,63.0,77.0,0,25.8,17.5,8.3,20.0,0.751,0.723
822743,2026-05-05,R,Minnesota Twins,Washington Nationals,11,3,0,Taj Bradley,Cade Cavalli,6.0,6.0,2.88,0.0,55.0,54.0,6.0,7.0,5.704225352112676,0.0,53.0,70.0,0,18.3,21.0,6.8,9.3,0.715,0.708
822986,2026-05-05,R,Toronto Blue Jays,Tampa Bay Rays,3,4,1,Kevin Gausman,Drew Rasmussen,6.0,5.0,2.6,4.0,48.0,26.0,5.0,5.666666666666667,3.2097902097902096,3.6666666666666665,56.0,51.0,1,21.7,24.4,6.3,6.5,0.735,0.763
823142,2026-05-05,R,Atlanta Braves,Seattle Mariners,3,2,0,Bryce Elder,George Kirby,6.0,5.666666666666667,2.7,3.0,54.0,55.0,5.0,6.0,4.378378378378378,3.0,78.0,60.0,1,26.1,19.3,5.5,7.5,0.747,0.721
823227,2026-05-05,R,San Diego Padres,San Francisco Giants,10,5,0,Walker Buehler,Logan Webb,5.0,7.0,2.076923076923077,2.0,34.0,46.0,7.0,4.666666666666667,6.214285714285714,2.3333333333333335,51.0,70.0,1,26.2,16.3,5.4,10.6,0.722,0.72
823469,2026-05-05,R,Athletics,Philadelphia Phillies,1,9,1,Luis Severino,Cristopher Sánchez,5.0,6.666666666666667,4.408163265306122,3.0,56.0,56.0,6.0,7.0,4.137096774193548,0.0,52.0,45.0,0,26.3,17.6,5.5,7.1,0.764,0.74
823553,2026-05-05,R,Texas Rangers,New York Yankees,4,7,1,Jacob deGrom,Elmer Rodríguez,6.0,4.0,2.076923076923077,3.3333333333333335,82.0,34.0,7.0,6.0,2.4146341463414633,0.0,35.0,46.0,0,,27.7,,5.5,0.783,0.695
823873,2026-05-05,R,Baltimore Orioles,Miami Marlins,9,7,0,Chris Bassitt,Sandy Alcantara,6.0,6.0,3.50381679389313,3.6666666666666665,41.0,44.0,5.0,6.666666666666667,7.656716417910448,2.3333333333333335,57.0,93.0,0,19.1,22.6,7.7,7.1,0.729,0.713
824040,2026-05-05,R,Chicago White Sox,Los Angeles Angels,3,4,1,Erick Fedde,Sam Aldegheri,219.0,4.666666666666667,7.276595744680851,5.0,41.0,70.0,6.0,7.0,2.86875,2.0,68.0,46.0,0,16.4,13.3,13.7,10.8,0.693,0.699
824119,2026-05-05,R,Cleveland Guardians,Kansas City Royals,3,5,1,Gavin Williams,Stephen Kolek,223.0,6.0,2.1130434782608694,2.0,70.0,49.0,6.0,7.666666666666667,2.26890756302521,4.0,51.0,51.0,1,16.7,24.6,6.7,11.8,0.721,0.679
824200,2026-05-05,R,Los Angeles Dodgers,Houston Astros,1,2,1,Shohei Ohtani,Peter Lambert,5.0,4.333333333333333,7.363636363636363,8.333333333333334,51.0,67.0,7.0,6.0,3.056603773584906,3.0,50.0,39.0,0,,33.2,,4.3,0.706,0.77
824281,2026-05-05,R,Boston Red Sox,Detroit Tigers,10,3,0,Jovani Morán,Framber Valdez,5.0,6.0,4.395348837209302,8.0,62.0,62.0,,,3.085714285714286,2.0,46.0,51.0,0,23.3,25.0,8.5,15.0,0.774,0.743
824682,2026-05-05,R,Cincinnati Reds,Chicago Cubs,2,3,1,Andrew Abbott,Jameson Taillon,6.0,7.0,4.536,3.0,73.0,64.0,5.0,6.0,7.659574468085107,3.0,61.0,81.0,1,18.9,21.8,5.2,6.3,0.751,0.723
825092,2026-05-05,R,Pittsburgh Pirates,Arizona Diamondbacks,0,9,1,Bubba Chandler,Eduardo Rodriguez,6.0,4.666666666666667,5.757352941176471,0.0,51.0,79.0,6.0,5.0,3.7241379310344827,0.0,67.0,61.0,0,20.6,25.0,8.6,3.2,0.764,0.635
822740,2026-05-06,R,Minnesota Twins,Washington Nationals,2,15,1,Bailey Ober,Miles Mikolas,6.0,4.0,3.4615384615384617,5.0,47.0,61.0,6.0,6.0,6.0215827338129495,3.0,59.0,70.0,0,14.9,19.2,5.5,5.0,0.715,0.708
822985,2026-05-06,R,Toronto Blue Jays,Tampa Bay Rays,0,3,1,Patrick Corbin,Shane McClanahan,5.0,6.0,1.0714285714285714,3.0,46.0,17.0,5.0,5.333333333333333,3.5474452554744524,2.0,55.0,53.0,1,,19.8,,7.7,0.667,0.755
823063,2026-05-06,R,Milwaukee Brewers,St. Louis Cardinals,6,2,0,Brandon Sproat,Andre Pallante,7.0,6.0,4.0078125,0.0,61.0,50.0,7.0,4.333333333333333,2.8993288590604025,0.0,57.0,42.0,1,15.5,20.2,8.7,8.3,0.692,0.737
823141,2026-05-06,R,Atlanta Braves,Seattle Mariners,1,3,1,Martín Pérez,Bryan Woo,5.0,6.0,2.3951612903225805,2.0,54.0,53.0,8.0,5.0,3.375,3.0,77.0,51.0,1,27.1,19.3,4.9,9.6,0.727,0.721
823226,2026-05-06,R,San Diego Padres,San Francisco Giants,5,1,0,Bradgley Rodriguez,Adrian Houser,6.0,4.666666666666667,2.925,5.0,36.0,55.0,,,6.183206106870229,3.6666666666666665,60.0,75.0,1,17.8,29.0,7.3,9.7,0.722,0.72
823470,2026-05-06,R,Athletics,Philadelphia Phillies,3,6,1,Jeffrey Springs,Zack Wheeler,5.0,6.0,3.664285714285714,1.0,61.0,50.0,6.0,3.0,5.975409836065574,3.0,48.0,52.0,1,33.3,19.4,5.6,7.6,0.747,0.752
823550,2026-05-06,R,Texas Rangers,New York Yankees,6,1,0,Nathan Eovaldi,Will Warren,5.0,6.333333333333333,2.2131147540983607,4.333333333333333,85.0,38.0,7.0,7.0,2.722689075630252,1.6666666666666667,34.0,52.0,1,24.1,26.0,9.1,4.2,0.783,0.695
823872,2026-05-06,R,Baltimore Orioles,Miami Marlins,7,4,0,Brandon Young,Eury Pérez,5.0,5.0,3.8863636363636362,4.666666666666667,45.0,48.0,6.0,4.0,7.174825174825175,5.0,61.0,94.0,0,27.3,18.4,8.3,8.6,0.729,0.713
824036,2026-05-06,R,Chicago White Sox,Los Angeles Angels,2,8,1,Noah Schultz,Walbert Ureña,5.0,5.0,6.657534246575342,5.0,43.0,69.0,5.0,6.0,2.347826086956522,3.3333333333333335,60.0,45.0,0,,,,,0.701,0.666
824118,2026-05-06,R,Cleveland Guardians,Kansas City Royals,3,1,0,Joey Cantillo,Cole Ragans,5.0,5.333333333333333,1.6434782608695653,3.0,69.0,47.0,5.0,4.0,2.150442477876106,2.0,46.0,51.0,1,38.1,26.9,7.8,10.5,0.659,0.647
824198,2026-05-06,R,Los Angeles Dodgers,Houston Astros,12,2,0,Tyler Glasnow,Lance McCullers Jr.,6.0,6.0,6.842465753424658,2.0,48.0,60.0,7.0,5.666666666666667,3.056603773584906,1.0,50.0,38.0,0,22.3,29.0,14.2,11.7,0.706,0.77
824282,2026-05-06,R,Boston Red Sox,Detroit Tigers,4,0,0,Sonny Gray,Jack Flaherty,5.0,3.6666666666666665,3.15,6.0,61.0,60.0,16.0,2.6666666666666665,2.823529411764706,8.0,56.0,50.0,0,27.6,26.7,8.7,5.0,0.712,0.745
824361,2026-05-06,R,New York Mets,Colorado Rockies,10,5,0,Freddy Peralta,Michael Lorenzen,6.0,5.333333333333333,6.8936170212765955,0.0,60.0,64.0,6.0,6.0,3.292682926829268,0.0,47.0,49.0,0,21.0,28.2,6.4,9.1,0.679,0.777
824683,2026-05-06,R,Cincinnati Reds,Chicago Cubs,6,7,1,Brady Singer,Colin Rea,5.0,5.333333333333333,3.8863636363636362,4.333333333333333,69.0,62.0,5.0,3.3333333333333335,7.276595744680851,3.3333333333333335,51.0,78.0,1,19.2,22.8,6.6,8.4,0.751,0.723
825091,2026-05-06,R,Pittsburgh Pirates,Arizona Diamondbacks,1,0,0,Paul Skenes,Michael Soroka,6.0,3.0,5.484375,2.0,55.0,68.0,6.0,5.0,5.0979020979020975,3.0,66.0,65.0,1,25.1,29.5,7.7,5.7,0.764,0.662
822741,2026-05-07,R,Minnesota Twins,Washington Nationals,5,7,1,Simeon Woods Richardson,Jake Irvin,6.0,5.0,3.4177215189873418,3.6666666666666665,56.0,55.0,6.0,4.666666666666667,7.9411764705882355,3.0,59.0,82.0,0,15.8,22.7,7.9,9.8,0.715,0.708
823306,2026-05-07,R,St. Louis Cardinals,San Diego Padres,2,1,0,Matthew Liberatore,Michael King,5.0,6.0,5.244604316546763,8.0,62.0,68.0,6.0,5.666666666666667,4.21875,3.0,62.0,52.0,0,24.7,18.8,8.4,6.2,0.691,0.692
823467,2026-05-07,R,Athletics,Philadelphia Phillies,12,1,0,J.T. Ginn,Andrew Painter,5.0,5.0,2.9763779527559056,2.6666666666666665,65.0,46.0,6.0,4.333333333333333,6.075,2.6666666666666665,47.0,53.0,1,,25.3,,7.9,0.764,0.752
823551,2026-05-07,R,Texas Rangers,New York Yankees,2,9,1,MacKenzie Gore,Paul Blackburn,313.0,1.0,1.8134328358208955,5.0,82.0,43.0,6.0,3.6666666666666665,1.9636363636363636,1.0,36.0,45.0,1,19.4,27.2,6.9,9.3,0.797,0.695
823870,2026-05-07,R,Baltimore Orioles,Miami Marlins,3,4,1,Cade Povich,Max Meyer,5.0,7.0,4.090909090909091,4.0,45.0,54.0,6.0,4.0,7.276595744680851,3.0,60.0,92.0,0,23.9,24.2,7.0,8.8,0.656,0.713
824117,2026-05-07,R,Cleveland Guardians,Kansas City Royals,8,5,0,Slade Cecconi,Seth Lugo,5.0,6.0,1.7704918032786885,6.0,64.0,42.0,5.0,5.333333333333333,2.0948275862068964,4.0,49.0,50.0,1,20.5,20.0,9.0,5.9,0.721,0.679
824362,2026-05-07,R,New York Mets,Colorado Rockies,2,6,1,Christian Scott,Jose Quintana,6.0,6.0,7.174825174825175,4.0,57.0,71.0,6.0,5.0,3.9705882352941178,4.0,54.0,52.0,0,16.0,,9.0,,0.679,0.696
824681,2026-05-07,R,Cincinnati Reds,Chicago Cubs,3,8,1,Rhett Lowder,Shota Imanaga,5.0,7.0,4.669172932330827,4.666666666666667,69.0,66.0,5.0,1.3333333333333333,7.468085106382978,3.6666666666666665,56.0,79.0,1,20.6,,4.6,,0.751,0.653
824767,2026-05-07,R,Tampa Bay Rays,Boston Red Sox,8,4,0,Griffin Jax,Jake Bennett,6.0,5.0,2.8421052631578947,4.0,59.0,46.0,5.0,2.6666666666666665,1.0150375939849625,3.3333333333333335,43.0,16.0,0,,35.0,,7.4,0.745,0.667
825090,2026-05-07,R,Pittsburgh Pirates,Arizona Diamondbacks,4,2,0,Mitch Keller,Zac Gallen,6.0,3.6666666666666665,5.008064516129032,2.6666666666666665,44.0,62.0,6.0,7.0,4.821428571428571,1.0,59.0,61.0,1,21.5,20.0,8.1,6.8,0.764,0.662
822822,2026-05-08,R,Los Angeles Angels,Toronto Blue Jays,0,2,1,Reid Detmers,Dylan Cease,6.0,7.0,2.7794117647058822,0.0,52.0,49.0,6.0,6.333333333333333,6.419580419580419,0.0,44.0,68.0,0,29.8,30.1,9.8,9.4,0.755,0.693
822904,2026-05-08,R,Chicago Cubs,Texas Rangers,7,1,0,Ben Brown,Kumar Rocker,6.0,2.0,3.0,2.6666666666666665,32.0,53.0,285.0,5.0,4.669172932330827,3.0,69.0,62.0,0,19.5,25.6,8.0,6.8,0.695,0.751
823225,2026-05-08,R,Pittsburgh Pirates,San Francisco Giants,2,5,1,Carmen Mlodzinski,Robbie Ray,7.0,6.333333333333333,3.4615384615384617,0.0,34.0,57.0,6.0,5.666666666666667,4.927007299270073,3.0,62.0,57.0,0,24.6,21.2,9.7,6.4,0.722,0.635
823303,2026-05-08,R,St. Louis Cardinals,San Diego Padres,6,0,0,Michael McGreevy,Griffin Canning,5.0,5.0,5.161764705882353,3.0,53.0,62.0,6.0,6.0,3.9416058394160585,3.0,64.0,53.0,0,21.4,14.5,10.4,5.0,0.72,0.692
823466,2026-05-08,R,Colorado Rockies,Philadelphia Phillies,9,7,0,Chase Dollander,Jesús Luzardo,5.0,6.333333333333333,3.50381679389313,5.333333333333333,59.0,50.0,12.0,7.0,6.136363636363637,3.3333333333333335,55.0,63.0,0,28.5,18.6,7.5,11.1,0.764,0.679
823794,2026-05-08,R,New York Yankees,Milwaukee Brewers,0,6,1,Max Fried,Jacob Misiorowski,7.0,5.333333333333333,2.167883211678832,0.0,57.0,34.0,5.0,5.333333333333333,1.9161290322580644,8.0,87.0,43.0,0,32.0,23.6,11.0,6.4,0.734,0.783
823871,2026-05-08,R,Washington Nationals,Miami Marlins,3,2,0,Foster Griffin,Robby Snelling,,,3.9375,4.0,49.0,57.0,6.0,6.0,2.7341772151898733,4.0,61.0,53.0,0,,,,,0.656,0.639
823957,2026-05-08,R,Atlanta Braves,Los Angeles Dodgers,1,3,1,Chris Sale,Emmet Sheehan,7.0,4.666666666666667,2.231404958677686,0.0,59.0,37.0,6.0,7.0,3.630252100840336,0.0,63.0,46.0,0,30.6,32.4,7.6,6.3,0.765,0.721
824116,2026-05-08,R,Detroit Tigers,Kansas City Royals,3,4,1,Keider Montero,Kris Bubic,5.0,7.0,2.3649635036496353,5.0,69.0,50.0,6.0,6.666666666666667,3.103448275862069,0.0,51.0,58.0,0,24.4,18.5,8.2,8.0,0.721,0.774
824443,2026-05-08,R,Minnesota Twins,Cleveland Guardians,4,6,1,Connor Prielipp,Parker Messick,5.0,5.0,2.5511811023622046,3.6666666666666665,57.0,55.0,6.0,5.0,7.630434782608695,3.6666666666666665,56.0,79.0,0,23.0,,3.6,,0.647,0.706
824522,2026-05-08,R,Houston Astros,Cincinnati Reds,10,0,0,Mike Burrows,Nick Lodolo,225.0,6.333333333333333,7.615384615384615,5.0,59.0,87.0,7.0,6.0,7.4423076923076925,0.0,48.0,72.0,0,24.3,24.1,4.8,7.7,0.723,0.74
824607,2026-05-08,R,Seattle Mariners,Chicago White Sox,12,8,0,Emerson Hancock,Sean Burke,6.0,6.0,1.9411764705882353,0.0,51.0,41.0,6.0,7.0,2.516949152542373,0.0,52.0,50.0,0,22.3,16.6,10.6,8.1,0.666,0.747
824768,2026-05-08,R,Tampa Bay Rays,Boston Red Sox,0,2,1,Jesse Scholtens,Connelly Early,6.0,4.0,2.9805194805194803,3.6666666666666665,61.0,50.0,18.0,5.666666666666667,1.0945945945945945,5.0,51.0,20.0,0,36.7,31.6,5.1,7.9,0.745,0.667
824846,2026-05-08,R,Athletics,Baltimore Orioles,4,3,0,Jacob Lopez,Kyle Bradish,6.0,4.0,6.493670886075949,5.666666666666667,63.0,96.0,6.0,5.333333333333333,5.926829268292683,1.0,59.0,54.0,0,37.3,28.3,7.9,9.3,0.661,0.752
825088,2026-05-08,R,New York Mets,Arizona Diamondbacks,3,1,0,Nolan McLean,Ryne Nelson,6.0,5.666666666666667,4.462809917355372,3.0,45.0,62.0,6.0,4.0,4.127388535031847,3.3333333333333335,46.0,50.0,0,21.3,30.3,6.6,8.5,0.764,0.777
822820,2026-05-09,R,Los Angeles Angels,Toronto Blue Jays,1,14,1,Jack Kochanowicz,Trey Yesavage,6.0,4.0,2.877049180327869,2.0,48.0,41.0,6.0,6.333333333333333,6.061224489795919,4.333333333333333,41.0,64.0,1,25.8,14.1,11.3,11.3,0.763,0.693
822905,2026-05-09,R,Chicago Cubs,Texas Rangers,0,6,1,Edward Cabrera,Jack Leiter,6.0,6.666666666666667,2.582608695652174,5.333333333333333,32.0,52.0,5.0,6.0,4.764705882352941,5.0,70.0,59.0,0,22.9,25.8,10.4,8.3,0.695,0.751
823224,2026-05-09,R,Pittsburgh Pirates,San Francisco Giants,13,3,0,Braxton Ashcraft,Landen Roupp,7.0,4.333333333333333,3.6486486486486487,3.0,35.0,50.0,6.0,7.666666666666667,5.518248175182482,2.0,58.0,62.0,1,21.4,24.3,9.5,8.2,0.722,0.662
823304,2026-05-09,R,St. Louis Cardinals,San Diego Padres,2,4,1,Dustin May,Randy Vásquez,5.0,5.666666666666667,4.68,4.666666666666667,53.0,68.0,6.0,6.0,4.0,3.0,68.0,50.0,0,13.7,21.1,9.1,9.6,0.72,0.692
823468,2026-05-09,R,Colorado Rockies,Philadelphia Phillies,3,9,1,Kyle Freeland,Aaron Nola,5.0,6.0,3.4662162162162162,8.0,63.0,54.0,6.0,4.333333333333333,6.274647887323944,5.333333333333333,60.0,67.0,0,24.0,17.5,6.9,5.4,0.747,0.679
823792,2026-05-09,R,New York Yankees,Milwaukee Brewers,3,4,1,Cam Schlittler,Kyle Harrison,7.0,6.0,2.014925373134328,3.0,63.0,28.0,5.0,5.666666666666667,1.7763157894736843,2.0,75.0,45.0,1,24.4,27.6,9.0,10.2,0.737,0.797
823869,2026-05-09,R,Washington Nationals,Miami Marlins,7,8,1,Richard Lovelady,Janson Junk,5.0,5.333333333333333,3.673469387755102,4.0,42.0,56.0,,,2.2344827586206897,2.0,60.0,50.0,0,17.2,21.1,2.9,10.5,0.656,0.715
823955,2026-05-09,R,Atlanta Braves,Los Angeles Dodgers,7,2,0,Spencer Strider,Blake Snell,192.0,6.666666666666667,1.0714285714285714,4.333333333333333,58.0,32.0,6.0,3.3333333333333335,3.8230088495575223,1.0,59.0,46.0,1,28.3,24.3,10.2,9.5,0.77,0.716
824115,2026-05-09,R,Detroit Tigers,Kansas City Royals,1,5,1,Burch Smith,Michael Wacha,5.0,7.0,2.3309352517985613,3.3333333333333335,67.0,50.0,,,2.8757396449704142,2.6666666666666665,46.0,53.0,1,17.6,,6.3,,0.721,0.712
824444,2026-05-09,R,Minnesota Twins,Cleveland Guardians,2,1,0,Joe Ryan,Tanner Bibee,5.0,4.0,3.1640625,3.3333333333333335,55.0,53.0,6.0,0.3333333333333333,7.795774647887324,3.0,58.0,79.0,1,21.3,28.2,7.1,5.7,0.679,0.708
824523,2026-05-09,R,Houston Astros,Cincinnati Reds,1,3,1,Spencer Arrighetti,Chase Burns,6.0,7.0,8.348684210526315,3.6666666666666665,50.0,89.0,7.0,5.0,6.84,2.0,54.0,60.0,0,35.6,19.9,8.5,12.8,0.723,0.706
824606,2026-05-09,R,Seattle Mariners,Chicago White Sox,1,6,1,Luis Castillo,Anthony Kay,6.0,5.0,2.832167832167832,4.666666666666667,54.0,49.0,6.0,6.0,3.2033898305084745,3.0,61.0,56.0,0,,21.7,,6.2,0.666,0.727
824847,2026-05-09,R,Athletics,Baltimore Orioles,6,2,0,Aaron Civale,Shane Baz,5.0,5.666666666666667,6.837662337662338,2.0,56.0,97.0,6.0,6.0,5.952755905511811,3.6666666666666665,55.0,56.0,0,24.8,20.2,9.0,7.6,0.713,0.752
825089,2026-05-09,R,New York Mets,Arizona Diamondbacks,1,2,1,Clay Holmes,Merrill Kelly,6.0,4.333333333333333,4.32824427480916,3.3333333333333335,46.0,65.0,6.0,6.666666666666667,3.7358490566037736,4.0,46.0,47.0,0,22.3,18.2,6.4,9.3,0.764,0.777
822819,2026-05-10,R,Los Angeles Angels,Toronto Blue Jays,6,1,0,José Soriano,Spencer Miles,,,2.7,5.0,57.0,39.0,6.0,4.0,6.102739726027397,4.0,41.0,66.0,1,,21.0,,10.8,0.763,0.693
822902,2026-05-10,R,Chicago Cubs,Texas Rangers,0,3,1,Jameson Taillon,Jacob deGrom,5.0,6.333333333333333,2.560344827586207,4.333333333333333,34.0,49.0,5.0,5.666666666666667,3.9160305343511452,3.0,66.0,53.0,0,27.7,18.9,5.5,5.2,0.695,0.751
823221,2026-05-10,R,Pittsburgh Pirates,San Francisco Giants,6,7,1,Bubba Chandler,Tyler Mahle,7.0,5.333333333333333,5.684210526315789,5.0,32.0,61.0,5.0,5.0,6.328125,2.0,65.0,62.0,1,19.1,25.0,8.4,3.2,0.722,0.662
823305,2026-05-10,R,St. Louis Cardinals,San Diego Padres,2,3,1,Kyle Leahy,Walker Buehler,5.0,5.333333333333333,4.764705882352941,4.0,51.0,66.0,6.0,5.333333333333333,3.2661290322580645,2.0,61.0,43.0,0,16.3,22.0,10.6,7.7,0.72,0.692
823463,2026-05-10,R,Colorado Rockies,Philadelphia Phillies,0,6,1,Tomoyuki Sugano,Cristopher Sánchez,5.0,8.0,3.143835616438356,4.333333333333333,64.0,52.0,6.0,5.333333333333333,6.258278145695364,3.0,63.0,76.0,0,26.3,15.7,5.5,5.3,0.764,0.679
823793,2026-05-10,R,New York Yankees,Milwaukee Brewers,3,4,1,Carlos Rodón,Logan Henderson,7.0,6.0,1.7357142857142858,6.0,64.0,25.0,215.0,2.3333333333333335,2.1315789473684212,3.6666666666666665,70.0,46.0,1,33.3,25.7,8.1,9.3,0.734,0.783
823868,2026-05-10,R,Washington Nationals,Miami Marlins,2,5,1,Cade Cavalli,Sandy Alcantara,5.0,4.333333333333333,3.831081081081081,3.0,48.0,57.0,5.0,4.0,3.06,6.0,61.0,55.0,0,19.1,18.3,7.7,6.8,0.729,0.715
823954,2026-05-10,R,Atlanta Braves,Los Angeles Dodgers,7,2,0,Bryce Elder,Justin Wrobleski,7.0,6.0,1.4318181818181819,6.0,48.0,35.0,5.0,6.0,3.3451327433628317,3.0,61.0,40.0,1,27.1,19.3,6.1,7.5,0.77,0.716
824113,2026-05-10,R,Detroit Tigers,Kansas City Royals,6,3,0,Brenan Hanifee,Noah Cameron,10.0,5.333333333333333,2.5808823529411766,2.0,60.0,50.0,,,2.793103448275862,7.666666666666667,45.0,49.0,1,20.5,15.4,7.7,5.4,0.721,0.774
824440,2026-05-10,R,Minnesota Twins,Cleveland Guardians,5,4,0,Andrew Morris,Gavin Williams,5.0,6.0,2.8208955223880596,5.0,53.0,50.0,,,6.6158940397351,5.0,59.0,74.0,1,24.6,,11.8,,0.679,0.708
824520,2026-05-10,R,Houston Astros,Cincinnati Reds,0,5,1,Kai-Wei Teng,Andrew Abbott,5.0,5.666666666666667,8.46,3.0,44.0,88.0,12.0,3.0,5.958620689655173,2.3333333333333335,52.0,55.0,0,21.8,28.1,6.3,12.2,0.723,0.74
824605,2026-05-10,R,Seattle Mariners,Chicago White Sox,1,2,1,Logan Gilbert,Davis Martin,6.0,7.0,2.265734265734266,4.0,57.0,44.0,6.0,6.0,3.375,4.0,51.0,53.0,0,17.3,32.3,8.0,5.8,0.666,0.747
824765,2026-05-10,R,Tampa Bay Rays,Boston Red Sox,4,1,0,Nick Martinez,Payton Tolle,6.0,7.0,2.9562043795620436,0.0,43.0,39.0,6.0,5.0,0.7883211678832117,0.0,39.0,19.0,0,25.7,17.0,10.8,6.1,0.745,0.667
824845,2026-05-10,R,Athletics,Baltimore Orioles,1,2,1,Luis Severino,Keegan Akin,332.0,1.0,5.586206896551724,4.333333333333333,57.0,86.0,5.0,5.0,6.090225563909774,4.0,58.0,54.0,0,22.0,17.6,12.3,7.1,0.713,0.74
825085,2026-05-10,R,New York Mets,Arizona Diamondbacks,1,5,1,Huascar Brazobán,Eduardo Rodriguez,5.0,7.0,3.630252100840336,2.0,44.0,60.0,6.0,1.0,3.5783132530120483,2.3333333333333335,47.0,49.0,0,20.6,21.8,8.6,10.3,0.764,0.696
822818,2026-05-11,R,Tampa Bay Rays,Toronto Blue Jays,8,5,0,Drew Rasmussen,Kevin Gausman,6.0,6.0,3.8,6.0,54.0,43.0,6.0,6.0,0.4251968503937008,3.3333333333333335,39.0,18.0,0,24.4,21.7,6.5,6.3,0.763,0.735
822901,2026-05-11,R,Arizona Diamondbacks,Texas Rangers,1,0,0,Michael Soroka,Jakob Junis,,,2.6283185840707963,2.0,36.0,47.0,5.0,6.333333333333333,3.7155963302752295,0.6666666666666666,37.0,54.0,0,20.1,25.1,6.6,7.7,0.695,0.764
823953,2026-05-11,R,San Francisco Giants,Los Angeles Dodgers,9,3,0,Trevor McDonald,Roki Sasaki,9.0,6.0,1.5241935483870968,0.3333333333333333,44.0,42.0,7.0,7.0,5.232558139534884,6.333333333333333,33.0,64.0,0,17.4,23.3,13.7,3.3,0.77,0.722
824199,2026-05-11,R,Seattle Mariners,Houston Astros,3,1,0,George Kirby,Peter Lambert,6.0,7.0,5.435064935064935,5.0,45.0,56.0,6.0,7.0,3.963302752293578,2.0,49.0,53.0,0,,26.1,,5.5,0.706,0.747
824441,2026-05-11,R,Los Angeles Angels,Cleveland Guardians,2,7,1,Brent Suter,Joey Cantillo,5.0,5.0,2.7794117647058822,3.0,55.0,51.0,25.0,2.0,5.161764705882353,1.3333333333333333,38.0,56.0,0,26.9,18.2,10.5,6.2,0.647,0.701
824844,2026-05-11,R,New York Yankees,Baltimore Orioles,2,3,1,Ryan Weathers,Brandon Young,5.0,6.0,4.987261146496815,8.0,56.0,82.0,9.0,5.0,2.1176470588235294,4.333333333333333,69.0,43.0,0,18.4,22.3,8.6,7.2,0.661,0.783
822817,2026-05-12,R,Tampa Bay Rays,Toronto Blue Jays,7,6,0,Shane McClanahan,Patrick Corbin,6.0,5.333333333333333,3.717391304347826,4.333333333333333,59.0,46.0,6.0,5.666666666666667,0.8307692307692308,3.0,44.0,21.0,0,19.8,,7.7,,0.755,0.667
822903,2026-05-12,R,Arizona Diamondbacks,Texas Rangers,4,7,1,Zac Gallen,MacKenzie Gore,5.0,5.333333333333333,2.4146341463414633,6.333333333333333,34.0,44.0,5.0,6.0,3.4615384615384617,2.6666666666666665,38.0,54.0,0,27.2,21.5,9.3,8.1,0.695,0.742
823385,2026-05-12,R,Colorado Rockies,Pittsburgh Pirates,1,3,1,Michael Lorenzen,Paul Skenes,6.0,8.0,7.118181818181818,0.0,69.0,60.0,6.0,5.0,6.7972027972027975,0.0,57.0,81.0,0,29.5,21.0,5.7,6.4,0.662,0.679
823632,2026-05-12,R,Detroit Tigers,New York Mets,2,10,1,Jack Flaherty,Freddy Peralta,6.0,5.0,3.6346153846153846,0.0,47.0,48.0,6.0,5.0,3.0320855614973263,0.0,43.0,49.0,0,28.2,27.6,9.1,8.7,0.777,0.712
823712,2026-05-12,R,Miami Marlins,Minnesota Twins,0,3,1,Eury Pérez,Bailey Ober,6.0,5.0,6.927631578947368,0.0,51.0,70.0,6.0,5.0,2.6194029850746268,0.0,46.0,48.0,0,19.2,27.3,5.0,8.3,0.708,0.729
823790,2026-05-12,R,San Diego Padres,Milwaukee Brewers,4,6,1,Bradgley Rodriguez,Brandon Sproat,6.0,4.0,1.8881118881118881,0.0,63.0,28.0,6.0,1.0,2.7551020408163267,0.0,38.0,49.0,0,20.2,29.0,8.3,9.7,0.737,0.72
823951,2026-05-12,R,San Francisco Giants,Los Angeles Dodgers,6,2,0,Adrian Houser,Yoshinobu Yamamoto,8.0,6.0,2.8306451612903225,4.0,42.0,47.0,6.0,6.0,4.821428571428571,3.6666666666666665,42.0,67.0,0,29.4,17.8,8.6,7.3,0.77,0.722
824197,2026-05-12,R,Seattle Mariners,Houston Astros,10,2,0,Bryan Woo,Tatsuya Imai,32.0,0.3333333333333333,5.23125,2.0,46.0,59.0,6.0,6.0,2.892857142857143,4.0,48.0,43.0,0,,27.1,,4.9,0.706,0.747
824442,2026-05-12,R,Los Angeles Angels,Cleveland Guardians,2,3,1,Walbert Ureña,Slade Cecconi,5.0,5.333333333333333,2.8,3.0,60.0,50.0,6.0,6.0,4.7114093959731544,6.333333333333333,33.0,55.0,1,20.0,,5.9,,0.679,0.693
824521,2026-05-12,R,Washington Nationals,Cincinnati Reds,10,4,0,Miles Mikolas,Brady Singer,6.0,6.0,7.8979591836734695,0.0,46.0,80.0,6.0,5.333333333333333,3.6486486486486487,0.0,61.0,59.0,0,22.8,14.9,8.4,5.5,0.723,0.715
824604,2026-05-12,R,Kansas City Royals,Chicago White Sox,5,6,1,Stephen Kolek,Erick Fedde,7.0,4.666666666666667,2.4545454545454546,0.0,50.0,36.0,7.0,6.0,2.892857142857143,0.0,52.0,47.0,0,13.3,16.7,10.8,6.7,0.666,0.721
824764,2026-05-12,R,Philadelphia Phillies,Boston Red Sox,2,1,0,Zack Wheeler,Jovani Morán,7.0,1.0,2.9136690647482015,0.0,34.0,40.0,6.0,6.333333333333333,3.232394366197183,0.0,68.0,46.0,0,25.0,33.3,15.0,5.6,0.745,0.747
824843,2026-05-12,R,New York Yankees,Baltimore Orioles,6,2,0,Will Warren,Trevor Rogers,17.0,1.6666666666666667,4.660714285714286,3.6666666666666665,59.0,84.0,6.0,4.0,2.174496644295302,1.6666666666666667,67.0,44.0,1,24.3,24.1,6.9,9.1,0.713,0.797
824927,2026-05-12,R,Chicago Cubs,Atlanta Braves,2,5,1,Colin Rea,Grant Holmes,11.0,5.0,3.789473684210526,0.0,62.0,40.0,6.0,5.333333333333333,3.857142857142857,0.0,59.0,41.0,0,25.0,19.2,11.0,6.6,0.721,0.751
825011,2026-05-12,R,St. Louis Cardinals,Athletics,6,4,0,Andre Pallante,Jeffrey Springs,6.0,5.333333333333333,6.314516129032258,0.0,57.0,55.0,6.0,6.0,3.403361344537815,0.0,57.0,41.0,0,19.4,15.5,7.6,8.7,0.752,0.695
822815,2026-05-13,R,Tampa Bay Rays,Toronto Blue Jays,3,5,1,Griffin Jax,Dylan Cease,5.0,7.0,4.125,5.666666666666667,62.0,53.0,6.0,4.0,1.7482014388489209,5.0,50.0,27.0,0,29.8,35.0,9.8,7.4,0.763,0.735
822900,2026-05-13,R,Arizona Diamondbacks,Texas Rangers,5,6,1,Ryne Nelson,Kumar Rocker,5.0,3.6666666666666665,2.769230769230769,1.0,39.0,45.0,5.0,6.666666666666667,1.8305084745762712,3.3333333333333335,40.0,48.0,0,19.5,21.3,8.0,6.6,0.695,0.764
823386,2026-05-13,R,Colorado Rockies,Pittsburgh Pirates,10,4,0,Jose Quintana,Mitch Keller,6.0,6.0,6.818181818181818,1.0,65.0,50.0,6.0,5.666666666666667,6.419580419580419,3.0,56.0,77.0,1,20.0,16.0,6.8,9.0,0.635,0.679
823631,2026-05-13,R,Detroit Tigers,New York Mets,2,3,1,Framber Valdez,Christian Scott,6.0,4.666666666666667,3.6346153846153846,3.0,49.0,50.0,8.0,3.0,3.2459016393442623,4.333333333333333,43.0,54.0,1,,23.3,,8.5,0.696,0.712
823710,2026-05-13,R,Miami Marlins,Minnesota Twins,9,5,0,Max Meyer,Simeon Woods Richardson,6.0,4.333333333333333,6.419580419580419,0.0,53.0,63.0,6.0,5.0,2.4732824427480917,2.0,44.0,50.0,1,22.7,23.9,9.8,7.0,0.708,0.729
823791,2026-05-13,R,San Diego Padres,Milwaukee Brewers,3,1,0,Michael King,Jacob Misiorowski,5.0,6.0,2.091549295774648,3.6666666666666665,56.0,30.0,6.0,6.0,2.6129032258064515,7.0,39.0,47.0,1,32.0,24.7,11.0,8.4,0.737,0.72
823952,2026-05-13,R,San Francisco Giants,Los Angeles Dodgers,0,4,1,Robbie Ray,Shohei Ohtani,8.0,7.0,3.073170731707317,2.6666666666666665,43.0,51.0,5.0,6.0,4.404255319148936,3.3333333333333335,48.0,62.0,0,33.2,24.6,4.3,9.7,0.765,0.722
824195,2026-05-13,R,Seattle Mariners,Houston Astros,3,4,1,Bryce Miller,Lance McCullers Jr.,7.0,2.6666666666666665,5.4,5.0,45.0,64.0,208.0,4.0,2.9724770642201834,3.0,51.0,44.0,0,22.3,18.9,14.2,8.7,0.706,0.747
824438,2026-05-13,R,Los Angeles Angels,Cleveland Guardians,2,4,1,Reid Detmers,Parker Messick,5.0,5.666666666666667,3.130434782608696,5.0,63.0,51.0,5.0,3.6666666666666665,4.348993288590604,3.0,33.0,53.0,1,23.0,30.1,3.6,9.4,0.647,0.701
824519,2026-05-13,R,Washington Nationals,Cincinnati Reds,8,7,0,Jake Irvin,Nick Lodolo,5.0,5.333333333333333,8.766233766233766,5.333333333333333,43.0,88.0,6.0,5.0,3.9078947368421053,5.666666666666667,71.0,55.0,0,24.3,15.8,4.8,7.9,0.723,0.639
824603,2026-05-13,R,Kansas City Royals,Chicago White Sox,5,6,1,Seth Lugo,Noah Schultz,7.0,3.6666666666666665,2.892857142857143,4.0,51.0,39.0,6.0,4.0,3.2,3.3333333333333335,53.0,52.0,1,,20.5,,9.0,0.666,0.659
824763,2026-05-13,R,Philadelphia Phillies,Boston Red Sox,1,3,1,Andrew Painter,Sonny Gray,7.0,5.0,2.823529411764706,8.0,35.0,39.0,6.0,3.6666666666666665,3.25531914893617,1.6666666666666667,63.0,47.0,0,26.7,,5.0,,0.745,0.764
824841,2026-05-13,R,New York Yankees,Baltimore Orioles,0,7,1,Max Fried,Kyle Bradish,5.0,7.0,4.213872832369942,5.0,56.0,87.0,5.0,6.0,1.98,3.3333333333333335,70.0,44.0,1,37.3,23.6,7.9,6.4,0.661,0.783
824928,2026-05-13,R,Chicago Cubs,Atlanta Braves,1,4,1,Shota Imanaga,JR Ritchie,9.0,5.0,3.230769230769231,5.0,62.0,40.0,6.0,6.0,3.825,3.6666666666666665,53.0,43.0,1,,20.6,,4.6,0.716,0.751
825010,2026-05-13,R,St. Louis Cardinals,Athletics,2,6,1,Matthew Liberatore,J.T. Ginn,6.0,8.0,6.24793388429752,4.0,60.0,57.0,6.0,6.0,2.925,4.0,52.0,38.0,0,25.3,18.8,7.9,6.2,0.74,0.692
823383,2026-05-14,R,Colorado Rockies,Pittsburgh Pirates,2,7,1,Chase Dollander,Mason Montgomery,17.0,1.0,6.680412371134021,3.3333333333333335,65.0,55.0,6.0,5.666666666666667,6.061224489795919,5.0,53.0,79.0,1,30.1,18.6,12.9,11.1,0.662,0.679
823630,2026-05-14,R,Detroit Tigers,New York Mets,4,9,1,Keider Montero,Nolan McLean,6.0,6.0,2.423076923076923,5.333333333333333,50.0,38.0,6.0,6.0,2.872340425531915,2.6666666666666665,42.0,53.0,1,30.3,18.5,8.5,8.0,0.777,0.712
823709,2026-05-14,R,Miami Marlins,Minnesota Twins,1,9,1,Braxton Garrett,Zebby Matthews,233.0,7.0,5.574193548387097,6.0,55.0,67.0,,,2.659090909090909,3.3333333333333335,50.0,53.0,1,24.9,,6.8,,0.706,0.729
823789,2026-05-14,R,San Diego Padres,Milwaukee Brewers,1,7,1,Griffin Canning,Kyle Harrison,5.0,4.0,2.417910447761194,2.0,55.0,27.0,6.0,4.333333333333333,2.2941176470588234,3.3333333333333335,38.0,43.0,1,24.4,21.4,9.0,10.4,0.737,0.691
823950,2026-05-14,R,San Francisco Giants,Los Angeles Dodgers,2,5,1,Landen Roupp,Emmet Sheehan,6.0,4.666666666666667,2.9495798319327733,2.0,45.0,48.0,5.0,4.0,4.112582781456954,3.3333333333333335,48.0,66.0,0,30.6,21.4,7.6,9.5,0.77,0.722
824196,2026-05-14,R,Seattle Mariners,Houston Astros,8,3,0,Luis Castillo,Mike Burrows,6.0,7.0,5.120689655172414,4.666666666666667,49.0,67.0,5.0,4.0,2.7,3.6666666666666665,49.0,45.0,0,24.1,21.7,7.7,6.2,0.706,0.747
824517,2026-05-14,R,Washington Nationals,Cincinnati Reds,1,15,1,Foster Griffin,Chase Burns,5.0,6.0,7.538961038961039,6.0,48.0,83.0,6.0,7.0,3.6219512195121952,7.0,65.0,60.0,0,35.6,,8.5,,0.653,0.715
824602,2026-05-14,R,Kansas City Royals,Chicago White Sox,2,6,1,Kris Bubic,Anthony Kay,5.0,5.0,3.230769230769231,4.666666666666667,54.0,42.0,6.0,5.666666666666667,3.2,3.0,56.0,53.0,1,,24.4,,8.2,0.699,0.659
824762,2026-05-14,R,Philadelphia Phillies,Boston Red Sox,3,1,0,Jesús Luzardo,Ranger Suarez,11.0,4.0,2.174496644295302,3.0,37.0,32.0,6.0,3.0,3.42,3.0,64.0,50.0,0,23.2,28.5,5.8,7.5,0.743,0.747
824926,2026-05-14,R,Chicago Cubs,Atlanta Braves,2,0,0,Ben Brown,Chris Sale,6.0,7.0,3.15,4.666666666666667,62.0,38.0,6.0,4.0,4.153846153846154,1.0,49.0,43.0,1,32.4,25.6,6.3,6.8,0.721,0.751
825008,2026-05-14,R,St. Louis Cardinals,Athletics,5,4,0,Michael McGreevy,Jacob Lopez,6.0,5.333333333333333,6.096774193548387,3.0,61.0,57.0,6.0,6.0,2.925,3.0,49.0,40.0,0,28.3,14.5,9.3,5.0,0.752,0.695
822739,2026-05-15,R,Baltimore Orioles,Washington Nationals,2,3,1,Shane Baz,Zack Littell,17.0,3.6666666666666665,4.55625,3.6666666666666665,61.0,71.0,6.0,4.666666666666667,4.3875,0.0,48.0,73.0,0,17.1,24.8,4.2,9.0,0.715,0.713
822983,2026-05-15,R,Miami Marlins,Tampa Bay Rays,2,7,1,Janson Junk,Ian Seymour,229.0,3.3333333333333335,2.4545454545454546,0.0,52.0,29.0,6.0,6.0,2.8421052631578947,6.666666666666667,51.0,62.0,0,26.4,17.2,7.9,2.9,0.735,0.656
823061,2026-05-15,R,Kansas City Royals,St. Louis Cardinals,4,5,1,Michael Wacha,Dustin May,6.0,6.0,3.2869565217391306,3.0,44.0,39.0,6.0,7.0,3.1079136690647484,4.0,55.0,53.0,0,21.1,17.6,9.6,6.3,0.692,0.721
823140,2026-05-15,R,San Diego Padres,Seattle Mariners,2,0,0,Randy Vásquez,Emerson Hancock,7.0,6.0,2.475,3.3333333333333335,57.0,48.0,6.0,5.0,2.197674418604651,6.333333333333333,39.0,50.0,0,16.6,13.7,8.1,9.1,0.747,0.72
823384,2026-05-15,R,Philadelphia Phillies,Pittsburgh Pirates,11,9,0,Aaron Nola,Braxton Ashcraft,6.0,7.0,5.201834862385321,8.0,67.0,47.0,6.0,4.666666666666667,3.1640625,3.0,58.0,44.0,0,24.3,24.0,8.2,6.9,0.662,0.764
823629,2026-05-15,R,New York Yankees,New York Mets,5,2,0,Cam Schlittler,Clay Holmes,6.0,5.666666666666667,2.2941176470588234,2.0,55.0,37.0,6.0,6.0,2.4705882352941178,0.0,70.0,48.0,0,18.2,27.6,9.3,10.2,0.777,0.783
823707,2026-05-15,R,Milwaukee Brewers,Minnesota Twins,3,2,0,Coleman Crow,Joe Ryan,6.0,6.0,5.8618421052631575,2.0,57.0,67.0,28.0,5.333333333333333,2.4146341463414633,4.0,49.0,27.0,0,28.2,,5.7,,0.708,0.737
824037,2026-05-15,R,Los Angeles Dodgers,Los Angeles Angels,6,0,0,Will Klein,Jack Kochanowicz,6.0,4.0,4.231343283582089,0.0,33.0,54.0,,,2.7421875,3.0,50.0,50.0,0,14.1,30.0,11.3,14.3,0.693,0.77
824194,2026-05-15,R,Texas Rangers,Houston Astros,0,2,1,Jack Leiter,Spencer Arrighetti,6.0,5.666666666666667,3.951219512195122,3.3333333333333335,38.0,60.0,6.0,4.666666666666667,3.731707317073171,0.0,42.0,50.0,0,19.9,22.9,12.8,10.4,0.706,0.695
824280,2026-05-15,R,Toronto Blue Jays,Detroit Tigers,2,3,1,Trey Yesavage,Brenan Hanifee,5.0,0.6666666666666666,3.5714285714285716,3.3333333333333335,41.0,60.0,6.0,4.0,4.090909090909091,0.0,58.0,48.0,0,15.4,25.8,5.4,11.3,0.712,0.763
824360,2026-05-15,R,Arizona Diamondbacks,Colorado Rockies,9,1,0,Merrill Kelly,Kyle Freeland,6.0,5.0,5.90625,7.0,51.0,80.0,6.0,7.0,1.9894736842105263,0.0,38.0,39.0,0,17.5,22.3,5.4,6.4,0.679,0.742
824439,2026-05-15,R,Cincinnati Reds,Cleveland Guardians,7,6,0,Andrew Abbott,Tanner Bibee,6.0,6.0,3.0638297872340425,0.0,64.0,52.0,5.0,6.0,7.363636363636363,3.0,57.0,80.0,0,21.3,21.8,7.1,6.3,0.647,0.723
824601,2026-05-15,R,Chicago Cubs,Chicago White Sox,10,5,0,Edward Cabrera,Sean Burke,7.0,4.333333333333333,3.0,3.0,60.0,44.0,6.0,5.0,3.6818181818181817,5.0,51.0,43.0,0,22.3,25.8,10.6,8.3,0.666,0.751
824925,2026-05-15,R,Boston Red Sox,Atlanta Braves,2,3,1,Connelly Early,Spencer Strider,6.0,6.0,2.475,3.0,60.0,35.0,7.0,7.0,2.3625,3.6666666666666665,38.0,35.0,0,24.3,36.7,9.5,5.1,0.716,0.745
825009,2026-05-15,R,San Francisco Giants,Athletics,2,5,1,Tyler Mahle,Aaron Civale,6.0,5.0,6.635593220338983,4.0,59.0,59.0,5.0,5.666666666666667,3.884892086330935,2.6666666666666665,43.0,62.0,0,20.2,19.1,7.6,8.4,0.752,0.722
822737,2026-05-16,R,Baltimore Orioles,Washington Nationals,3,13,1,Chris Bassitt,Cade Cavalli,6.0,5.666666666666667,4.89375,4.0,63.0,67.0,11.0,4.0,4.291390728476821,1.0,48.0,69.0,1,18.3,22.6,6.8,7.1,0.715,0.713
822981,2026-05-16,R,Miami Marlins,Tampa Bay Rays,10,5,0,Sandy Alcantara,Nick Martinez,6.0,5.666666666666667,2.4387096774193546,7.0,56.0,31.0,6.0,6.0,2.204081632653061,2.3333333333333335,48.0,63.0,1,17.0,19.1,6.1,7.7,0.735,0.729
823060,2026-05-16,R,Kansas City Royals,St. Louis Cardinals,2,4,1,Noah Cameron,Kyle Leahy,6.0,5.0,3.15,5.0,42.0,41.0,6.0,4.0,2.6619718309859155,4.666666666666667,52.0,52.0,1,22.0,20.5,7.7,7.7,0.695,0.721
823139,2026-05-16,R,San Diego Padres,Seattle Mariners,7,4,0,Walker Buehler,Logan Gilbert,6.0,6.0,2.475,3.0,51.0,43.0,6.0,6.0,2.076923076923077,3.0,39.0,42.0,0,32.3,16.3,5.8,10.6,0.747,0.72
823382,2026-05-16,R,Philadelphia Phillies,Pittsburgh Pirates,6,0,0,Cristopher Sánchez,Bubba Chandler,6.0,5.0,6.212389380530974,3.3333333333333335,67.0,57.0,6.0,7.0,2.347826086956522,6.333333333333333,63.0,48.0,0,25.0,26.3,3.2,5.5,0.635,0.764
823627,2026-05-16,R,New York Yankees,New York Mets,3,6,1,Carlos Rodón,Huascar Brazobán,6.0,1.0,2.4387096774193546,4.666666666666667,53.0,39.0,6.0,4.333333333333333,2.664473684210526,2.3333333333333335,68.0,48.0,0,21.8,25.7,10.3,9.3,0.696,0.783
823706,2026-05-16,R,Milwaukee Brewers,Minnesota Twins,2,1,0,Logan Henderson,Connor Prielipp,8.0,5.0,6.02027027027027,3.0,56.0,63.0,6.0,5.0,2.3951612903225805,4.0,46.0,28.0,0,,33.3,,8.1,0.708,0.734
824038,2026-05-16,R,Los Angeles Dodgers,Los Angeles Angels,15,2,0,Justin Wrobleski,José Soriano,6.0,7.666666666666667,3.7099236641221376,3.0,30.0,56.0,6.0,8.666666666666666,2.1366906474820144,7.0,54.0,43.0,0,21.0,27.1,10.8,6.1,0.701,0.77
824193,2026-05-16,R,Texas Rangers,Houston Astros,1,4,1,Jacob deGrom,Kai-Wei Teng,6.0,3.0,3.9754601226993866,1.6666666666666667,39.0,57.0,6.0,7.0,4.172727272727273,1.0,37.0,48.0,1,28.1,27.7,12.2,5.5,0.706,0.695
824278,2026-05-16,R,Toronto Blue Jays,Detroit Tigers,2,1,0,Mason Fluharty,Casey Mize,18.0,2.3333333333333335,3.4263959390862944,8.0,40.0,57.0,42.0,1.0,4.186046511627907,2.6666666666666665,53.0,48.0,1,22.2,26.0,5.7,11.2,0.774,0.763
824359,2026-05-16,R,Arizona Diamondbacks,Colorado Rockies,2,4,1,Eduardo Rodriguez,Tomoyuki Sugano,6.0,5.0,5.0119760479041915,5.333333333333333,46.0,81.0,6.0,8.333333333333334,2.3048780487804876,0.0,42.0,34.0,0,15.7,20.6,5.3,8.6,0.679,0.764
824435,2026-05-16,R,Cincinnati Reds,Cleveland Guardians,4,7,1,Chris Paddack,Joey Cantillo,5.0,6.0,3.857142857142857,2.3333333333333335,62.0,54.0,13.0,2.6666666666666665,7.4605263157894735,4.0,63.0,77.0,0,26.9,16.7,10.5,5.5,0.679,0.653
824600,2026-05-16,R,Chicago Cubs,Chicago White Sox,3,8,1,Jameson Taillon,Davis Martin,6.0,6.0,3.7099236641221376,4.666666666666667,57.0,52.0,6.0,5.333333333333333,3.425373134328358,4.333333333333333,55.0,43.0,0,17.3,18.9,8.0,5.2,0.666,0.751
824924,2026-05-16,R,Boston Red Sox,Atlanta Braves,3,2,0,Payton Tolle,Bryce Elder,6.0,5.666666666666667,2.6557377049180326,4.666666666666667,55.0,31.0,6.0,5.0,2.3625,4.0,37.0,37.0,1,19.3,25.7,7.5,10.8,0.716,0.745
825007,2026-05-16,R,San Francisco Giants,Athletics,6,4,0,Trevor McDonald,Luis Severino,6.0,5.333333333333333,6.051724137931035,4.0,59.0,53.0,5.0,5.333333333333333,3.7762237762237763,3.0,45.0,64.0,1,17.6,23.3,7.1,3.3,0.752,0.722
822738,2026-05-17,R,Baltimore Orioles,Washington Nationals,7,3,0,Brandon Young,Richard Lovelady,8.0,2.0,4.754716981132075,2.6666666666666665,75.0,66.0,6.0,5.333333333333333,5.29054054054054,3.0,47.0,73.0,1,21.1,18.4,10.5,8.6,0.715,0.661
822982,2026-05-17,R,Miami Marlins,Tampa Bay Rays,3,6,1,Eury Pérez,Drew Rasmussen,6.0,6.0,4.013513513513513,4.0,56.0,40.0,5.0,6.0,2.4705882352941178,4.0,54.0,68.0,1,21.7,27.3,6.3,8.3,0.735,0.729
823058,2026-05-17,R,Kansas City Royals,St. Louis Cardinals,2,0,0,Stephen Kolek,Andre Pallante,5.0,5.0,2.925,3.0,43.0,41.0,5.0,4.666666666666667,2.9779411764705883,2.0,51.0,54.0,1,15.5,16.7,8.7,6.7,0.692,0.721
823138,2026-05-17,R,San Diego Padres,Seattle Mariners,8,3,0,Lucas Giolito,George Kirby,6.0,5.0,2.288135593220339,2.3333333333333335,53.0,47.0,236.0,4.666666666666667,2.354651162790698,4.0,46.0,42.0,0,26.1,19.7,5.5,9.1,0.747,0.72
823381,2026-05-17,R,Philadelphia Phillies,Pittsburgh Pirates,6,0,0,Zack Wheeler,Paul Skenes,5.0,8.0,5.578512396694215,6.0,50.0,56.0,5.0,7.333333333333333,2.302325581395349,0.0,69.0,44.0,0,29.5,33.3,5.7,5.6,0.662,0.764
823628,2026-05-17,R,New York Yankees,New York Mets,6,7,1,Elmer Rodríguez,Freddy Peralta,5.0,6.0,2.6832298136645965,7.666666666666667,56.0,38.0,12.0,4.666666666666667,3.0,4.333333333333333,62.0,50.0,0,28.2,,9.1,,0.777,0.783
823708,2026-05-17,R,Milwaukee Brewers,Minnesota Twins,4,5,1,Robert Gasser,Bailey Ober,5.0,9.0,4.655172413793103,3.0,53.0,54.0,232.0,2.6666666666666665,2.338582677165354,4.0,44.0,28.0,0,19.2,17.2,5.0,13.8,0.706,0.737
824034,2026-05-17,R,Los Angeles Dodgers,Los Angeles Angels,10,1,0,Roki Sasaki,Grayson Rodriguez,,,5.358778625954199,3.6666666666666665,28.0,68.0,6.0,5.0,2.091549295774648,3.0,67.0,42.0,0,,17.4,,13.7,0.693,0.77
824192,2026-05-17,R,Texas Rangers,Houston Astros,8,0,0,Nathan Eovaldi,Peter Lambert,6.0,7.0,3.8098159509202456,4.0,37.0,55.0,11.0,8.0,4.683673469387755,2.0,37.0,47.0,1,,26.0,,4.2,0.706,0.695
824279,2026-05-17,R,Toronto Blue Jays,Detroit Tigers,4,1,0,Kevin Gausman,Jack Flaherty,5.0,3.6666666666666665,3.4752475247524752,4.0,36.0,58.0,6.0,4.666666666666667,3.8053691275167787,8.666666666666666,44.0,45.0,1,27.6,24.4,8.7,6.5,0.712,0.763
824358,2026-05-17,R,Arizona Diamondbacks,Colorado Rockies,8,6,0,Michael Soroka,Michael Lorenzen,5.0,5.0,4.207792207792208,4.0,49.0,74.0,6.0,6.333333333333333,2.2771084337349397,2.6666666666666665,44.0,36.0,0,21.0,25.1,6.4,7.7,0.679,0.764
824436,2026-05-17,R,Cincinnati Reds,Cleveland Guardians,3,10,1,Brady Singer,Gavin Williams,7.0,6.0,3.626865671641791,4.0,55.0,52.0,5.0,3.6666666666666665,7.085106382978723,3.0,60.0,67.0,0,24.6,22.8,11.8,8.4,0.679,0.723
824599,2026-05-17,R,Chicago Cubs,Chicago White Sox,8,9,1,Colin Rea,Erick Fedde,5.0,5.0,4.122137404580153,3.0,61.0,55.0,5.0,4.333333333333333,3.3503649635036497,3.0,56.0,51.0,0,13.3,19.2,10.8,6.6,0.666,0.751
824923,2026-05-17,R,Boston Red Sox,Atlanta Braves,1,8,1,Brayan Bello,Grant Holmes,5.0,4.0,2.722689075630252,1.0,48.0,33.0,18.0,3.6666666666666665,2.3716216216216215,1.0,37.0,33.0,1,25.0,17.7,11.0,8.4,0.721,0.745
825006,2026-05-17,R,San Francisco Giants,Athletics,10,1,0,Adrian Houser,Jeffrey Springs,5.0,5.0,4.5,3.0,57.0,45.0,5.0,5.666666666666667,4.467625899280575,2.3333333333333335,50.0,63.0,1,19.4,17.8,7.6,7.3,0.752,0.631
822734,2026-05-18,R,New York Mets,Washington Nationals,16,7,0,Christian Scott,Jake Irvin,5.0,3.0,5.198757763975156,7.666666666666667,75.0,71.0,5.0,4.666666666666667,2.8757396449704142,5.0,58.0,43.0,0,15.8,,7.9,,0.715,0.777
822980,2026-05-18,R,Baltimore Orioles,Tampa Bay Rays,6,16,1,Trevor Rogers,Shane McClanahan,6.0,5.0,4.224489795918367,3.6666666666666665,60.0,42.0,6.0,4.0,3.857142857142857,5.333333333333333,51.0,65.0,0,,24.3,,6.9,0.667,0.661
823137,2026-05-18,R,Chicago White Sox,Seattle Mariners,1,6,1,Noah Schultz,Bryan Woo,6.0,6.0,2.722689075630252,3.3333333333333335,55.0,51.0,5.0,4.333333333333333,3.965034965034965,7.0,67.0,59.0,0,27.1,,4.9,,0.727,0.666
823301,2026-05-18,R,Los Angeles Dodgers,San Diego Padres,0,1,1,Yoshinobu Yamamoto,Michael King,5.0,5.666666666666667,2.0406976744186047,4.0,50.0,42.0,6.0,6.333333333333333,1.9424460431654675,2.0,73.0,42.0,0,24.7,29.4,8.4,8.6,0.72,0.77
823465,2026-05-18,R,Cincinnati Reds,Philadelphia Phillies,4,5,1,Nick Lodolo,Andrew Painter,5.0,5.0,2.338582677165354,2.0,68.0,42.0,5.0,4.0,7.38,4.0,63.0,76.0,0,,24.3,,4.8,0.747,0.723
823549,2026-05-18,R,Toronto Blue Jays,New York Yankees,6,7,1,Patrick Corbin,Ryan Weathers,7.0,6.333333333333333,3.78343949044586,5.0,57.0,54.0,6.0,4.333333333333333,3.5136986301369864,3.0,45.0,42.0,0,22.3,19.8,7.2,7.7,0.797,0.755
823705,2026-05-18,R,Houston Astros,Minnesota Twins,3,6,1,Tatsuya Imai,Kendry Rojas,,,4.740458015267175,4.0,54.0,55.0,6.0,4.0,4.530201342281879,3.0,34.0,62.0,0,,,,,0.708,0.74
823867,2026-05-18,R,Atlanta Braves,Miami Marlins,0,12,1,JR Ritchie,Max Meyer,5.0,5.666666666666667,2.832167832167832,3.0,55.0,67.0,5.0,4.333333333333333,2.4324324324324325,3.0,45.0,28.0,0,23.9,,7.0,,0.729,0.721
824035,2026-05-18,R,Athletics,Los Angeles Angels,1,2,1,J.T. Ginn,Walbert Ureña,6.0,5.0,5.0503597122302155,5.333333333333333,28.0,73.0,5.0,6.0,4.973684210526316,3.0,51.0,54.0,0,,25.3,,7.9,0.693,0.752
824114,2026-05-18,R,Boston Red Sox,Kansas City Royals,3,1,0,Sonny Gray,Seth Lugo,5.0,5.0,2.9347826086956523,2.6666666666666665,49.0,53.0,5.0,6.0,2.3309352517985613,3.0,37.0,38.0,0,20.5,26.7,9.0,5.0,0.721,0.745
824277,2026-05-18,R,Cleveland Guardians,Detroit Tigers,8,2,0,Slade Cecconi,Framber Valdez,5.0,6.666666666666667,3.629032258064516,3.0,30.0,61.0,6.0,4.0,3.2238805970149254,3.0,64.0,48.0,0,23.3,20.0,8.5,5.9,0.712,0.647
824357,2026-05-18,R,Texas Rangers,Colorado Rockies,6,7,1,MacKenzie Gore,Jose Quintana,5.0,4.0,3.5294117647058822,4.333333333333333,49.0,71.0,6.0,8.0,4.05,2.0,44.0,40.0,0,16.0,27.2,9.0,9.3,0.679,0.653
824680,2026-05-18,R,Milwaukee Brewers,Chicago Cubs,9,3,0,Brandon Sproat,Shota Imanaga,5.0,7.0,3.612676056338028,4.666666666666667,56.0,56.0,6.0,5.333333333333333,2.43609022556391,4.0,46.0,30.0,0,20.6,20.2,4.6,8.3,0.751,0.734
825087,2026-05-18,R,San Francisco Giants,Arizona Diamondbacks,2,12,1,Robbie Ray,Zac Gallen,6.0,4.666666666666667,2.3048780487804876,3.3333333333333335,48.0,34.0,5.0,4.666666666666667,4.335766423357664,3.0,59.0,62.0,0,21.5,24.6,8.1,9.7,0.742,0.722
822736,2026-05-19,R,New York Mets,Washington Nationals,6,9,1,Nolan McLean,Foster Griffin,5.0,4.333333333333333,6.129729729729729,8.0,82.0,87.0,5.0,7.0,2.8757396449704142,8.0,70.0,48.0,0,,30.3,,8.5,0.715,0.696
822979,2026-05-19,R,Baltimore Orioles,Tampa Bay Rays,1,4,1,Kyle Bradish,Griffin Jax,6.0,5.0,4.591836734693878,4.0,71.0,47.0,6.0,6.0,4.05,4.333333333333333,56.0,69.0,1,35.0,37.3,7.4,7.9,0.735,0.713
823059,2026-05-19,R,Pittsburgh Pirates,St. Louis Cardinals,6,9,1,Mitch Keller,Matthew Liberatore,6.0,5.0,2.7757009345794392,0.0,36.0,36.0,6.0,5.666666666666667,5.441860465116279,0.0,49.0,62.0,0,18.8,20.0,6.2,6.8,0.692,0.635
823136,2026-05-19,R,Chicago White Sox,Seattle Mariners,2,1,0,Anthony Kay,Bryce Miller,6.0,5.333333333333333,2.9495798319327733,3.0,56.0,48.0,5.0,6.0,4.468965517241379,2.6666666666666665,62.0,65.0,1,18.9,,8.7,,0.727,0.666
823302,2026-05-19,R,Los Angeles Dodgers,San Diego Padres,5,4,0,Emmet Sheehan,Griffin Canning,5.0,1.6666666666666667,2.0526315789473686,2.0,49.0,39.0,5.0,6.0,2.030075187969925,1.0,65.0,40.0,1,21.4,30.6,10.4,7.6,0.72,0.77
823464,2026-05-19,R,Cincinnati Reds,Philadelphia Phillies,4,1,0,Chase Burns,Jesús Luzardo,5.0,6.0,2.763779527559055,3.0,72.0,46.0,5.0,6.0,7.47972972972973,2.3333333333333335,63.0,76.0,1,28.5,35.6,7.5,8.5,0.764,0.653
823548,2026-05-19,R,Toronto Blue Jays,New York Yankees,4,5,1,Dylan Cease,Will Warren,7.0,5.666666666666667,3.930379746835443,3.6666666666666665,52.0,59.0,6.0,7.0,3.857142857142857,4.0,50.0,44.0,1,24.1,29.8,9.1,9.8,0.783,0.763
823704,2026-05-19,R,Houston Astros,Minnesota Twins,2,1,0,Jason Alexander,Zebby Matthews,5.0,7.0,4.808219178082192,5.0,60.0,58.0,235.0,4.666666666666667,4.432835820895522,3.3333333333333335,34.0,60.0,1,24.9,19.3,6.8,7.7,0.708,0.706
823865,2026-05-19,R,Atlanta Braves,Miami Marlins,8,4,0,Martín Pérez,Braxton Garrett,5.0,1.3333333333333333,2.872340425531915,3.0,67.0,66.0,13.0,5.666666666666667,3.3157894736842106,4.0,41.0,35.0,1,,19.3,,9.6,0.656,0.716
824033,2026-05-19,R,Athletics,Los Angeles Angels,14,6,0,Jacob Lopez,Reid Detmers,6.0,5.666666666666667,5.2781954887218046,3.0,30.0,68.0,5.0,5.0,4.973684210526316,0.0,52.0,56.0,1,30.1,28.3,9.4,9.3,0.701,0.74
824112,2026-05-19,R,Boston Red Sox,Kansas City Royals,7,1,0,Ranger Suarez,Bailey Falter,281.0,4.0,3.0638297872340425,3.0,44.0,54.0,5.0,5.333333333333333,1.9014084507042253,3.0,35.0,35.0,0,15.6,23.2,8.9,5.8,0.659,0.743
824276,2026-05-19,R,Cleveland Guardians,Detroit Tigers,4,3,0,Parker Messick,Keider Montero,5.0,4.666666666666667,3.7241379310344827,4.0,28.0,64.0,6.0,6.666666666666667,3.188976377952756,1.6666666666666667,70.0,44.0,0,18.5,23.0,8.0,3.6,0.774,0.679
824356,2026-05-19,R,Texas Rangers,Colorado Rockies,10,0,0,Tyler Alexander,Sammy Peralta,,,4.0855263157894735,3.3333333333333335,54.0,73.0,293.0,3.3333333333333335,4.016528925619835,7.0,50.0,47.0,1,15.4,19.4,11.5,7.1,0.679,0.653
824677,2026-05-19,R,Milwaukee Brewers,Chicago Cubs,5,2,0,Jacob Misiorowski,Ben Brown,5.0,4.0,3.489795918367347,4.666666666666667,54.0,61.0,6.0,7.0,2.0454545454545454,4.333333333333333,52.0,27.0,0,25.6,32.0,6.8,11.0,0.751,0.737
825086,2026-05-19,R,San Francisco Giants,Arizona Diamondbacks,3,5,1,Landen Roupp,Ryne Nelson,6.0,7.0,2.076923076923077,3.0,60.0,36.0,5.0,5.333333333333333,4.183098591549296,3.6666666666666665,58.0,72.0,1,21.3,21.4,6.6,9.5,0.764,0.722
822735,2026-05-20,R,New York Mets,Washington Nationals,4,8,1,Zac Thornton,Zack Littell,5.0,5.0,5.637362637362638,4.0,88.0,82.0,,,2.7613636363636362,2.3333333333333335,76.0,57.0,0,17.1,,4.2,,0.639,0.777
822977,2026-05-20,R,Baltimore Orioles,Tampa Bay Rays,3,5,1,Shane Baz,Steven Matz,17.0,6.0,4.5,4.0,71.0,45.0,5.0,7.0,4.235294117647059,2.6666666666666665,48.0,66.0,1,19.1,24.8,3.6,9.0,0.735,0.661
823057,2026-05-20,R,Pittsburgh Pirates,St. Louis Cardinals,7,0,0,Carmen Mlodzinski,Michael McGreevy,6.0,6.0,2.8536585365853657,5.333333333333333,45.0,42.0,12.0,6.0,4.776923076923077,3.3333333333333335,55.0,62.0,1,14.5,21.2,5.0,6.4,0.692,0.662
823134,2026-05-20,R,Chicago White Sox,Seattle Mariners,4,5,1,Sean Burke,Emerson Hancock,5.0,6.0,3.073170731707317,3.3333333333333335,55.0,47.0,5.0,4.333333333333333,4.438356164383562,3.6666666666666665,61.0,62.0,1,16.6,22.3,8.1,10.6,0.747,0.666
823299,2026-05-20,R,Los Angeles Dodgers,San Diego Padres,4,0,0,Shohei Ohtani,Randy Vásquez,5.0,6.0,2.0406976744186047,4.0,43.0,39.0,7.0,7.0,1.8620689655172413,5.0,69.0,42.0,1,13.7,33.2,9.1,4.3,0.72,0.77
823462,2026-05-20,R,Cincinnati Reds,Philadelphia Phillies,9,4,0,Andrew Abbott,Aaron Nola,5.0,3.6666666666666665,2.8421052631578947,3.0,64.0,49.0,5.0,5.0,7.163265306122449,3.0,65.0,74.0,1,24.0,21.8,6.9,6.3,0.747,0.723
823547,2026-05-20,R,Toronto Blue Jays,New York Yankees,2,1,0,Trey Yesavage,Cam Schlittler,5.0,6.666666666666667,3.9554140127388533,4.0,50.0,59.0,5.0,6.0,3.42,3.0,51.0,45.0,1,27.6,25.8,10.2,11.3,0.783,0.763
823703,2026-05-20,R,Houston Astros,Minnesota Twins,1,4,1,Mike Burrows,Joe Ryan,5.0,6.0,4.623287671232877,3.0,50.0,57.0,6.0,5.666666666666667,4.138686131386861,3.0,34.0,60.0,1,28.2,24.1,5.7,7.7,0.708,0.706
823866,2026-05-20,R,Atlanta Braves,Miami Marlins,9,1,0,Chris Sale,Janson Junk,5.0,5.666666666666667,3.537931034482759,6.0,64.0,65.0,6.0,6.0,3.230769230769231,4.0,46.0,37.0,1,17.2,32.4,2.9,6.3,0.656,0.721
824032,2026-05-20,R,Athletics,Los Angeles Angels,6,5,0,Aaron Civale,Jack Kochanowicz,5.0,6.0,6.5390625,3.3333333333333335,32.0,79.0,5.0,5.0,3.347107438016529,5.333333333333333,65.0,53.0,1,14.1,20.2,11.3,7.6,0.693,0.752
824111,2026-05-20,R,Boston Red Sox,Kansas City Royals,4,3,0,Connelly Early,Michael Wacha,5.0,6.0,3.7058823529411766,7.0,40.0,58.0,5.0,5.0,1.8409090909090908,4.666666666666667,32.0,33.0,0,17.6,36.7,6.3,5.1,0.659,0.745
824273,2026-05-20,R,Cleveland Guardians,Detroit Tigers,3,2,0,Tanner Bibee,Drew Anderson,,,4.017857142857143,4.0,28.0,58.0,5.0,6.666666666666667,3.045112781954887,4.0,71.0,42.0,0,,21.3,,7.1,0.712,0.679
824355,2026-05-20,R,Texas Rangers,Colorado Rockies,5,4,0,Jack Leiter,Kyle Freeland,5.0,3.6666666666666665,4.728813559322034,8.333333333333334,54.0,83.0,5.0,7.0,3.2785714285714285,8.0,56.0,40.0,1,17.5,22.9,5.4,10.4,0.679,0.653
824678,2026-05-20,R,Milwaukee Brewers,Chicago Cubs,5,0,0,Kyle Harrison,Edward Cabrera,5.0,4.666666666666667,3.8835616438356166,4.0,53.0,64.0,6.0,5.0,2.106382978723404,3.0,57.0,29.0,0,25.8,24.4,8.3,9.0,0.751,0.737
825084,2026-05-20,R,San Francisco Giants,Arizona Diamondbacks,3,6,1,Tyler Mahle,Merrill Kelly,5.0,9.0,2.076923076923077,2.0,56.0,39.0,5.0,5.0,4.2,2.6666666666666665,56.0,67.0,1,22.3,19.1,6.4,8.4,0.764,0.722
822733,2026-05-21,R,New York Mets,Washington Nationals,2,1,0,David Peterson,Cade Cavalli,5.0,6.333333333333333,5.901639344262295,4.0,81.0,84.0,22.0,3.6666666666666665,2.6228571428571428,3.6666666666666665,70.0,60.0,0,18.3,20.7,6.8,9.0,0.639,0.777
823056,2026-05-21,R,Pittsburgh Pirates,St. Louis Cardinals,6,2,0,Braxton Ashcraft,Dustin May,6.0,6.0,3.4285714285714284,4.0,43.0,43.0,6.0,6.666666666666667,4.467625899280575,4.0,61.0,62.0,1,21.1,24.3,9.6,8.2,0.692,0.662
823545,2026-05-21,R,Toronto Blue Jays,New York Yankees,2,0,0,Braydon Fisher,Carlos Rodón,5.0,3.6666666666666665,4.112582781456954,3.0,50.0,55.0,34.0,1.0,3.3973509933774833,3.0,53.0,43.0,1,25.7,30.7,9.3,9.4,0.783,0.755
823864,2026-05-21,R,Atlanta Braves,Miami Marlins,9,3,0,Spencer Strider,Sandy Alcantara,5.0,6.0,3.1655172413793102,4.0,61.0,67.0,6.0,5.333333333333333,3.0258620689655173,2.0,54.0,35.0,1,19.1,24.3,7.7,9.5,0.729,0.721
824031,2026-05-21,R,Athletics,Los Angeles Angels,3,2,0,Luis Severino,José Soriano,5.0,5.333333333333333,6.595419847328245,4.0,29.0,83.0,5.0,6.0,2.7421875,5.0,68.0,52.0,1,21.0,17.6,10.8,7.1,0.693,0.752
824274,2026-05-21,R,Cleveland Guardians,Detroit Tigers,3,1,0,Joey Cantillo,Casey Mize,5.0,6.0,4.238372093023256,5.333333333333333,30.0,57.0,5.0,5.0,3.188976377952756,2.0,71.0,43.0,0,22.2,26.9,5.7,10.5,0.774,0.679
825083,2026-05-21,R,Colorado Rockies,Arizona Diamondbacks,1,2,1,Zach Agnos,Eduardo Rodriguez,5.0,5.333333333333333,2.0543478260869565,3.0,62.0,41.0,,,4.247191011235955,4.333333333333333,53.0,78.0,0,20.6,13.9,8.6,11.7,0.764,0.679
822816,2026-05-22,R,Pittsburgh Pirates,Toronto Blue Jays,2,6,1,Bubba Chandler,Kevin Gausman,5.0,6.0,2.9482758620689653,7.666666666666667,55.0,43.0,6.0,3.0,4.764705882352941,2.0,63.0,62.0,0,24.4,25.0,6.5,3.2,0.763,0.662
823223,2026-05-22,R,Chicago White Sox,San Francisco Giants,9,4,0,Davis Martin,Trevor McDonald,6.0,6.666666666666667,3.8,0.0,58.0,68.0,6.0,6.0,5.0979020979020975,0.0,63.0,59.0,0,23.3,17.3,3.3,8.0,0.722,0.666
823298,2026-05-22,R,Athletics,San Diego Padres,3,7,1,Jeffrey Springs,Walker Buehler,6.0,5.0,2.1176470588235294,0.0,37.0,40.0,5.0,6.0,2.6194029850746268,3.0,59.0,53.0,0,16.3,19.4,10.6,7.6,0.691,0.752
823461,2026-05-22,R,Cleveland Guardians,Philadelphia Phillies,1,0,0,Gavin Williams,Cristopher Sánchez,6.0,9.0,3.347107438016529,0.0,61.0,43.0,5.0,6.0,2.7857142857142856,3.3333333333333335,66.0,39.0,0,26.3,24.6,5.5,11.8,0.764,0.647
823546,2026-05-22,R,Tampa Bay Rays,New York Yankees,4,2,0,Nick Martinez,Gerrit Cole,,,4.273381294964029,4.0,41.0,55.0,6.0,6.0,5.014285714285714,0.0,65.0,44.0,0,,17.0,,6.1,0.783,0.735
823788,2026-05-22,R,Los Angeles Dodgers,Milwaukee Brewers,1,5,1,Justin Wrobleski,Logan Henderson,6.0,5.0,1.8409090909090908,0.0,56.0,27.0,6.0,6.0,1.8270676691729324,0.0,61.0,40.0,0,33.3,27.1,8.1,6.1,0.734,0.77
823863,2026-05-22,R,New York Mets,Miami Marlins,1,2,1,Tobias Myers,Eury Pérez,5.0,5.0,3.612676056338028,3.0,60.0,73.0,33.0,2.0,1.8305084745762712,4.0,70.0,55.0,0,27.3,17.3,8.3,6.8,0.729,0.777
824029,2026-05-22,R,Texas Rangers,Los Angeles Angels,6,9,1,Jacob deGrom,Grayson Rodriguez,5.0,3.6666666666666665,6.127659574468085,3.3333333333333335,31.0,86.0,6.0,6.0,2.4893617021276597,0.0,53.0,34.0,0,,27.7,,5.5,0.693,0.695
824110,2026-05-22,R,Seattle Mariners,Kansas City Royals,2,0,0,Logan Gilbert,Noah Cameron,6.0,6.0,3.3488372093023258,0.0,37.0,51.0,6.0,6.666666666666667,3.0,0.0,57.0,50.0,0,20.5,32.3,7.7,5.8,0.721,0.727
824679,2026-05-22,R,Houston Astros,Chicago Cubs,4,2,0,Spencer Arrighetti,Jameson Taillon,6.0,5.0,3.0638297872340425,0.0,38.0,60.0,7.0,7.333333333333333,3.2661290322580645,0.0,33.0,52.0,0,18.9,19.9,5.2,12.8,0.751,0.706
824761,2026-05-22,R,Minnesota Twins,Boston Red Sox,8,6,0,Connor Prielipp,Payton Tolle,6.0,8.0,1.1538461538461537,0.0,28.0,28.0,6.0,6.0,2.6,0.0,47.0,36.0,0,25.7,,10.8,,0.743,0.706
824842,2026-05-22,R,Detroit Tigers,Baltimore Orioles,4,7,1,Jack Flaherty,Keegan Akin,12.0,1.0,5.481203007518797,0.0,41.0,63.0,5.0,6.0,4.223463687150838,2.3333333333333335,31.0,60.0,0,22.0,27.6,12.3,8.7,0.713,0.774
824922,2026-05-22,R,Washington Nationals,Atlanta Braves,4,5,1,Richard Lovelady,Bryce Elder,6.0,8.0,2.8306451612903225,2.6666666666666665,63.0,38.0,5.0,1.3333333333333333,5.9491525423728815,2.0,75.0,81.0,0,19.3,21.1,7.5,10.5,0.716,0.715
825082,2026-05-22,R,Colorado Rockies,Arizona Diamondbacks,3,2,0,Tomoyuki Sugano,Michael Soroka,5.0,5.666666666666667,2.4269662921348316,2.0,62.0,38.0,6.0,5.0,4.5251396648044695,3.6666666666666665,48.0,78.0,1,25.1,15.7,7.7,5.3,0.764,0.679
822814,2026-05-23,R,Pittsburgh Pirates,Toronto Blue Jays,2,5,1,Paul Skenes,Patrick Corbin,5.0,4.0,3.085714285714286,2.3333333333333335,59.0,45.0,6.0,5.0,4.661870503597123,3.0,63.0,63.0,1,19.8,29.5,7.7,5.7,0.763,0.635
823222,2026-05-23,R,Chicago White Sox,San Francisco Giants,3,10,1,Bryan Hudson,Adrian Houser,6.0,6.0,3.612676056338028,5.333333333333333,57.0,75.0,27.0,1.0,4.079136690647482,3.3333333333333335,64.0,51.0,0,17.8,25.3,7.3,17.3,0.631,0.666
823300,2026-05-23,R,Athletics,San Diego Padres,0,2,1,J.T. Ginn,Lucas Giolito,6.0,5.0,2.1456953642384105,4.0,44.0,37.0,5.0,8.0,3.1640625,1.6666666666666667,58.0,57.0,1,19.7,25.3,9.1,7.9,0.72,0.752
823458,2026-05-23,R,Cleveland Guardians,Philadelphia Phillies,0,3,1,Slade Cecconi,Zack Wheeler,6.0,7.0,3.78,1.0,54.0,35.0,5.0,7.333333333333333,2.26890756302521,1.0,61.0,35.0,0,33.3,20.0,5.6,5.9,0.764,0.679
823787,2026-05-23,R,Los Angeles Dodgers,Milwaukee Brewers,11,3,0,Roki Sasaki,Robert Gasser,6.0,4.0,1.8,4.0,55.0,28.0,6.0,7.0,1.8837209302325582,3.0,59.0,44.0,1,17.2,17.4,13.8,13.7,0.737,0.765
823862,2026-05-23,R,New York Mets,Miami Marlins,1,4,1,Freddy Peralta,Max Meyer,5.0,6.0,3.717391304347826,2.6666666666666665,60.0,71.0,6.0,5.0,1.8972972972972972,6.666666666666667,68.0,56.0,1,23.9,28.2,7.0,9.1,0.729,0.777
824030,2026-05-23,R,Texas Rangers,Los Angeles Angels,2,5,1,Nathan Eovaldi,Walbert Ureña,5.0,6.0,6.6521739130434785,3.3333333333333335,40.0,90.0,6.0,7.0,2.892857142857143,5.0,58.0,36.0,1,,26.0,,4.2,0.693,0.695
824109,2026-05-23,R,Seattle Mariners,Kansas City Royals,0,5,1,George Kirby,Stephen Kolek,6.0,6.333333333333333,3.796875,3.0,33.0,50.0,6.0,5.666666666666667,2.338582677165354,3.3333333333333335,47.0,42.0,0,16.7,26.1,6.7,5.5,0.721,0.747
824518,2026-05-23,R,St. Louis Cardinals,Cincinnati Reds,8,1,0,Andre Pallante,Chris Paddack,7.0,5.0,6.24793388429752,0.0,65.0,53.0,6.0,6.666666666666667,4.084033613445378,0.0,37.0,48.0,0,16.7,15.5,5.5,8.7,0.723,0.692
824674,2026-05-23,R,Houston Astros,Chicago Cubs,3,0,0,Kai-Wei Teng,Colin Rea,6.0,4.666666666666667,2.9136690647482015,4.333333333333333,33.0,63.0,7.0,5.0,3.5307692307692307,4.0,27.0,54.0,0,19.2,28.1,6.6,12.2,0.751,0.706
824760,2026-05-23,R,Minnesota Twins,Boston Red Sox,4,2,0,Taj Bradley,Jovani Morán,11.0,1.0,2.025,3.0,32.0,36.0,18.0,6.0,2.106382978723404,5.0,51.0,36.0,0,25.0,21.0,15.0,9.3,0.745,0.706
824920,2026-05-23,R,Washington Nationals,Atlanta Braves,2,0,0,Jake Irvin,Grant Holmes,6.0,6.0,2.9779411764705883,5.0,67.0,39.0,5.0,4.0,5.67,9.666666666666666,76.0,84.0,1,25.0,15.8,11.0,7.9,0.721,0.715
825080,2026-05-23,R,Colorado Rockies,Arizona Diamondbacks,4,5,1,Michael Lorenzen,Zac Gallen,5.0,6.0,2.7613636363636362,3.0,63.0,38.0,6.0,4.666666666666667,3.9705882352941178,2.3333333333333335,42.0,73.0,1,21.5,21.0,8.1,6.4,0.764,0.679
824516,2026-05-23,R,St. Louis Cardinals,Cincinnati Reds,6,7,1,Kyle Leahy,Chase Petty,19.0,5.666666666666667,6.6992481203007515,0.0,66.0,61.0,7.0,6.0,3.796875,0.0,45.0,49.0,0,17.5,22.0,20.0,7.7,0.723,0.692
822813,2026-05-24,R,Pittsburgh Pirates,Toronto Blue Jays,4,1,0,Mitch Keller,Dylan Cease,5.0,5.0,3.035502958579882,3.0,50.0,46.0,5.0,5.666666666666667,4.373239436619718,3.0,52.0,65.0,1,29.8,20.0,9.8,6.8,0.763,0.662
823220,2026-05-24,R,Chicago White Sox,San Francisco Giants,5,8,1,Noah Schultz,Robbie Ray,6.0,4.333333333333333,1.9285714285714286,4.333333333333333,64.0,65.0,6.0,5.333333333333333,5.6938775510204085,6.666666666666667,61.0,60.0,0,24.6,,9.7,,0.631,0.699
823297,2026-05-24,R,Athletics,San Diego Padres,5,2,0,Luis Medina,Michael King,6.0,7.0,1.966887417218543,4.0,42.0,35.0,,,2.6390977443609023,5.666666666666667,52.0,57.0,1,24.7,,8.4,,0.72,0.752
823459,2026-05-24,R,Cleveland Guardians,Philadelphia Phillies,3,1,0,Parker Messick,Andrew Painter,6.0,6.0,3.9375,3.0,48.0,32.0,5.0,5.0,2.3893805309734515,3.0,60.0,36.0,0,,23.0,,3.6,0.747,0.679
823544,2026-05-24,R,Tampa Bay Rays,New York Yankees,0,2,1,Drew Rasmussen,Ryan Weathers,6.0,5.333333333333333,4.32824427480916,0.0,40.0,49.0,7.0,5.333333333333333,5.244604316546763,0.0,69.0,44.0,0,22.3,21.7,7.2,6.3,0.783,0.667
823786,2026-05-24,R,Los Angeles Dodgers,Milwaukee Brewers,5,1,0,Yoshinobu Yamamoto,Brandon Sproat,6.0,4.666666666666667,3.2977099236641223,4.666666666666667,54.0,36.0,6.0,7.0,1.5365853658536586,4.0,68.0,40.0,1,20.2,29.4,8.3,8.6,0.737,0.77
823861,2026-05-24,R,New York Mets,Miami Marlins,0,4,1,Christian Scott,Tyler Phillips,259.0,2.6666666666666665,3.4,2.0,56.0,65.0,6.0,4.0,1.9392265193370166,1.0,68.0,58.0,1,16.6,,7.7,,0.729,0.777
824028,2026-05-24,R,Texas Rangers,Los Angeles Angels,1,2,1,MacKenzie Gore,Reid Detmers,5.0,5.666666666666667,5.478260869565218,4.0,44.0,78.0,6.0,1.0,3.5307692307692307,1.0,54.0,41.0,1,30.1,27.2,9.4,9.3,0.701,0.653
824108,2026-05-24,R,Seattle Mariners,Kansas City Royals,6,8,1,Bryan Woo,Seth Lugo,6.0,6.0,3.762295081967213,0.0,33.0,49.0,6.0,6.0,2.0082644628099175,2.0,46.0,41.0,0,20.5,27.1,9.0,4.9,0.721,0.747
824676,2026-05-24,R,Houston Astros,Chicago Cubs,8,5,0,Peter Lambert,Shota Imanaga,6.0,4.333333333333333,2.7794117647058822,2.0,33.0,60.0,7.0,6.0,3.477272727272727,3.0,29.0,51.0,0,20.6,,4.6,,0.751,0.74
824759,2026-05-24,R,Minnesota Twins,Boston Red Sox,6,5,0,Bailey Ober,Sonny Gray,6.0,6.0,1.6875,8.0,34.0,40.0,7.0,5.0,2.347826086956522,4.0,53.0,37.0,0,26.7,19.2,5.0,5.0,0.745,0.708
824839,2026-05-24,R,Detroit Tigers,Baltimore Orioles,3,5,1,Framber Valdez,Brandon Young,7.0,3.6666666666666665,5.478260869565218,0.0,43.0,57.0,6.0,5.0,3.8333333333333335,0.0,31.0,58.0,1,18.4,23.3,8.6,8.5,0.661,0.712
824921,2026-05-24,R,Washington Nationals,Atlanta Braves,2,1,0,Foster Griffin,Martín Pérez,5.0,5.0,2.5251798561151078,4.0,60.0,39.0,5.0,5.0,4.871134020618556,4.0,71.0,76.0,1,19.3,,9.6,,0.716,0.639
825081,2026-05-24,R,Colorado Rockies,Arizona Diamondbacks,1,9,1,Jose Quintana,Ryne Nelson,5.0,7.0,2.903225806451613,3.6666666666666665,66.0,41.0,6.0,5.666666666666667,3.652941176470588,3.0,43.0,69.0,1,21.3,16.0,6.6,9.0,0.742,0.679
824840,2026-05-24,R,Detroit Tigers,Baltimore Orioles,4,1,0,Troy Melton,Trevor Rogers,6.0,3.6666666666666665,5.4,0.0,48.0,60.0,232.0,4.0,4.288235294117647,0.0,34.0,63.0,1,24.3,20.0,6.9,8.3,0.713,0.774
822812,2026-05-25,R,Miami Marlins,Toronto Blue Jays,8,2,0,Janson Junk,Trey Yesavage,5.0,6.0,2.4695121951219514,4.333333333333333,50.0,44.0,5.0,5.0,3.232394366197183,5.333333333333333,55.0,63.0,0,25.8,17.2,11.3,2.9,0.763,0.729
822899,2026-05-25,R,Houston Astros,Texas Rangers,9,0,0,Tatsuya Imai,Kumar Rocker,12.0,5.0,3.477272727272727,2.6666666666666665,52.0,43.0,7.0,4.666666666666667,3.558139534883721,4.0,37.0,51.0,0,19.5,,8.0,,0.695,0.706
823219,2026-05-25,R,Arizona Diamondbacks,San Francisco Giants,6,2,0,Merrill Kelly,Landen Roupp,6.0,6.0,1.9852941176470589,5.0,65.0,64.0,5.0,6.0,2.872340425531915,1.0,70.0,41.0,0,21.4,22.3,9.5,6.4,0.722,0.764
823296,2026-05-25,R,Philadelphia Phillies,San Diego Padres,3,0,0,Jesús Luzardo,Griffin Canning,6.0,5.0,2.0903225806451613,5.333333333333333,41.0,38.0,6.0,6.0,4.13265306122449,2.6666666666666665,43.0,35.0,0,21.4,28.5,10.4,7.5,0.691,0.764
823380,2026-05-25,R,Chicago Cubs,Pittsburgh Pirates,1,2,1,Ben Brown,Carmen Mlodzinski,5.0,5.0,4.090909090909091,3.0,50.0,59.0,6.0,5.0,2.562043795620438,3.0,38.0,65.0,0,21.2,25.6,6.4,6.8,0.662,0.751
823625,2026-05-25,R,Cincinnati Reds,New York Mets,7,2,0,Nick Lodolo,Nolan McLean,6.0,5.666666666666667,2.732142857142857,2.6666666666666665,67.0,57.0,7.0,5.666666666666667,7.105263157894737,0.0,65.0,66.0,0,30.3,24.3,8.5,4.8,0.696,0.723
823784,2026-05-25,R,St. Louis Cardinals,Milwaukee Brewers,1,5,1,Matthew Liberatore,Jacob Misiorowski,6.0,6.0,3.425373134328358,5.0,51.0,38.0,6.0,4.666666666666667,3.456,0.0,47.0,49.0,0,32.0,18.8,11.0,6.2,0.734,0.692
823948,2026-05-25,R,Colorado Rockies,Los Angeles Dodgers,3,5,1,Tanner Gordon,Emmet Sheehan,6.0,4.0,1.4765625,2.0,71.0,34.0,243.0,3.3333333333333335,3.729281767955801,6.666666666666667,44.0,72.0,0,30.6,18.4,7.6,5.0,0.77,0.679
824107,2026-05-25,R,New York Yankees,Kansas City Royals,4,3,0,Will Warren,Michael Wacha,5.0,6.0,3.991304347826087,2.6666666666666665,38.0,49.0,6.0,5.0,4.354838709677419,2.0,39.0,45.0,0,17.6,24.1,6.3,9.1,0.721,0.783
824437,2026-05-25,R,Washington Nationals,Cleveland Guardians,10,2,0,PJ Poulin,Tanner Bibee,5.0,8.0,2.6052631578947367,3.3333333333333335,59.0,32.0,22.0,2.0,4.545918367346939,3.0,71.0,72.0,0,21.3,24.5,7.1,11.8,0.647,0.715
824598,2026-05-25,R,Minnesota Twins,Chicago White Sox,1,3,1,Zebby Matthews,Anthony Kay,6.0,5.333333333333333,5.94,4.0,64.0,67.0,6.0,6.0,1.9285714285714286,4.0,54.0,38.0,0,,24.9,,6.8,0.666,0.706
824838,2026-05-25,R,Tampa Bay Rays,Baltimore Orioles,7,9,1,Shane McClanahan,Kyle Bradish,6.0,5.333333333333333,5.641791044776119,6.666666666666667,47.0,63.0,7.0,5.0,5.931818181818182,1.0,65.0,45.0,0,37.3,,7.9,,0.661,0.735
825005,2026-05-25,R,Seattle Mariners,Athletics,9,2,0,Luis Castillo,Aaron Civale,5.0,5.0,2.7364864864864864,7.666666666666667,56.0,57.0,11.0,5.666666666666667,2.376,3.3333333333333335,51.0,47.0,0,20.2,21.7,7.6,6.2,0.752,0.747
822811,2026-05-26,R,Miami Marlins,Toronto Blue Jays,1,8,1,Sandy Alcantara,Braydon Fisher,5.0,1.3333333333333333,2.9050632911392404,2.3333333333333335,47.0,44.0,5.0,6.0,3.155844155844156,4.0,63.0,65.0,0,30.7,19.1,9.4,7.7,0.763,0.729
822898,2026-05-26,R,Houston Astros,Texas Rangers,7,10,1,Jason Alexander,Jack Leiter,6.0,5.0,4.32,4.0,52.0,51.0,7.0,6.0,3.477272727272727,3.0,45.0,48.0,0,22.9,19.3,10.4,7.7,0.695,0.706
823216,2026-05-26,R,Arizona Diamondbacks,San Francisco Giants,7,5,0,Eduardo Rodriguez,Tyler Mahle,6.0,5.0,2.3649635036496353,4.0,58.0,67.0,5.0,7.0,2.9347826086956523,2.0,75.0,43.0,0,19.1,20.6,8.4,8.6,0.631,0.764
823294,2026-05-26,R,Philadelphia Phillies,San Diego Padres,4,3,0,Aaron Nola,Randy Vásquez,6.0,4.333333333333333,2.0,2.3333333333333335,41.0,41.0,6.0,5.0,3.7850467289719627,3.0,46.0,35.0,0,13.7,24.0,9.1,6.9,0.72,0.764
823379,2026-05-26,R,Chicago Cubs,Pittsburgh Pirates,1,12,1,Jordan Wicks,Braxton Ashcraft,5.0,7.0,3.75,4.0,52.0,60.0,,,2.6433566433566433,2.0,39.0,67.0,1,24.3,19.4,8.2,1.5,0.635,0.751
823624,2026-05-26,R,Cincinnati Reds,New York Mets,7,2,0,Chase Burns,David Peterson,5.0,5.0,2.481081081081081,5.666666666666667,69.0,64.0,7.0,6.0,6.845070422535211,3.0,72.0,68.0,0,20.7,35.6,9.0,8.5,0.777,0.653
823785,2026-05-26,R,St. Louis Cardinals,Milwaukee Brewers,0,6,1,Michael McGreevy,Kyle Harrison,6.0,7.0,3.2785714285714285,2.0,56.0,39.0,6.0,5.0,3.626865671641791,3.0,48.0,54.0,1,24.4,14.5,9.0,5.0,0.737,0.695
823949,2026-05-26,R,Colorado Rockies,Los Angeles Dodgers,6,15,1,Kyle Freeland,Eric Lauer,22.0,4.333333333333333,0.432,3.0,73.0,28.0,6.0,4.666666666666667,4.121052631578947,3.0,47.0,77.0,1,23.9,17.5,6.1,5.4,0.765,0.679
824106,2026-05-26,R,New York Yankees,Kansas City Royals,15,1,0,Cam Schlittler,Bailey Falter,7.0,2.0,4.239669421487603,2.0,41.0,53.0,6.0,6.0,4.21875,3.0,41.0,45.0,0,15.6,27.6,8.9,10.2,0.721,0.797
824275,2026-05-26,R,Los Angeles Angels,Detroit Tigers,10,6,0,Jack Kochanowicz,Keider Montero,7.0,5.0,4.180645161290323,0.0,32.0,61.0,6.0,6.0,5.262711864406779,0.0,38.0,71.0,0,18.5,14.1,8.0,11.3,0.712,0.693
824434,2026-05-26,R,Washington Nationals,Cleveland Guardians,6,3,0,Cade Cavalli,Joey Cantillo,5.0,5.666666666666667,2.1951219512195124,6.0,54.0,40.0,5.0,7.0,4.2304147465437785,7.0,81.0,74.0,0,26.9,18.3,10.5,6.8,0.679,0.639
824597,2026-05-26,R,Minnesota Twins,Chicago White Sox,5,3,0,Joe Ryan,Sean Burke,6.0,4.666666666666667,5.60377358490566,3.0,67.0,68.0,6.0,6.0,1.8409090909090908,2.0,55.0,41.0,1,22.3,28.2,10.6,5.7,0.666,0.708
824758,2026-05-26,R,Atlanta Braves,Boston Red Sox,7,6,0,Spencer Strider,Ranger Suarez,7.0,4.333333333333333,2.020408163265306,0.0,38.0,42.0,5.0,6.333333333333333,2.3309352517985613,0.0,54.0,39.0,0,23.2,24.3,5.8,9.5,0.745,0.716
824837,2026-05-26,R,Tampa Bay Rays,Baltimore Orioles,1,6,1,Griffin Jax,Shane Baz,6.0,6.0,5.8125,7.0,53.0,68.0,7.0,5.0,5.8125,7.0,64.0,49.0,1,24.8,35.0,9.0,7.4,0.713,0.735
825004,2026-05-26,R,Seattle Mariners,Athletics,4,1,0,Emerson Hancock,Gage Jump,,,2.815950920245399,5.0,58.0,66.0,6.0,5.0,2.7421875,5.0,57.0,48.0,0,,16.6,,8.1,0.752,0.727
822809,2026-05-27,R,Miami Marlins,Toronto Blue Jays,1,2,1,Eury Pérez,Kevin Gausman,5.0,6.666666666666667,2.4545454545454546,8.0,49.0,38.0,5.0,6.333333333333333,3.1354838709677417,2.3333333333333335,64.0,70.0,0,24.4,27.3,6.5,8.3,0.763,0.729
822897,2026-05-27,R,Houston Astros,Texas Rangers,4,3,0,Mike Burrows,Jacob deGrom,5.0,3.0,4.122137404580153,3.0,55.0,54.0,7.0,6.0,3.073170731707317,2.0,50.0,48.0,0,27.7,24.1,5.5,7.7,0.695,0.706
823217,2026-05-27,R,Arizona Diamondbacks,San Francisco Giants,3,2,0,Michael Soroka,Trevor McDonald,5.0,3.6666666666666665,2.9136690647482015,4.0,57.0,72.0,5.0,6.0,3.857142857142857,3.0,78.0,41.0,0,23.3,25.1,3.3,7.7,0.722,0.764
823295,2026-05-27,R,Philadelphia Phillies,San Diego Padres,3,0,0,Cristopher Sánchez,Walker Buehler,5.0,5.0,1.0728476821192052,3.3333333333333335,40.0,39.0,5.0,8.0,3.891891891891892,3.0,48.0,37.0,0,16.3,26.3,10.6,5.5,0.691,0.764
823376,2026-05-27,R,Chicago Cubs,Pittsburgh Pirates,10,4,0,Jameson Taillon,Bubba Chandler,5.0,5.0,3.442953020134228,2.6666666666666665,61.0,60.0,5.0,4.666666666666667,3.2097902097902096,3.6666666666666665,38.0,74.0,1,25.0,18.9,3.2,5.2,0.662,0.751
823626,2026-05-27,R,Cincinnati Reds,New York Mets,2,4,1,Andrew Abbott,Huascar Brazobán,11.0,1.3333333333333333,2.5851063829787235,4.0,61.0,69.0,7.0,5.333333333333333,5.7153284671532845,3.6666666666666665,75.0,60.0,0,21.8,21.8,10.3,6.3,0.696,0.723
823783,2026-05-27,R,St. Louis Cardinals,Milwaukee Brewers,1,2,1,Dustin May,Chad Patrick,23.0,3.3333333333333335,3.130434782608696,3.0,56.0,35.0,6.0,5.333333333333333,3.626865671641791,4.0,42.0,56.0,1,25.2,21.1,8.0,9.6,0.737,0.692
823947,2026-05-27,R,Colorado Rockies,Los Angeles Dodgers,1,4,1,Tomoyuki Sugano,Shohei Ohtani,7.0,5.0,1.2857142857142858,3.0,86.0,28.0,5.0,6.666666666666667,4.896373056994818,4.0,52.0,89.0,1,33.2,15.7,4.3,5.3,0.77,0.679
824104,2026-05-27,R,New York Yankees,Kansas City Royals,7,0,0,Gerrit Cole,Noah Cameron,5.0,6.0,5.358778625954199,6.666666666666667,37.0,62.0,5.0,6.0,4.251968503937008,3.0,50.0,44.0,0,20.5,,7.7,,0.721,0.797
824270,2026-05-27,R,Los Angeles Angels,Detroit Tigers,0,4,1,José Soriano,Casey Mize,6.0,6.666666666666667,4.618421052631579,3.3333333333333335,36.0,61.0,6.0,6.666666666666667,5.225806451612903,5.0,46.0,74.0,0,22.2,21.0,5.7,10.8,0.712,0.693
824432,2026-05-27,R,Washington Nationals,Cleveland Guardians,2,3,1,PJ Poulin,Gavin Williams,5.0,8.0,2.0930232558139537,7.0,54.0,44.0,2.0,2.0,4.392344497607655,3.0,77.0,73.0,0,24.6,24.5,11.8,11.8,0.647,0.715
824596,2026-05-27,R,Minnesota Twins,Chicago White Sox,2,15,1,Connor Prielipp,David Sandlin,,,5.433962264150943,4.0,64.0,68.0,5.0,4.0,1.7112676056338028,3.3333333333333335,57.0,44.0,1,,,,,0.699,0.708
824756,2026-05-27,R,Atlanta Braves,Boston Red Sox,0,8,1,Bryce Elder,Connelly Early,7.0,6.333333333333333,2.4,4.0,43.0,47.0,5.0,6.0,2.9779411764705883,4.0,56.0,43.0,0,36.7,19.3,5.1,7.5,0.745,0.716
824836,2026-05-27,R,Tampa Bay Rays,Baltimore Orioles,2,11,1,Steven Matz,Trey Gibson,24.0,4.666666666666667,6.2,2.0,57.0,63.0,7.0,4.0,4.775510204081633,6.0,58.0,49.0,1,,19.1,,3.6,0.661,0.735
825003,2026-05-27,R,Seattle Mariners,Athletics,9,1,0,Logan Gilbert,Jeffrey Springs,5.0,6.333333333333333,2.4846625766871164,4.0,55.0,64.0,5.0,5.666666666666667,2.953125,3.0,51.0,47.0,0,19.4,32.3,7.6,5.8,0.752,0.727
822896,2026-05-28,R,Houston Astros,Texas Rangers,5,1,0,Spencer Arrighetti,Nathan Eovaldi,5.0,7.0,3.375,3.0,52.0,53.0,6.0,5.0,3.2869565217391306,2.0,50.0,48.0,0,26.0,19.9,4.2,12.8,0.695,0.706
823378,2026-05-28,R,Chicago Cubs,Pittsburgh Pirates,7,2,0,Colin Rea,Paul Skenes,5.0,5.0,4.112582781456954,4.0,61.0,60.0,5.0,7.0,2.664473684210526,4.0,47.0,74.0,1,29.5,19.2,5.7,6.6,0.662,0.751
824272,2026-05-28,R,Los Angeles Angels,Detroit Tigers,7,1,0,Grayson Rodriguez,Jack Flaherty,6.0,3.3333333333333335,4.415094339622642,5.0,38.0,58.0,6.0,5.666666666666667,5.142857142857143,3.0,44.0,74.0,0,27.6,,8.7,,0.712,0.693
824595,2026-05-28,R,Minnesota Twins,Chicago White Sox,2,6,1,Simeon Woods Richardson,Davis Martin,6.0,5.666666666666667,5.435064935064935,3.0,73.0,65.0,15.0,3.0,3.4,3.6666666666666665,54.0,50.0,1,17.3,22.7,8.0,9.8,0.666,0.708
824757,2026-05-28,R,Atlanta Braves,Boston Red Sox,10,2,0,Chris Sale,Payton Tolle,6.0,6.0,2.4545454545454546,2.0,48.0,46.0,8.0,7.0,3.375,4.666666666666667,52.0,50.0,0,25.7,32.4,10.8,6.3,0.743,0.716
824834,2026-05-28,R,Toronto Blue Jays,Baltimore Orioles,2,1,0,Patrick Corbin,Chris Bassitt,12.0,5.0,6.352941176470588,3.3333333333333335,61.0,65.0,5.0,6.0,2.25,4.0,46.0,36.0,0,22.6,19.8,7.1,7.7,0.661,0.763
822732,2026-05-29,R,San Diego Padres,Washington Nationals,7,5,0,Lucas Giolito,Paxton Schultz,357.0,2.0,4.2272727272727275,0.0,70.0,54.0,6.0,5.0,1.218045112781955,0.0,36.0,34.0,0,25.5,19.7,7.3,9.1,0.715,0.72
822894,2026-05-29,R,Kansas City Royals,Texas Rangers,1,9,1,Stephen Kolek,MacKenzie Gore,5.0,6.0,3.2238805970149254,2.0,53.0,58.0,6.0,9.0,6.418032786885246,0.0,30.0,57.0,0,27.2,16.7,9.3,6.7,0.695,0.659
822978,2026-05-29,R,Los Angeles Angels,Tampa Bay Rays,5,8,1,Walbert Ureña,Nick Martinez,7.0,6.0,4.89261744966443,0.0,57.0,55.0,6.0,5.0,4.695652173913044,4.0,51.0,75.0,0,17.0,,6.1,,0.735,0.693
823055,2026-05-29,R,Chicago Cubs,St. Louis Cardinals,5,6,1,Shota Imanaga,Andre Pallante,6.0,6.0,2.9495798319327733,0.0,36.0,48.0,5.0,6.0,2.7364864864864864,3.6666666666666665,52.0,76.0,0,15.5,20.6,8.7,4.6,0.695,0.751
823135,2026-05-29,R,Arizona Diamondbacks,Seattle Mariners,6,7,1,Zac Gallen,George Kirby,6.0,6.0,3.4913793103448274,0.0,49.0,41.0,6.0,5.333333333333333,2.8421052631578947,0.0,76.0,37.0,0,26.1,21.5,5.5,8.1,0.747,0.764
823377,2026-05-29,R,Minnesota Twins,Pittsburgh Pirates,5,6,1,Taj Bradley,Jared Jones,,,4.695652173913044,3.6666666666666665,56.0,65.0,6.0,5.0,2.9793103448275864,5.333333333333333,47.0,55.0,0,,21.0,,9.3,0.662,0.708
823623,2026-05-29,R,Miami Marlins,New York Mets,7,9,1,Max Meyer,Freddy Peralta,6.0,7.0,2.557894736842105,0.0,53.0,65.0,6.0,7.0,3.153284671532847,0.0,55.0,58.0,0,28.2,23.9,9.1,7.0,0.777,0.729
823946,2026-05-29,R,Philadelphia Phillies,Los Angeles Dodgers,2,4,1,Zack Wheeler,Justin Wrobleski,7.0,5.0,1.35,0.0,81.0,27.0,6.0,6.0,3.5454545454545454,0.0,47.0,33.0,0,27.1,33.3,6.1,5.6,0.77,0.747
824191,2026-05-29,R,Milwaukee Brewers,Houston Astros,5,4,0,Coleman Crow,Kai-Wei Teng,6.0,6.0,3.0789473684210527,3.0,52.0,41.0,14.0,5.0,2.6,0.0,50.0,32.0,0,28.1,,12.2,,0.706,0.737
824353,2026-05-29,R,San Francisco Giants,Colorado Rockies,6,8,1,Logan Webb,Michael Lorenzen,6.0,5.0,5.0119760479041915,0.0,41.0,82.0,24.0,4.0,2.9302325581395348,0.0,57.0,66.0,0,21.0,26.2,6.4,5.4,0.679,0.722
824433,2026-05-29,R,Boston Red Sox,Cleveland Guardians,3,4,1,Tyler Samaniego,Slade Cecconi,6.0,5.0,2.3203125,0.0,53.0,44.0,,,3.626865671641791,4.333333333333333,49.0,53.0,0,20.0,,5.9,,0.647,0.745
824515,2026-05-29,R,Atlanta Braves,Cincinnati Reds,8,3,0,Grant Holmes,Chris Paddack,6.0,5.0,6.2844827586206895,0.0,55.0,55.0,6.0,5.0,3.1079136690647484,4.0,62.0,50.0,0,16.7,25.0,5.5,11.0,0.723,0.721
824594,2026-05-29,R,Detroit Tigers,Chicago White Sox,3,4,1,Troy Melton,Brandon Eisert,331.0,1.0,5.6103896103896105,3.0,73.0,65.0,5.0,5.666666666666667,4.245283018867925,3.3333333333333335,35.0,56.0,0,24.2,20.0,8.2,8.3,0.666,0.774
824835,2026-05-29,R,Toronto Blue Jays,Baltimore Orioles,6,5,0,Adam Macko,Trevor Rogers,5.0,4.666666666666667,6.144827586206897,3.0,62.0,67.0,,,2.1,4.0,48.0,37.0,0,24.3,,6.9,,0.661,0.755
825002,2026-05-29,R,New York Yankees,Athletics,8,2,0,Carlos Rodón,Luis Severino,8.0,7.0,2.8051948051948052,0.0,46.0,66.0,8.0,5.0,3.630252100840336,0.0,57.0,37.0,0,17.6,25.7,7.1,9.3,0.74,0.783
822731,2026-05-30,R,San Diego Padres,Washington Nationals,4,9,1,Michael King,Foster Griffin,6.0,6.0,4.242857142857143,8.0,72.0,59.0,6.0,3.6666666666666665,1.3216783216783217,6.333333333333333,41.0,39.0,0,,24.7,,8.4,0.715,0.691
822893,2026-05-30,R,Kansas City Royals,Texas Rangers,6,7,1,Seth Lugo,Kumar Rocker,5.0,5.0,3.1079136690647484,2.6666666666666665,62.0,57.0,6.0,6.333333333333333,7.384615384615385,3.0,27.0,61.0,1,19.5,20.5,8.0,9.0,0.695,0.721
822975,2026-05-30,R,Los Angeles Angels,Tampa Bay Rays,14,3,0,Reid Detmers,Drew Rasmussen,6.0,7.0,5.843283582089552,2.0,58.0,58.0,6.0,8.0,6.2,2.0,56.0,77.0,1,21.7,30.1,6.3,9.4,0.667,0.693
823054,2026-05-30,R,Chicago Cubs,St. Louis Cardinals,6,1,0,Ben Brown,Kyle Leahy,7.0,5.0,3.098360655737705,6.0,37.0,49.0,5.0,6.0,2.6433566433566433,2.6666666666666665,47.0,77.0,1,22.0,25.6,7.7,6.8,0.692,0.751
823132,2026-05-30,R,Arizona Diamondbacks,Seattle Mariners,1,5,1,Ryne Nelson,Bryan Woo,6.0,4.666666666666667,3.5702479338842976,4.666666666666667,56.0,45.0,6.0,8.0,2.75,4.333333333333333,73.0,43.0,1,27.1,21.3,4.9,6.6,0.747,0.764
823375,2026-05-30,R,Minnesota Twins,Pittsburgh Pirates,9,10,1,Bailey Ober,Mitch Keller,6.0,6.0,3.612676056338028,4.666666666666667,53.0,59.0,6.0,5.0,3.0805369127516777,4.333333333333333,50.0,58.0,1,20.0,19.2,6.8,5.0,0.662,0.708
823622,2026-05-30,R,Miami Marlins,New York Mets,1,6,1,Tyler Phillips,Christian Scott,6.0,5.666666666666667,2.8125,5.333333333333333,60.0,67.0,6.0,3.6666666666666665,3.4714285714285715,3.3333333333333335,60.0,60.0,1,,16.6,,7.7,0.777,0.729
823945,2026-05-30,R,Philadelphia Phillies,Los Angeles Dodgers,4,3,0,Jesús Luzardo,Roki Sasaki,7.0,5.0,1.8,2.0,79.0,29.0,5.0,6.0,3.7674418604651163,2.0,38.0,28.0,1,17.4,28.5,13.7,7.5,0.765,0.764
824190,2026-05-30,R,Milwaukee Brewers,Houston Astros,2,9,1,Brandon Sproat,Peter Lambert,6.0,5.0,3.0483870967741935,5.0,54.0,46.0,6.0,4.0,2.297872340425532,6.0,52.0,34.0,0,,20.2,,8.3,0.706,0.737
824352,2026-05-30,R,San Francisco Giants,Colorado Rockies,3,8,1,Adrian Houser,Ryan Feltner,37.0,2.0,5.173652694610778,5.333333333333333,48.0,79.0,7.0,4.666666666666667,4.2631578947368425,4.333333333333333,61.0,69.0,1,18.5,17.8,8.9,7.3,0.679,0.722
824431,2026-05-30,R,Boston Red Sox,Cleveland Guardians,9,1,0,Sonny Gray,Parker Messick,6.0,5.666666666666667,1.4,4.666666666666667,51.0,40.0,6.0,4.0,3.3986013986013988,7.0,50.0,54.0,1,23.0,26.7,3.6,5.0,0.679,0.743
824513,2026-05-30,R,Atlanta Braves,Cincinnati Reds,5,2,0,Martín Pérez,Brady Singer,13.0,4.0,6.051724137931035,4.0,51.0,57.0,6.0,5.666666666666667,2.9347826086956523,4.333333333333333,67.0,51.0,0,22.8,19.3,8.4,9.6,0.653,0.721
824593,2026-05-30,R,Detroit Tigers,Chicago White Sox,1,7,1,Framber Valdez,Anthony Kay,5.0,6.0,4.554216867469879,8.666666666666666,72.0,58.0,6.0,6.0,4.909090909090909,2.6666666666666665,35.0,58.0,1,,23.3,,8.5,0.699,0.774
824833,2026-05-30,R,Toronto Blue Jays,Baltimore Orioles,5,6,1,Trey Yesavage,Brandon Young,6.0,6.666666666666667,6.258278145695364,3.0,65.0,70.0,5.0,6.666666666666667,2.5051546391752577,7.333333333333333,52.0,39.0,0,18.4,25.8,8.6,11.3,0.713,0.763
825000,2026-05-30,R,New York Yankees,Athletics,4,6,1,Ryan Weathers,J.T. Ginn,7.0,2.3333333333333335,3.253012048192771,8.0,43.0,72.0,6.0,7.0,3.5702479338842976,3.0,60.0,37.0,0,25.3,22.3,7.9,7.2,0.74,0.783
822729,2026-05-31,R,San Diego Padres,Washington Nationals,2,4,1,Griffin Canning,Zack Littell,11.0,5.0,4.289719626168225,4.0,68.0,60.0,6.0,6.666666666666667,1.3795620437956204,2.0,38.0,44.0,0,17.1,21.4,4.2,10.4,0.715,0.72
822895,2026-05-31,R,Kansas City Royals,Texas Rangers,3,6,1,Michael Wacha,Jack Leiter,5.0,6.0,4.183098591549296,3.0,68.0,59.0,6.0,7.0,8.076923076923077,2.0,31.0,64.0,1,22.9,17.6,10.4,6.3,0.695,0.721
822976,2026-05-31,R,Los Angeles Angels,Tampa Bay Rays,2,5,1,Jack Kochanowicz,Shane McClanahan,6.0,5.333333333333333,5.7153284671532845,5.0,56.0,62.0,5.0,4.0,4.5661764705882355,4.0,68.0,65.0,1,,14.1,,11.3,0.735,0.701
823053,2026-05-31,R,Chicago Cubs,St. Louis Cardinals,1,5,1,Jordan Wicks,Matthew Liberatore,6.0,5.0,3.188976377952756,4.666666666666667,34.0,53.0,5.0,4.333333333333333,2.7,2.0,50.0,70.0,1,18.8,19.4,6.2,1.5,0.695,0.751
823133,2026-05-31,R,Arizona Diamondbacks,Seattle Mariners,2,3,1,Merrill Kelly,Bryce Miller,12.0,5.666666666666667,3.6,2.0,57.0,39.0,6.0,7.0,2.5,2.6666666666666665,72.0,44.0,1,18.9,22.3,8.7,6.4,0.747,0.764
823373,2026-05-31,R,Minnesota Twins,Pittsburgh Pirates,3,9,1,Zebby Matthews,Braxton Ashcraft,5.0,6.333333333333333,3.884892086330935,5.0,63.0,62.0,6.0,6.0,3.42,3.3333333333333335,58.0,66.0,1,24.3,24.9,8.2,6.8,0.662,0.708
823621,2026-05-31,R,Miami Marlins,New York Mets,1,10,1,John King,Nolan McLean,6.0,3.3333333333333335,2.685082872928177,4.0,60.0,65.0,,,3.7445255474452557,3.0,51.0,61.0,1,30.3,12.6,8.5,6.3,0.696,0.729
823944,2026-05-31,R,Philadelphia Phillies,Los Angeles Dodgers,1,9,1,Andrew Painter,Yoshinobu Yamamoto,7.0,7.0,2.5233644859813085,3.6666666666666665,67.0,31.0,7.0,6.333333333333333,3.618556701030928,3.6666666666666665,36.0,31.0,1,29.4,,8.6,,0.77,0.764
824187,2026-05-31,R,Milwaukee Brewers,Houston Astros,2,0,0,Jacob Misiorowski,Tatsuya Imai,6.0,6.0,2.8306451612903225,4.0,59.0,47.0,6.0,7.0,3.085714285714286,3.6666666666666665,52.0,42.0,0,,32.0,,11.0,0.706,0.737
824354,2026-05-31,R,San Francisco Giants,Colorado Rockies,19,6,0,Robbie Ray,Tanner Gordon,6.0,5.0,5.762195121951219,3.0,52.0,80.0,7.0,4.0,4.273381294964029,4.333333333333333,58.0,73.0,1,18.4,24.6,5.0,9.7,0.679,0.722
824430,2026-05-31,R,Boston Red Sox,Cleveland Guardians,9,4,0,Ranger Suarez,Tanner Bibee,6.0,3.0,2.2,4.0,45.0,45.0,5.0,5.0,3.261744966442953,3.0,56.0,53.0,1,21.3,23.2,7.1,5.8,0.647,0.745
824512,2026-05-31,R,Atlanta Braves,Cincinnati Reds,4,6,1,Spencer Strider,Nick Lodolo,6.0,6.0,5.445378151260504,4.0,49.0,55.0,5.0,5.0,2.7551020408163267,4.0,70.0,50.0,0,24.3,24.3,4.8,9.5,0.723,0.716
824592,2026-05-31,R,Detroit Tigers,Chicago White Sox,1,2,1,Keider Montero,Sean Burke,5.0,7.0,4.153846153846154,4.0,71.0,56.0,5.0,5.666666666666667,5.6,1.3333333333333333,35.0,63.0,1,22.3,18.5,10.6,8.0,0.666,0.712
824832,2026-05-31,R,Toronto Blue Jays,Baltimore Orioles,5,9,1,Spencer Miles,Kyle Bradish,6.0,6.0,5.073825503355705,2.3333333333333335,68.0,62.0,21.0,3.0,3.337078651685393,3.3333333333333335,55.0,44.0,0,37.3,,7.9,,0.713,0.763
825001,2026-05-31,R,New York Yankees,Athletics,13,8,0,Will Warren,Jacob Lopez,12.0,3.6666666666666665,3.5783132530120483,3.0,45.0,70.0,6.0,6.0,3.375,1.3333333333333333,61.0,37.0,0,28.3,24.1,9.3,9.1,0.752,0.797
822730,2026-06-01,R,Miami Marlins,Washington Nationals,7,3,0,Sandy Alcantara,Cade Cavalli,6.0,6.0,3.915,3.0,69.0,55.0,6.0,5.666666666666667,4.775510204081633,6.333333333333333,49.0,65.0,0,18.3,19.1,6.8,7.7,0.715,0.729
822974,2026-06-01,R,Detroit Tigers,Tampa Bay Rays,10,9,0,Ty Madden,Griffin Jax,6.0,2.0,5.673913043478261,4.0,55.0,61.0,,,6.136363636363637,2.0,35.0,61.0,0,35.0,,7.4,,0.735,0.712
823050,2026-06-01,R,Texas Rangers,St. Louis Cardinals,2,1,0,Jacob deGrom,Michael McGreevy,6.0,4.0,3.2977099236641223,3.6666666666666665,39.0,52.0,5.0,6.0,4.623287671232877,3.3333333333333335,66.0,62.0,0,14.5,27.7,5.0,5.5,0.692,0.695
823131,2026-06-01,R,New York Mets,Seattle Mariners,2,3,1,Austin Warren,Emerson Hancock,6.0,6.0,3.24,5.0,57.0,33.0,,,2.4269662921348316,4.0,63.0,60.0,0,16.6,26.5,8.1,11.8,0.747,0.777
823702,2026-06-01,R,Chicago White Sox,Minnesota Twins,6,9,1,David Sandlin,Joe Ryan,6.0,7.666666666666667,3.442953020134228,3.6666666666666665,56.0,71.0,5.0,6.0,4.0754716981132075,3.6666666666666665,64.0,49.0,0,28.2,,5.7,,0.708,0.666
823781,2026-06-01,R,San Francisco Giants,Milwaukee Brewers,2,16,1,Landen Roupp,Shane Drohan,54.0,2.6666666666666665,2.8208955223880596,2.0,50.0,37.0,7.0,5.0,4.468965517241379,5.0,67.0,78.0,0,,21.4,,9.5,0.737,0.631
824027,2026-06-01,R,Colorado Rockies,Los Angeles Angels,9,8,0,Kyle Freeland,José Soriano,5.0,5.0,3.9416058394160585,5.666666666666667,69.0,60.0,6.0,4.0,7.828402366863905,6.0,52.0,91.0,0,21.0,17.5,10.8,5.4,0.701,0.679
824510,2026-06-01,R,Kansas City Royals,Cincinnati Reds,9,2,0,Luinder Avila,Lyon Richardson,,,4.7368421052631575,2.3333333333333335,52.0,49.0,58.0,3.0,8.008474576271187,3.0,32.0,70.0,0,17.4,28.6,12.2,10.7,0.723,0.721
825078,2026-06-01,R,Los Angeles Dodgers,Arizona Diamondbacks,1,4,1,Emmet Sheehan,Eduardo Rodriguez,6.0,6.0,1.9636363636363636,4.0,66.0,41.0,7.0,6.0,2.6517857142857144,3.6666666666666665,66.0,31.0,0,20.6,30.6,8.6,7.6,0.764,0.765
822728,2026-06-02,R,Miami Marlins,Washington Nationals,7,3,0,Lake Bachar,Richard Lovelady,11.0,1.0,3.3031914893617023,4.0,65.0,46.0,274.0,2.0,4.875,2.0,44.0,68.0,0,21.1,25.3,10.5,10.1,0.715,0.656
822971,2026-06-02,R,Detroit Tigers,Tampa Bay Rays,8,0,0,Jack Flaherty,Steven Matz,6.0,3.0,5.9361702127659575,5.0,48.0,65.0,5.0,5.666666666666667,6.5036496350364965,5.666666666666667,43.0,62.0,0,19.1,27.6,3.6,8.7,0.735,0.774
823052,2026-06-02,R,Texas Rangers,St. Louis Cardinals,7,4,0,Nathan Eovaldi,Dustin May,6.0,7.0,3.085714285714286,3.0,40.0,54.0,5.0,7.0,4.532846715328467,4.0,62.0,56.0,0,21.1,26.0,9.6,4.2,0.692,0.695
823129,2026-06-02,R,New York Mets,Seattle Mariners,3,8,1,Huascar Brazobán,Logan Gilbert,6.0,6.0,2.953125,4.0,54.0,34.0,6.0,1.0,2.4134078212290504,8.333333333333334,49.0,56.0,1,32.3,21.8,5.8,10.3,0.747,0.777
823460,2026-06-02,R,San Diego Padres,Philadelphia Phillies,2,3,1,Randy Vásquez,Aaron Nola,7.0,6.0,4.5,0.0,26.0,36.0,7.0,5.666666666666667,1.6875,0.0,31.0,45.0,0,24.0,13.7,6.9,9.1,0.764,0.72
823541,2026-06-02,R,Cleveland Guardians,New York Yankees,9,4,0,Joey Cantillo,Cam Schlittler,7.0,6.0,3.694736842105263,0.0,61.0,32.0,7.0,2.0,3.3230769230769233,0.0,31.0,49.0,0,27.6,26.9,10.2,10.5,0.797,0.679
823700,2026-06-02,R,Chicago White Sox,Minnesota Twins,4,6,1,Davis Martin,Connor Prielipp,6.0,4.333333333333333,3.3986013986013988,3.0,59.0,74.0,5.0,6.0,3.644171779141104,4.0,69.0,52.0,1,,17.3,,8.0,0.708,0.699
823782,2026-06-02,R,San Francisco Giants,Milwaukee Brewers,3,8,1,Trevor McDonald,Kyle Harrison,7.0,6.0,2.7794117647058822,5.0,57.0,36.0,6.0,6.333333333333333,5.732876712328767,4.0,67.0,82.0,1,24.4,23.3,9.0,3.3,0.737,0.631
824026,2026-06-02,R,Colorado Rockies,Los Angeles Angels,8,2,0,Tomoyuki Sugano,Grayson Rodriguez,5.0,5.0,4.787234042553192,4.333333333333333,75.0,68.0,6.0,4.666666666666667,7.668639053254438,3.3333333333333335,54.0,93.0,0,,15.7,,5.3,0.693,0.679
824189,2026-06-02,R,Pittsburgh Pirates,Houston Astros,10,6,0,Bubba Chandler,Mike Burrows,6.0,7.0,1.6578947368421053,0.0,56.0,35.0,6.0,5.0,3.9705882352941178,0.0,72.0,59.0,0,24.1,25.0,7.7,3.2,0.706,0.662
824511,2026-06-02,R,Kansas City Royals,Cincinnati Reds,3,4,1,Noah Cameron,Andrew Abbott,6.0,6.0,4.740458015267175,8.0,50.0,53.0,6.0,5.0,7.809917355371901,4.0,40.0,69.0,0,21.8,20.5,6.3,7.7,0.653,0.659
824675,2026-06-02,R,Athletics,Chicago Cubs,2,1,0,Gage Jump,Jameson Taillon,6.0,5.0,2.2846153846153845,0.0,40.0,57.0,7.0,5.0,3.943820224719101,0.0,51.0,71.0,0,18.9,,5.2,,0.751,0.752
824754,2026-06-02,R,Baltimore Orioles,Boston Red Sox,4,2,0,Shane Baz,Connelly Early,6.0,7.0,3.2097902097902096,0.0,61.0,48.0,7.0,7.0,4.928571428571429,0.0,64.0,48.0,0,36.7,24.8,5.1,9.0,0.745,0.661
824918,2026-06-02,R,Toronto Blue Jays,Atlanta Braves,3,4,1,Kevin Gausman,Bryce Elder,6.0,3.3333333333333335,2.0,0.0,66.0,43.0,6.0,5.0,3.13953488372093,0.0,50.0,45.0,0,19.3,24.4,7.5,6.5,0.721,0.763
825079,2026-06-02,R,Los Angeles Dodgers,Arizona Diamondbacks,6,5,0,Eric Lauer,Michael Soroka,6.0,6.0,1.9636363636363636,3.0,58.0,40.0,7.0,6.0,3.0789473684210527,1.6666666666666667,67.0,34.0,1,25.1,23.9,7.7,6.1,0.742,0.77
822727,2026-06-03,R,Miami Marlins,Washington Nationals,4,1,0,Max Meyer,Andrew Alvarez,252.0,4.333333333333333,3.9746192893401013,7.0,59.0,47.0,5.0,6.0,4.2827586206896555,6.333333333333333,47.0,63.0,0,20.4,23.9,10.2,7.0,0.715,0.656
822973,2026-06-03,R,Detroit Tigers,Tampa Bay Rays,7,2,0,Troy Melton,Nick Martinez,5.0,7.0,6.079470198675497,7.333333333333333,44.0,72.0,5.0,7.0,6.306569343065694,4.0,48.0,58.0,0,17.0,20.0,6.1,8.3,0.735,0.712
823051,2026-06-03,R,Texas Rangers,St. Louis Cardinals,3,5,1,MacKenzie Gore,Andre Pallante,5.0,3.0,3.626865671641791,3.3333333333333335,35.0,55.0,5.0,6.333333333333333,5.090163934426229,3.0,59.0,60.0,0,15.5,27.2,8.7,9.3,0.695,0.695
823130,2026-06-03,R,New York Mets,Seattle Mariners,7,1,0,Freddy Peralta,George Kirby,5.0,5.333333333333333,2.511627906976744,3.6666666666666665,61.0,35.0,5.0,4.666666666666667,2.968586387434555,6.333333333333333,46.0,55.0,1,26.1,28.2,5.5,9.1,0.747,0.777
823456,2026-06-03,R,San Diego Padres,Philadelphia Phillies,2,3,1,Walker Buehler,Cristopher Sánchez,7.0,7.0,3.8181818181818183,4.0,28.0,34.0,7.0,5.333333333333333,1.728,3.0,29.0,43.0,1,26.3,16.3,5.5,10.6,0.764,0.691
823540,2026-06-03,R,Cleveland Guardians,New York Yankees,5,4,0,Gavin Williams,Gerrit Cole,7.0,6.666666666666667,4.453608247422681,4.666666666666667,60.0,37.0,7.0,7.0,3.2481203007518795,5.0,36.0,50.0,0,,24.6,,11.8,0.783,0.679
823701,2026-06-03,R,Chicago White Sox,Minnesota Twins,8,0,0,Erick Fedde,Taj Bradley,5.0,4.0,3.3986013986013988,3.0,64.0,76.0,17.0,3.0,3.6666666666666665,3.3333333333333335,71.0,57.0,1,21.0,13.3,9.3,10.8,0.708,0.666
823780,2026-06-03,R,San Francisco Giants,Milwaukee Brewers,1,0,0,Logan Webb,Robert Gasser,11.0,4.333333333333333,2.9562043795620436,3.3333333333333335,60.0,37.0,5.0,4.333333333333333,6.061224489795919,3.0,67.0,85.0,1,17.2,26.2,13.8,5.4,0.737,0.631
824024,2026-06-03,R,Colorado Rockies,Los Angeles Angels,4,11,1,Michael Lorenzen,Walbert Ureña,5.0,6.0,3.489795918367347,5.333333333333333,71.0,62.0,5.0,3.6666666666666665,6.923076923076923,4.0,62.0,85.0,0,,21.0,,6.4,0.693,0.679
824188,2026-06-03,R,Pittsburgh Pirates,Houston Astros,9,11,1,Paul Skenes,Spencer Arrighetti,6.0,6.0,2.5384615384615383,4.0,60.0,44.0,6.0,5.333333333333333,3.5217391304347827,4.0,76.0,56.0,0,19.9,29.5,12.8,5.7,0.706,0.662
824509,2026-06-03,R,Kansas City Royals,Cincinnati Reds,5,2,0,Stephen Kolek,Chase Burns,8.0,5.333333333333333,4.634328358208955,4.0,50.0,55.0,5.0,5.0,8.074766355140186,2.3333333333333335,42.0,66.0,0,35.6,16.7,8.5,6.7,0.723,0.721
824671,2026-06-03,R,Athletics,Chicago Cubs,5,4,0,Jeffrey Springs,Colin Rea,6.0,5.333333333333333,1.9285714285714286,2.6666666666666665,39.0,54.0,7.0,5.0,3.857142857142857,2.0,39.0,66.0,0,19.2,19.4,6.6,7.6,0.751,0.752
824755,2026-06-03,R,Baltimore Orioles,Boston Red Sox,1,8,1,Chris Bassitt,Payton Tolle,6.0,4.666666666666667,3.2785714285714285,3.6666666666666665,56.0,51.0,6.0,6.0,4.57258064516129,2.0,67.0,46.0,0,25.7,22.6,10.8,7.1,0.745,0.661
824917,2026-06-03,R,Toronto Blue Jays,Atlanta Braves,3,7,1,Patrick Corbin,Grant Holmes,5.0,4.666666666666667,2.076923076923077,2.3333333333333335,62.0,42.0,6.0,5.0,3.195266272189349,2.0,49.0,44.0,1,25.0,19.8,11.0,7.7,0.716,0.763
825077,2026-06-03,R,Los Angeles Dodgers,Arizona Diamondbacks,7,0,0,Shohei Ohtani,Zac Gallen,5.0,5.0,2.3893805309734515,3.0,58.0,43.0,7.0,6.0,3.857142857142857,4.333333333333333,68.0,35.0,1,21.5,33.2,8.1,4.3,0.764,0.77
823457,2026-06-04,R,San Diego Padres,Philadelphia Phillies,4,6,1,Lucas Giolito,Zack Wheeler,6.0,6.0,2.903225806451613,2.0,27.0,27.0,6.0,2.6666666666666665,2.076923076923077,2.0,31.0,42.0,1,33.3,19.7,5.6,9.1,0.764,0.72
823542,2026-06-04,R,Cleveland Guardians,New York Yankees,1,2,1,Slade Cecconi,Carlos Rodón,6.0,6.0,4.636363636363637,3.6666666666666665,63.0,40.0,6.0,4.333333333333333,3.3260869565217392,3.6666666666666665,38.0,52.0,0,25.7,20.0,9.3,5.9,0.783,0.647
823698,2026-06-04,R,Kansas City Royals,Minnesota Twins,8,6,0,Seth Lugo,Andrew Morris,25.0,1.0,3.857142857142857,4.333333333333333,60.0,83.0,5.0,6.0,7.788461538461538,2.0,44.0,64.0,0,,20.5,,9.0,0.708,0.721
823779,2026-06-04,R,San Francisco Giants,Milwaukee Brewers,12,9,0,Adrian Houser,Coleman Crow,6.0,4.0,2.832167832167832,4.0,55.0,38.0,5.0,3.6666666666666665,6.1875,2.0,65.0,79.0,1,,17.8,,7.3,0.737,0.722
824185,2026-06-04,R,Pittsburgh Pirates,Houston Astros,5,1,0,Jared Jones,Kai-Wei Teng,6.0,5.0,3.4285714285714284,5.0,70.0,49.0,6.0,4.333333333333333,5.161764705882353,3.3333333333333335,78.0,67.0,0,28.1,,12.2,,0.706,0.662
824672,2026-06-04,R,Athletics,Chicago Cubs,6,7,1,J.T. Ginn,Shota Imanaga,6.0,5.333333333333333,2.2131147540983607,4.666666666666667,43.0,54.0,5.0,6.0,3.7674418604651163,6.333333333333333,38.0,65.0,0,20.6,25.3,4.6,7.9,0.751,0.74
824753,2026-06-04,R,Baltimore Orioles,Boston Red Sox,8,2,0,Trevor Rogers,Brayan Bello,18.0,5.0,3.4468085106382977,3.0,60.0,49.0,6.0,6.0,4.466165413533835,5.0,65.0,49.0,0,17.7,24.3,8.4,6.9,0.743,0.713
824919,2026-06-04,R,Toronto Blue Jays,Atlanta Braves,7,2,0,Mason Fluharty,Chris Sale,7.0,5.0,2.2330827067669174,3.0,60.0,44.0,19.0,1.3333333333333333,3.6745562130177514,3.0,50.0,50.0,1,32.4,26.0,6.3,11.2,0.716,0.755
825076,2026-06-04,R,Los Angeles Dodgers,Arizona Diamondbacks,2,3,1,Justin Wrobleski,Ryne Nelson,5.0,5.333333333333333,2.793103448275862,4.0,52.0,47.0,6.0,7.0,3.963302752293578,3.0,71.0,35.0,1,21.3,27.1,6.6,6.1,0.742,0.77
822810,2026-06-05,R,Baltimore Orioles,Toronto Blue Jays,13,3,0,Brandon Young,Trey Yesavage,6.0,5.0,3.9940828402366866,7.666666666666667,55.0,52.0,6.0,6.666666666666667,4.3426573426573425,3.3333333333333335,73.0,51.0,0,25.8,18.4,11.3,8.6,0.763,0.713
822892,2026-06-05,R,Cleveland Guardians,Texas Rangers,2,3,1,Parker Messick,Kumar Rocker,6.0,6.0,5.4,0.0,57.0,61.0,6.0,5.0,3.425373134328358,2.0,36.0,53.0,0,19.5,23.0,8.0,3.6,0.653,0.679
823049,2026-06-05,R,Cincinnati Reds,St. Louis Cardinals,3,10,1,Brady Singer,Kyle Leahy,6.0,4.333333333333333,3.12396694214876,0.0,38.0,45.0,6.0,5.0,4.909090909090909,0.0,43.0,56.0,0,22.0,22.8,7.7,8.4,0.692,0.723
823293,2026-06-05,R,New York Mets,San Diego Padres,5,0,0,Christian Scott,Michael King,6.0,6.0,2.511627906976744,4.0,35.0,48.0,6.0,5.0,2.593220338983051,0.0,47.0,47.0,0,24.7,,8.4,,0.72,0.777
823455,2026-06-05,R,Chicago White Sox,Philadelphia Phillies,6,8,1,Anthony Kay,Jesús Luzardo,6.0,5.333333333333333,3.272727272727273,2.0,33.0,31.0,6.0,5.0,3.1280487804878048,0.0,75.0,52.0,0,28.5,,7.5,,0.747,0.699
823538,2026-06-05,R,Boston Red Sox,New York Yankees,5,3,0,Sonny Gray,Ryan Weathers,6.0,6.666666666666667,4.5,3.0,65.0,39.0,6.0,6.0,3.176470588235294,4.0,62.0,57.0,0,22.3,26.7,7.2,5.0,0.783,0.743
823699,2026-06-05,R,Kansas City Royals,Minnesota Twins,3,5,1,Michael Wacha,Zebby Matthews,5.0,4.333333333333333,4.178571428571429,7.0,66.0,91.0,5.0,5.0,7.2155172413793105,4.0,52.0,70.0,0,24.9,17.6,6.8,6.3,0.708,0.721
823860,2026-06-05,R,Tampa Bay Rays,Miami Marlins,6,0,0,Drew Rasmussen,Ryan Gusto,282.0,3.6666666666666665,4.153846153846154,0.0,47.0,46.0,6.0,4.0,5.900662251655629,0.0,41.0,76.0,0,21.4,21.7,7.9,6.3,0.729,0.735
823943,2026-06-05,R,Los Angeles Angels,Los Angeles Dodgers,0,1,1,Reid Detmers,Roki Sasaki,6.0,5.333333333333333,4.422413793103448,2.3333333333333335,73.0,38.0,6.0,5.0,3.626865671641791,0.0,75.0,57.0,0,17.4,30.1,13.7,9.4,0.765,0.693
824186,2026-06-05,R,Athletics,Houston Astros,1,5,1,Jack Perkins,Peter Lambert,6.0,5.0,3.130434782608696,4.0,71.0,54.0,288.0,5.0,4.7368421052631575,2.6666666666666665,41.0,70.0,0,,23.0,,11.2,0.706,0.752
824271,2026-06-05,R,Seattle Mariners,Detroit Tigers,3,7,1,Bryan Woo,Framber Valdez,6.0,6.666666666666667,6.6923076923076925,0.0,52.0,54.0,6.0,7.0,2.659090909090909,0.0,57.0,38.0,0,23.3,27.1,8.5,4.9,0.712,0.727
824350,2026-06-05,R,Milwaukee Brewers,Colorado Rockies,9,7,0,Brandon Sproat,Ryan Feltner,6.0,6.0,7.582191780821918,0.0,61.0,89.0,6.0,4.333333333333333,3.478527607361963,6.666666666666667,64.0,50.0,0,18.5,20.2,8.9,8.3,0.679,0.737
824673,2026-06-05,R,San Francisco Giants,Chicago Cubs,18,3,0,Robbie Ray,Edward Cabrera,16.0,3.0,2.0610687022900764,3.0,50.0,60.0,5.0,4.0,6.6645569620253164,4.666666666666667,77.0,88.0,0,25.8,24.6,8.3,9.7,0.751,0.722
824914,2026-06-05,R,Pittsburgh Pirates,Atlanta Braves,3,6,1,Mitch Keller,Martín Pérez,6.0,5.0,3.0,3.3333333333333335,53.0,48.0,6.0,4.0,4.943661971830986,4.0,77.0,66.0,0,19.3,20.0,9.6,6.8,0.721,0.635
825073,2026-06-05,R,Washington Nationals,Arizona Diamondbacks,14,1,0,Foster Griffin,Merrill Kelly,5.0,5.333333333333333,2.560344827586207,2.0,53.0,48.0,6.0,5.0,4.21875,0.0,51.0,45.0,0,22.3,,6.4,,0.742,0.715
822808,2026-06-06,R,Baltimore Orioles,Toronto Blue Jays,4,6,1,Kyle Bradish,Braydon Fisher,11.0,1.0,4.5523255813953485,3.3333333333333335,52.0,63.0,6.0,7.0,4.251968503937008,2.6666666666666665,79.0,50.0,0,30.7,37.3,9.4,7.9,0.763,0.713
822891,2026-06-06,R,Cleveland Guardians,Texas Rangers,6,0,0,Tanner Bibee,Jack Leiter,6.0,5.666666666666667,4.846153846153846,4.0,54.0,54.0,6.0,6.0,3.3260869565217392,2.3333333333333335,37.0,56.0,1,22.9,21.3,10.4,7.1,0.695,0.679
823048,2026-06-06,R,Cincinnati Reds,St. Louis Cardinals,5,6,1,Nick Lodolo,Matthew Liberatore,6.0,5.333333333333333,2.7794117647058822,5.0,48.0,48.0,6.0,6.666666666666667,5.625,4.0,46.0,66.0,1,18.8,24.3,6.2,4.8,0.695,0.653
823292,2026-06-06,R,New York Mets,San Diego Padres,2,3,1,Nolan McLean,Griffin Canning,6.0,5.0,2.7857142857142856,3.0,28.0,50.0,6.0,5.0,2.586826347305389,3.3333333333333335,51.0,45.0,0,21.4,30.3,10.4,8.5,0.72,0.777
823454,2026-06-06,R,Chicago White Sox,Philadelphia Phillies,6,3,0,Brandon Eisert,Andrew Painter,6.0,3.3333333333333335,2.8285714285714287,3.0,41.0,36.0,8.0,1.3333333333333333,3.4156626506024095,4.0,72.0,56.0,1,,24.2,,8.2,0.747,0.666
823697,2026-06-06,R,Kansas City Royals,Minnesota Twins,3,2,0,Luinder Avila,Joe Ryan,5.0,6.0,4.584905660377358,2.0,63.0,88.0,5.0,5.0,6.868421052631579,2.3333333333333335,55.0,73.0,0,28.2,28.6,5.7,10.7,0.708,0.721
823859,2026-06-06,R,Tampa Bay Rays,Miami Marlins,3,4,1,Shane McClanahan,Lake Bachar,4.0,2.6666666666666665,4.3426573426573425,7.0,45.0,51.0,6.0,5.0,5.837837837837838,2.0,43.0,74.0,0,25.3,,10.1,,0.656,0.735
823942,2026-06-06,R,Los Angeles Angels,Los Angeles Dodgers,2,9,1,Jack Kochanowicz,Yoshinobu Yamamoto,6.0,5.333333333333333,4.539823008849558,2.0,73.0,33.0,6.0,2.3333333333333335,3.5307692307692307,2.0,66.0,52.0,1,29.4,14.1,8.6,11.3,0.77,0.693
824184,2026-06-06,R,Athletics,Houston Astros,2,13,1,Kade Morris,Tatsuya Imai,6.0,6.0,2.759124087591241,3.6666666666666665,72.0,53.0,,,4.095505617977528,4.0,39.0,68.0,1,,,,,0.706,0.752
824269,2026-06-06,R,Seattle Mariners,Detroit Tigers,4,0,0,Bryce Miller,Keider Montero,6.0,6.0,7.043478260869565,4.0,55.0,50.0,6.0,5.0,3.188976377952756,1.6666666666666667,58.0,45.0,1,18.5,18.9,8.0,8.7,0.712,0.747
824351,2026-06-06,R,Milwaukee Brewers,Colorado Rockies,7,1,0,Jacob Misiorowski,Zach Agnos,16.0,5.0,8.403973509933774,4.0,65.0,96.0,6.0,7.0,3.9036144578313254,5.0,68.0,56.0,0,13.9,32.0,11.7,11.0,0.679,0.737
824669,2026-06-06,R,San Francisco Giants,Chicago Cubs,2,3,1,Landen Roupp,Ben Brown,7.0,7.0,4.029850746268656,5.333333333333333,51.0,74.0,5.0,4.0,7.188311688311688,4.0,91.0,82.0,0,25.6,21.4,6.8,9.5,0.751,0.722
824915,2026-06-06,R,Pittsburgh Pirates,Atlanta Braves,3,6,1,Braxton Ashcraft,Spencer Strider,6.0,5.0,2.659090909090909,4.0,54.0,47.0,6.0,6.0,4.3426573426573425,3.3333333333333335,78.0,66.0,1,24.3,24.3,9.5,8.2,0.721,0.662
825075,2026-06-06,R,Washington Nationals,Arizona Diamondbacks,6,1,0,Zack Littell,Eduardo Rodriguez,5.0,6.0,3.630252100840336,4.0,52.0,59.0,6.0,6.0,4.1657142857142855,4.0,61.0,41.0,0,20.6,17.1,8.6,4.2,0.764,0.639
822807,2026-06-07,R,Baltimore Orioles,Toronto Blue Jays,4,6,1,Shane Baz,Kevin Gausman,5.0,6.0,4.764705882352941,8.0,53.0,65.0,5.0,7.0,4.079136690647482,4.0,83.0,56.0,0,24.4,24.8,6.5,9.0,0.763,0.713
822890,2026-06-07,R,Cleveland Guardians,Texas Rangers,0,10,1,Joey Cantillo,Jacob deGrom,6.0,5.0,4.039370078740157,4.333333333333333,52.0,55.0,5.0,4.0,3.477272727272727,1.0,43.0,53.0,1,27.7,26.9,5.5,10.5,0.653,0.679
823047,2026-06-07,R,Cincinnati Reds,St. Louis Cardinals,3,5,1,Rhett Lowder,Michael McGreevy,6.0,6.0,2.808,4.666666666666667,40.0,45.0,31.0,3.0,5.487804878048781,3.0,43.0,58.0,1,14.5,,5.0,,0.692,0.723
823291,2026-06-07,R,New York Mets,San Diego Padres,7,3,0,Huascar Brazobán,Randy Vásquez,5.0,5.0,3.0,4.0,29.0,52.0,5.0,1.6666666666666667,2.8588235294117648,2.0,52.0,44.0,0,13.7,21.8,9.1,10.3,0.72,0.777
823453,2026-06-07,R,Chicago White Sox,Philadelphia Phillies,5,9,1,Tyler Gilbert,Aaron Nola,5.0,5.0,2.7247706422018347,4.333333333333333,41.0,42.0,253.0,1.6666666666666667,2.2366863905325443,7.666666666666667,75.0,49.0,1,24.0,22.8,6.9,11.2,0.747,0.666
823537,2026-06-07,R,Boston Red Sox,New York Yankees,1,6,1,Ranger Suarez,Cam Schlittler,5.0,4.333333333333333,3.65625,0.0,66.0,40.0,7.0,5.0,2.953125,0.0,59.0,48.0,0,27.6,23.2,10.2,5.8,0.797,0.745
823696,2026-06-07,R,Kansas City Royals,Minnesota Twins,6,5,0,Noah Cameron,Connor Prielipp,5.0,6.0,4.846153846153846,3.0,61.0,89.0,5.0,7.0,6.428571428571429,4.0,53.0,75.0,0,,20.5,,7.7,0.706,0.659
823857,2026-06-07,R,Tampa Bay Rays,Miami Marlins,1,4,1,Griffin Jax,Sandy Alcantara,6.0,7.0,4.354838709677419,6.0,45.0,53.0,6.0,4.0,5.503184713375796,3.0,46.0,78.0,0,19.1,35.0,7.7,7.4,0.729,0.735
823941,2026-06-07,R,Los Angeles Angels,Los Angeles Dodgers,13,5,0,José Soriano,Emmet Sheehan,6.0,6.333333333333333,5.1923076923076925,1.0,71.0,32.0,6.0,4.666666666666667,3.25531914893617,7.666666666666667,63.0,59.0,1,30.6,21.0,7.6,10.8,0.77,0.693
824183,2026-06-07,R,Athletics,Houston Astros,5,0,0,Gage Jump,Mike Burrows,5.0,5.0,2.7,4.0,82.0,55.0,5.0,7.0,4.838150289017341,4.0,41.0,79.0,1,24.1,,7.7,,0.74,0.752
824268,2026-06-07,R,Seattle Mariners,Detroit Tigers,4,5,1,Luis Castillo,Jack Flaherty,5.0,5.0,6.377952755905512,4.0,55.0,54.0,13.0,4.0,3.1153846153846154,3.0,62.0,40.0,1,27.6,21.7,8.7,6.2,0.712,0.747
824349,2026-06-07,R,Milwaukee Brewers,Colorado Rockies,12,4,0,Shane Drohan,Kyle Freeland,6.0,5.666666666666667,8.775,6.0,62.0,98.0,6.0,4.0,2.9050632911392404,2.0,72.0,46.0,0,17.5,,5.4,,0.679,0.734
824670,2026-06-07,R,San Francisco Giants,Chicago Cubs,2,1,0,Trevor McDonald,Jameson Taillon,5.0,6.333333333333333,4.183098591549296,4.666666666666667,54.0,73.0,5.0,5.0,7.509933774834437,3.3333333333333335,83.0,82.0,0,18.9,23.3,5.2,3.3,0.751,0.722
824916,2026-06-07,R,Pittsburgh Pirates,Atlanta Braves,2,3,1,Mason Montgomery,Bryce Elder,5.0,6.666666666666667,2.659090909090909,4.0,60.0,48.0,24.0,1.0,4.153846153846154,3.0,79.0,67.0,1,19.3,30.1,7.5,12.9,0.716,0.662
825074,2026-06-07,R,Washington Nationals,Arizona Diamondbacks,1,5,1,Cade Cavalli,Michael Soroka,5.0,6.0,3.956896551724138,2.6666666666666665,48.0,61.0,6.0,5.0,4.1657142857142855,4.0,65.0,42.0,0,25.1,18.3,7.7,6.8,0.764,0.715
822806,2026-06-08,R,Philadelphia Phillies,Toronto Blue Jays,5,2,0,Cristopher Sánchez,Patrick Corbin,5.0,5.0,4.5,4.0,58.0,65.0,5.0,7.0,2.347826086956522,4.666666666666667,49.0,44.0,0,19.8,26.3,7.7,5.5,0.755,0.747
822972,2026-06-08,R,Boston Red Sox,Tampa Bay Rays,1,3,1,Connelly Early,Ian Seymour,24.0,2.0,5.466257668711656,3.0,47.0,80.0,6.0,5.333333333333333,3.6610169491525424,1.6666666666666667,55.0,48.0,0,26.4,36.7,7.9,5.1,0.667,0.743
823218,2026-06-08,R,Washington Nationals,San Francisco Giants,4,3,0,Richard Lovelady,Logan Webb,5.0,7.0,7.33112582781457,5.0,77.0,78.0,6.0,2.0,4.1657142857142855,3.0,64.0,46.0,0,26.2,21.1,5.4,10.5,0.631,0.715
823289,2026-06-08,R,Cincinnati Reds,San Diego Padres,2,6,1,Andrew Abbott,Walker Buehler,5.0,6.0,3.456,5.0,30.0,54.0,6.0,6.0,5.478260869565218,5.0,46.0,63.0,0,16.3,21.8,10.6,6.3,0.691,0.723
824025,2026-06-08,R,Houston Astros,Los Angeles Angels,5,4,0,Spencer Arrighetti,Grayson Rodriguez,6.0,3.6666666666666665,3.122448979591837,3.0,74.0,63.0,5.0,4.0,2.3142857142857145,4.0,74.0,55.0,0,,19.9,,12.8,0.693,0.706
824427,2026-06-08,R,New York Yankees,Cleveland Guardians,7,5,0,Will Warren,Gavin Williams,5.0,5.333333333333333,3.9160305343511452,3.0,40.0,62.0,8.0,6.0,3.51,3.3333333333333335,70.0,41.0,0,24.6,24.1,11.8,9.1,0.679,0.783
824829,2026-06-08,R,Seattle Mariners,Baltimore Orioles,6,3,0,Emerson Hancock,Trey Gibson,12.0,5.666666666666667,4.5,2.3333333333333335,81.0,55.0,7.0,6.0,3.13953488372093,3.0,60.0,37.0,0,,16.6,,8.1,0.713,0.747
824998,2026-06-08,R,Milwaukee Brewers,Athletics,15,14,0,Kyle Harrison,Jeffrey Springs,5.0,3.6666666666666665,4.955696202531645,2.6666666666666665,41.0,77.0,6.0,5.666666666666667,2.8609271523178808,2.6666666666666665,83.0,45.0,0,19.4,24.4,7.6,9.0,0.74,0.734
822805,2026-06-09,R,Philadelphia Phillies,Toronto Blue Jays,2,3,1,Zack Wheeler,Dylan Cease,16.0,4.666666666666667,3.8375634517766497,6.0,58.0,62.0,5.0,7.0,2.4107142857142856,2.0,51.0,46.0,0,29.8,33.3,9.8,5.6,0.763,0.764
822969,2026-06-09,R,Boston Red Sox,Tampa Bay Rays,3,4,1,Payton Tolle,Nick Martinez,6.0,4.0,4.987261146496815,5.0,43.0,72.0,6.0,6.0,3.5859375,3.3333333333333335,56.0,51.0,1,17.0,25.7,6.1,10.8,0.667,0.745
823214,2026-06-09,R,Washington Nationals,San Francisco Giants,6,3,0,Andrew Alvarez,Adrian Houser,5.0,4.333333333333333,7.985915492957746,1.0,78.0,76.0,6.0,4.666666666666667,4.398876404494382,8.0,58.0,47.0,0,17.8,20.4,7.3,10.2,0.631,0.715
823290,2026-06-09,R,Cincinnati Reds,San Diego Padres,5,3,0,Chase Burns,Lucas Giolito,5.0,4.0,3.50381679389313,4.333333333333333,36.0,53.0,6.0,6.0,6.0,2.0,41.0,67.0,1,19.7,35.6,9.1,8.5,0.72,0.723
823374,2026-06-09,R,Los Angeles Dodgers,Pittsburgh Pirates,12,3,0,Eric Lauer,Paul Skenes,6.0,4.666666666666667,4.531468531468532,0.0,75.0,68.0,7.0,4.666666666666667,7.232142857142857,0.0,66.0,41.0,0,29.5,23.9,5.7,6.1,0.635,0.77
823620,2026-06-09,R,St. Louis Cardinals,New York Mets,7,0,0,Dustin May,Freddy Peralta,6.0,6.0,2.7159763313609466,0.0,57.0,36.0,7.0,5.666666666666667,2.592,0.0,44.0,43.0,0,28.2,21.1,9.1,9.6,0.777,0.692
823858,2026-06-09,R,Arizona Diamondbacks,Miami Marlins,6,10,1,Zac Gallen,Max Meyer,6.0,7.0,4.87218045112782,0.0,37.0,52.0,6.0,5.0,4.061946902654867,0.0,38.0,59.0,0,23.9,21.5,7.0,8.1,0.729,0.764
824023,2026-06-09,R,Houston Astros,Los Angeles Angels,1,10,1,Kai-Wei Teng,Walbert Ureña,6.0,6.0,3.018633540372671,4.666666666666667,78.0,68.0,5.0,5.0,2.4545454545454546,4.0,70.0,59.0,0,,28.1,,12.2,0.693,0.706
824105,2026-06-09,R,Texas Rangers,Kansas City Royals,3,5,1,Nathan Eovaldi,Stephen Kolek,6.0,7.0,6.471074380165289,0.0,48.0,70.0,7.0,6.0,3.7241379310344827,0.0,61.0,44.0,0,16.7,26.0,6.7,4.2,0.721,0.695
824267,2026-06-09,R,Minnesota Twins,Detroit Tigers,4,10,1,Taj Bradley,Troy Melton,6.0,8.0,6.024793388429752,0.0,53.0,52.0,6.0,4.666666666666667,5.506578947368421,0.0,59.0,87.0,0,20.0,21.0,8.3,9.3,0.712,0.708
824347,2026-06-09,R,Chicago Cubs,Colorado Rockies,3,7,1,Colin Rea,Tomoyuki Sugano,7.0,5.0,10.195804195804195,0.0,62.0,96.0,6.0,5.333333333333333,3.5064935064935066,0.0,49.0,65.0,0,15.7,19.2,5.3,6.6,0.679,0.751
824429,2026-06-09,R,New York Yankees,Cleveland Guardians,3,2,0,Gerrit Cole,Slade Cecconi,5.0,6.0,4.21875,5.0,43.0,59.0,6.0,5.333333333333333,3.5,5.666666666666667,73.0,43.0,0,20.0,,5.9,,0.679,0.783
824591,2026-06-09,R,Atlanta Braves,Chicago White Sox,5,6,1,Grant Holmes,Brandon Eisert,3.0,1.3333333333333333,3.176470588235294,0.0,72.0,49.0,6.0,6.0,2.4732824427480917,0.0,62.0,48.0,0,24.2,25.0,8.2,11.0,0.666,0.716
824830,2026-06-09,R,Seattle Mariners,Baltimore Orioles,6,5,0,Logan Gilbert,Trevor Rogers,5.0,5.666666666666667,4.805084745762712,4.333333333333333,75.0,54.0,7.0,5.333333333333333,3.2142857142857144,4.0,57.0,38.0,0,24.3,32.3,6.9,5.8,0.713,0.727
824999,2026-06-09,R,Milwaukee Brewers,Athletics,5,7,1,Robert Gasser,J.T. Ginn,5.0,6.0,5.762195121951219,7.0,53.0,83.0,6.0,5.0,3.2586206896551726,9.666666666666666,93.0,58.0,0,25.3,17.2,7.9,13.8,0.74,0.737
822804,2026-06-10,R,Philadelphia Phillies,Toronto Blue Jays,7,4,0,Jesús Luzardo,Max Scherzer,47.0,2.3333333333333335,4.153846153846154,3.0,53.0,63.0,5.0,6.0,2.7247706422018347,2.0,49.0,46.0,0,22.9,28.5,6.4,7.5,0.755,0.764
822970,2026-06-10,R,Boston Red Sox,Tampa Bay Rays,5,7,1,Jake Bennett,Drew Rasmussen,5.0,7.0,5.4,2.0,46.0,69.0,34.0,5.333333333333333,3.319672131147541,2.0,53.0,48.0,1,21.7,,6.3,,0.667,0.745
823215,2026-06-10,R,Washington Nationals,San Francisco Giants,10,11,1,Foster Griffin,Robbie Ray,5.0,5.0,7.875,4.666666666666667,76.0,75.0,5.0,5.0,4.108695652173913,5.0,58.0,47.0,0,24.6,,9.7,,0.631,0.639
823287,2026-06-10,R,Cincinnati Reds,San Diego Padres,4,5,1,Brady Singer,Michael King,5.0,6.0,3.4225352112676055,7.0,36.0,54.0,5.0,4.0,5.74468085106383,5.666666666666667,39.0,68.0,1,24.7,22.8,8.4,8.4,0.72,0.723
823372,2026-06-10,R,Los Angeles Dodgers,Pittsburgh Pirates,8,9,1,Shohei Ohtani,Jared Jones,6.0,5.0,5.8125,3.0,66.0,79.0,7.0,6.0,6.212389380530974,3.3333333333333335,63.0,38.0,0,,33.2,,4.3,0.662,0.77
823618,2026-06-10,R,St. Louis Cardinals,New York Mets,9,2,0,Andre Pallante,Austin Warren,9.0,1.0,2.7650602409638556,3.0,55.0,36.0,7.0,5.666666666666667,2.4344262295081966,3.0,51.0,37.0,0,26.5,15.5,11.8,8.7,0.777,0.692
823856,2026-06-10,R,Arizona Diamondbacks,Miami Marlins,0,8,1,Ryne Nelson,Ryan Gusto,5.0,2.0,5.321167883211679,3.6666666666666665,46.0,50.0,6.0,7.0,4.821428571428571,2.6666666666666665,37.0,64.0,1,21.4,21.3,7.9,6.6,0.729,0.764
824022,2026-06-10,R,Houston Astros,Los Angeles Angels,2,3,1,Peter Lambert,Reid Detmers,5.0,6.0,3.0759493670886076,4.0,78.0,63.0,5.0,5.333333333333333,2.174496644295302,4.0,64.0,59.0,0,30.1,,9.4,,0.693,0.74
824103,2026-06-10,R,Texas Rangers,Kansas City Royals,6,4,0,MacKenzie Gore,Seth Lugo,6.0,5.0,5.256637168141593,4.0,52.0,58.0,7.0,4.666666666666667,3.3157894736842106,2.3333333333333335,54.0,42.0,1,20.5,27.2,9.0,9.3,0.659,0.695
824266,2026-06-10,R,Minnesota Twins,Detroit Tigers,6,4,0,Mike Paredes,Framber Valdez,5.0,5.0,4.609756097560975,4.0,57.0,46.0,,,6.352941176470588,3.6666666666666665,58.0,94.0,1,23.3,,8.5,,0.712,0.706
824348,2026-06-10,R,Chicago Cubs,Colorado Rockies,2,3,1,Shota Imanaga,Michael Lorenzen,7.0,3.3333333333333335,8.874125874125873,4.0,63.0,84.0,6.0,6.0,3.0,3.3333333333333335,51.0,60.0,1,21.0,20.6,6.4,4.6,0.679,0.751
824428,2026-06-10,R,New York Yankees,Cleveland Guardians,8,4,0,Carlos Rodón,Parker Messick,5.0,5.666666666666667,4.310924369747899,4.0,42.0,56.0,6.0,6.0,3.3157894736842106,5.0,61.0,44.0,0,23.0,25.7,3.6,9.3,0.647,0.797
824590,2026-06-10,R,Atlanta Braves,Chicago White Sox,1,2,1,Chris Sale,Davis Martin,8.0,4.666666666666667,2.7580645161290325,9.333333333333334,75.0,49.0,6.0,5.666666666666667,2.167883211678832,6.0,60.0,48.0,1,17.3,32.4,8.0,6.3,0.699,0.721
824831,2026-06-10,R,Seattle Mariners,Baltimore Orioles,2,7,1,George Kirby,Brandon Young,5.0,6.333333333333333,4.968,4.333333333333333,74.0,59.0,7.0,4.0,3.3488372093023258,4.0,59.0,42.0,0,18.4,26.1,8.6,5.5,0.713,0.747
824996,2026-06-10,R,Milwaukee Brewers,Athletics,3,4,1,Brandon Sproat,Jack Perkins,5.0,4.0,5.833333333333333,3.3333333333333335,59.0,84.0,5.0,5.0,3.413793103448276,3.0,92.0,65.0,0,23.0,20.2,11.2,8.3,0.752,0.737
823371,2026-06-11,R,Los Angeles Dodgers,Pittsburgh Pirates,8,6,0,Justin Wrobleski,Mitch Keller,6.0,4.666666666666667,5.877551020408164,5.0,71.0,77.0,7.0,6.0,7.75,1.3333333333333333,67.0,46.0,0,20.0,27.1,6.8,6.1,0.635,0.77
823619,2026-06-11,R,St. Louis Cardinals,New York Mets,4,5,1,Hunter Dobbins,Christian Scott,6.0,5.666666666666667,3.7409638554216866,8.0,53.0,43.0,42.0,4.333333333333333,2.3203125,3.0,59.0,37.0,0,,17.6,,6.6,0.777,0.692
823855,2026-06-11,R,Arizona Diamondbacks,Miami Marlins,0,2,1,Merrill Kelly,Tyler Phillips,12.0,5.0,4.821428571428571,5.0,53.0,48.0,6.0,5.0,4.930434782608696,4.0,34.0,70.0,1,16.6,22.3,7.7,6.4,0.729,0.764
824101,2026-06-11,R,Texas Rangers,Kansas City Royals,4,2,0,Kumar Rocker,Michael Wacha,6.0,5.666666666666667,4.68595041322314,6.666666666666667,56.0,57.0,6.0,5.0,3.375,5.0,57.0,42.0,1,17.6,19.5,6.3,8.0,0.721,0.695
824265,2026-06-11,R,Minnesota Twins,Detroit Tigers,0,11,1,Zebby Matthews,Keider Montero,5.0,5.0,5.175,4.0,57.0,52.0,6.0,7.0,4.89375,6.0,62.0,83.0,1,18.5,24.9,8.0,6.8,0.712,0.708
824346,2026-06-11,R,Chicago Cubs,Colorado Rockies,9,3,0,Edward Cabrera,Ryan Feltner,6.0,6.0,8.751724137931035,4.0,65.0,82.0,6.0,3.6666666666666665,3.6,3.0,43.0,59.0,1,18.5,25.8,8.9,8.3,0.679,0.751
824827,2026-06-11,R,Seattle Mariners,Baltimore Orioles,5,7,1,Bryan Woo,Kyle Bradish,5.0,4.0,5.355371900826446,2.0,70.0,59.0,6.0,6.333333333333333,4.071428571428571,2.0,52.0,48.0,0,37.3,27.1,7.9,4.9,0.713,0.747
822726,2026-06-12,R,Seattle Mariners,Washington Nationals,10,2,0,Bryce Miller,Zack Littell,6.0,5.0,5.591715976331361,0.0,66.0,55.0,6.0,6.0,3.8,3.0,57.0,55.0,0,17.1,18.9,4.2,8.7,0.715,0.747
822803,2026-06-12,R,New York Yankees,Toronto Blue Jays,5,8,1,Ryan Weathers,Trey Yesavage,7.0,5.666666666666667,4.628571428571429,0.0,53.0,68.0,7.0,6.0,3.4913793103448274,0.0,62.0,48.0,0,25.8,22.3,11.3,7.2,0.755,0.783
823211,2026-06-12,R,Chicago Cubs,San Francisco Giants,5,1,0,Javier Assad,Landen Roupp,6.0,5.666666666666667,8.691780821917808,0.0,85.0,82.0,54.0,5.666666666666667,3.78,3.6666666666666665,45.0,60.0,0,21.4,15.0,9.5,7.8,0.722,0.751
823370,2026-06-12,R,Miami Marlins,Pittsburgh Pirates,8,3,0,Sandy Alcantara,Braxton Ashcraft,6.0,5.0,5.543046357615894,5.0,75.0,78.0,5.0,7.0,4.440789473684211,4.0,55.0,48.0,0,24.3,19.1,8.2,7.7,0.662,0.729
823617,2026-06-12,R,Atlanta Braves,New York Mets,5,7,1,Spencer Strider,Nolan McLean,6.0,6.0,3.46927374301676,4.333333333333333,58.0,47.0,6.0,5.0,2.059322033898305,0.0,51.0,40.0,0,30.3,24.3,8.5,9.5,0.777,0.721
823695,2026-06-12,R,St. Louis Cardinals,Minnesota Twins,8,9,1,Kyle Leahy,Joe Ryan,6.0,6.0,5.94,2.0,60.0,88.0,7.0,4.0,2.5251798561151078,3.6666666666666665,63.0,42.0,0,28.2,22.0,5.7,7.7,0.708,0.692
823778,2026-06-12,R,Philadelphia Phillies,Milwaukee Brewers,0,6,1,Tanner Banks,Jacob Misiorowski,6.0,7.0,4.090909090909091,0.0,93.0,68.0,350.0,2.0,3.3451327433628317,0.0,53.0,50.0,0,32.0,22.8,11.0,4.5,0.734,0.764
824020,2026-06-12,R,Tampa Bay Rays,Los Angeles Angels,3,4,1,Shane McClanahan,Sam Aldegheri,38.0,4.0,3.5136986301369864,0.0,74.0,60.0,6.0,5.0,5.757352941176471,0.0,51.0,63.0,0,16.4,,13.7,,0.701,0.667
824102,2026-06-12,R,Houston Astros,Kansas City Royals,10,8,0,Tatsuya Imai,Luinder Avila,6.0,5.0,4.464566929133858,2.0,58.0,61.0,6.0,5.0,2.091549295774648,0.0,57.0,58.0,0,28.6,,10.7,,0.721,0.706
824425,2026-06-12,R,Detroit Tigers,Cleveland Guardians,2,3,1,Jack Flaherty,Tanner Bibee,6.0,8.0,4.609756097560975,0.0,43.0,62.0,5.0,5.0,4.3474576271186445,2.6666666666666665,67.0,45.0,0,21.3,27.6,7.1,8.7,0.679,0.712
824507,2026-06-12,R,Arizona Diamondbacks,Cincinnati Reds,5,2,0,Eduardo Rodriguez,Nick Lodolo,6.0,5.0,6.041958041958042,0.0,41.0,69.0,6.0,6.333333333333333,4.68595041322314,2.0,34.0,72.0,0,24.3,20.6,4.8,8.6,0.653,0.742
824588,2026-06-12,R,Los Angeles Dodgers,Chicago White Sox,2,8,1,Roki Sasaki,Anthony Kay,7.0,4.0,2.593220338983051,0.0,56.0,46.0,7.0,7.0,7.363636363636363,4.333333333333333,75.0,52.0,0,,17.4,,13.7,0.666,0.765
824752,2026-06-12,R,Texas Rangers,Boston Red Sox,1,10,1,Jack Leiter,Sonny Gray,7.0,6.333333333333333,2.4107142857142856,0.0,48.0,45.0,6.0,4.666666666666667,3.188976377952756,4.333333333333333,60.0,39.0,0,26.7,22.9,5.0,10.4,0.745,0.695
824826,2026-06-12,R,San Diego Padres,Baltimore Orioles,3,7,1,Griffin Canning,Shane Baz,5.0,5.666666666666667,4.889763779527559,5.0,76.0,62.0,6.0,5.0,3.5217391304347827,0.0,41.0,55.0,0,24.8,21.4,9.0,10.4,0.713,0.72
824997,2026-06-12,R,Colorado Rockies,Athletics,4,6,1,Sean Sullivan,Gage Jump,5.0,6.333333333333333,5.072727272727272,0.0,62.0,78.0,,,8.49056603773585,4.666666666666667,68.0,91.0,0,,,,,0.74,0.679
822725,2026-06-13,R,Seattle Mariners,Washington Nationals,3,8,1,Luis Castillo,Cade Cavalli,6.0,5.0,5.820359281437126,7.333333333333333,63.0,58.0,6.0,5.666666666666667,3.7016129032258065,1.0,60.0,51.0,0,18.3,21.7,6.8,6.2,0.715,0.747
822802,2026-06-13,R,New York Yankees,Toronto Blue Jays,3,1,0,Cam Schlittler,Kevin Gausman,6.0,5.0,4.090909090909091,4.0,55.0,68.0,6.0,5.666666666666667,3.6610169491525424,3.6666666666666665,59.0,54.0,1,24.4,27.6,6.5,10.2,0.763,0.783
823213,2026-06-13,R,Chicago Cubs,San Francisco Giants,6,1,0,Ben Brown,Trevor McDonald,6.0,5.0,7.582191780821918,4.333333333333333,80.0,79.0,7.0,5.333333333333333,3.7549668874172184,3.0,45.0,55.0,0,23.3,25.6,3.3,6.8,0.722,0.751
823369,2026-06-13,R,Miami Marlins,Pittsburgh Pirates,2,3,1,Lake Bachar,Bubba Chandler,11.0,5.0,6.704697986577181,4.0,72.0,81.0,7.0,3.0,4.2827586206896555,1.0,56.0,42.0,0,25.0,25.3,3.2,10.1,0.662,0.729
823616,2026-06-13,R,Atlanta Braves,New York Mets,3,1,0,Martín Pérez,Sean Manaea,258.0,1.6666666666666667,3.4887640449438204,5.0,56.0,45.0,8.0,5.0,2.025,5.0,48.0,44.0,1,28.5,19.3,4.6,9.6,0.696,0.716
823694,2026-06-13,R,St. Louis Cardinals,Minnesota Twins,9,6,0,Matthew Liberatore,Connor Prielipp,6.0,4.333333333333333,6.657534246575342,3.0,64.0,90.0,7.0,4.333333333333333,3.5307692307692307,3.0,65.0,46.0,1,,18.8,,6.2,0.706,0.695
823776,2026-06-13,R,Philadelphia Phillies,Milwaukee Brewers,9,8,0,Aaron Nola,Shane Drohan,6.0,6.333333333333333,4.591836734693878,0.0,94.0,64.0,6.0,4.333333333333333,4.0078125,7.0,51.0,52.0,1,,24.0,,6.9,0.737,0.747
824019,2026-06-13,R,Tampa Bay Rays,Los Angeles Angels,0,8,1,Griffin Jax,José Soriano,6.0,6.0,2.3092105263157894,4.0,73.0,55.0,6.0,5.0,4.943661971830986,4.0,46.0,62.0,1,21.0,35.0,10.8,7.4,0.693,0.735
824100,2026-06-13,R,Houston Astros,Kansas City Royals,8,7,0,Mike Burrows,Noah Cameron,6.0,6.0,3.7762237762237763,8.333333333333334,65.0,62.0,6.0,5.0,2.3092105263157894,8.333333333333334,63.0,61.0,0,20.5,24.1,7.7,7.7,0.721,0.74
824426,2026-06-13,R,Detroit Tigers,Cleveland Guardians,1,3,1,Tarik Skubal,Joey Cantillo,6.0,5.0,4.930434782608696,2.0,42.0,61.0,45.0,7.0,3.888,5.0,66.0,44.0,1,26.9,32.2,10.5,4.4,0.647,0.774
824508,2026-06-13,R,Arizona Diamondbacks,Cincinnati Reds,1,2,1,Michael Soroka,Rhett Lowder,6.0,3.0,5.323943661971831,3.6666666666666665,40.0,66.0,6.0,7.0,4.251968503937008,6.333333333333333,33.0,67.0,0,,25.1,,7.7,0.723,0.764
824587,2026-06-13,R,Los Angeles Dodgers,Chicago White Sox,7,1,0,Yoshinobu Yamamoto,Sean Burke,13.0,5.333333333333333,2.4846625766871164,4.0,60.0,45.0,7.0,8.0,7.071428571428571,3.6666666666666665,73.0,58.0,1,22.3,29.4,10.6,8.6,0.666,0.77
824749,2026-06-13,R,Texas Rangers,Boston Red Sox,3,6,1,Jacob deGrom,Ranger Suarez,6.0,6.333333333333333,2.7,3.0,55.0,42.0,6.0,6.0,3.796875,3.0,52.0,48.0,1,23.2,27.7,5.8,5.5,0.745,0.653
824828,2026-06-13,R,San Diego Padres,Baltimore Orioles,9,3,0,Randy Vásquez,Trey Gibson,5.0,4.666666666666667,4.361538461538461,4.0,78.0,59.0,6.0,4.0,3.5859375,3.0,37.0,57.0,1,,13.7,,9.1,0.713,0.72
824995,2026-06-13,R,Colorado Rockies,Athletics,5,7,1,Kyle Freeland,Joey Estes,433.0,3.0,4.9411764705882355,4.0,66.0,74.0,6.0,5.0,8.886075949367088,5.0,64.0,91.0,1,10.9,17.5,10.9,5.4,0.74,0.679
822722,2026-06-14,R,Seattle Mariners,Washington Nationals,1,10,1,Emerson Hancock,PJ Poulin,18.0,1.0,5.658682634730539,4.0,62.0,57.0,6.0,5.0,4.32,2.3333333333333335,58.0,58.0,0,24.5,16.6,11.8,8.1,0.715,0.727
822801,2026-06-14,R,New York Yankees,Toronto Blue Jays,8,3,0,Will Warren,Patrick Corbin,6.0,3.0,3.68944099378882,2.0,51.0,65.0,6.0,4.333333333333333,3.375,2.0,58.0,49.0,1,19.8,24.1,7.7,9.1,0.763,0.797
823212,2026-06-14,R,Chicago Cubs,San Francisco Giants,1,5,1,Ryan Rolison,Logan Webb,6.0,8.0,7.067114093959732,5.333333333333333,78.0,77.0,373.0,1.0,3.611464968152866,4.0,45.0,55.0,0,26.2,13.0,5.4,10.4,0.631,0.751
823368,2026-06-14,R,Miami Marlins,Pittsburgh Pirates,4,2,0,Max Meyer,Paul Skenes,5.0,6.0,6.5625,3.3333333333333335,65.0,74.0,5.0,5.333333333333333,3.857142857142857,6.0,57.0,39.0,0,29.5,23.9,5.7,7.0,0.662,0.729
823615,2026-06-14,R,Atlanta Braves,New York Mets,1,8,1,Bryce Elder,Freddy Peralta,5.0,6.0,3.702857142857143,3.0,51.0,47.0,7.0,6.0,2.042016806722689,3.6666666666666665,46.0,43.0,1,28.2,19.3,9.1,7.5,0.777,0.721
823693,2026-06-14,R,St. Louis Cardinals,Minnesota Twins,4,5,1,Michael McGreevy,Taj Bradley,5.0,4.333333333333333,7.2620689655172415,3.0,61.0,89.0,7.0,6.0,3.5307692307692307,4.666666666666667,73.0,46.0,1,21.0,14.5,9.3,5.0,0.708,0.692
823777,2026-06-14,R,Philadelphia Phillies,Milwaukee Brewers,0,4,1,Cristopher Sánchez,Kyle Harrison,6.0,2.3333333333333335,4.743243243243243,4.0,100.0,64.0,6.0,7.0,4.776923076923077,4.333333333333333,56.0,57.0,1,24.4,26.3,9.0,5.5,0.734,0.747
824021,2026-06-14,R,Tampa Bay Rays,Los Angeles Angels,8,3,0,Casey Legumina,Grayson Rodriguez,6.0,5.333333333333333,2.3092105263157894,4.0,67.0,52.0,390.0,1.0,4.764705882352941,3.0,43.0,56.0,1,,25.1,,11.4,0.693,0.735
824099,2026-06-14,R,Houston Astros,Kansas City Royals,0,4,1,Spencer Arrighetti,Stephen Kolek,5.0,5.0,3.576158940397351,4.666666666666667,66.0,63.0,6.0,6.0,2.664473684210526,4.0,62.0,66.0,0,16.7,19.9,6.7,12.8,0.721,0.706
824506,2026-06-14,R,Arizona Diamondbacks,Cincinnati Reds,5,3,0,Zac Gallen,Andrew Abbott,6.0,6.0,5.014285714285714,3.3333333333333335,40.0,62.0,5.0,5.333333333333333,4.647540983606557,1.0,33.0,64.0,0,21.8,21.5,6.3,8.1,0.723,0.742
824586,2026-06-14,R,Los Angeles Dodgers,Chicago White Sox,4,6,1,Emmet Sheehan,Bryan Hudson,22.0,1.3333333333333333,2.927710843373494,5.0,54.0,51.0,7.0,1.3333333333333333,6.923076923076923,0.6666666666666666,77.0,55.0,1,25.3,30.6,17.3,7.6,0.666,0.765
824751,2026-06-14,R,Texas Rangers,Boston Red Sox,6,4,0,Nathan Eovaldi,Connelly Early,6.0,4.666666666666667,2.883495145631068,4.0,52.0,44.0,5.0,5.666666666666667,3.456,2.0,48.0,48.0,1,36.7,26.0,5.1,4.2,0.745,0.653
824823,2026-06-14,R,San Diego Padres,Baltimore Orioles,5,2,0,Walker Buehler,Trevor Rogers,5.0,5.666666666666667,4.335766423357664,4.666666666666667,75.0,63.0,6.0,4.666666666666667,3.2238805970149254,4.0,42.0,51.0,1,24.3,16.3,6.9,10.6,0.713,0.691
824994,2026-06-14,R,Colorado Rockies,Athletics,23,9,0,Tomoyuki Sugano,Jeffrey Springs,6.0,5.0,4.443037974683544,4.666666666666667,67.0,75.0,5.0,5.0,8.653846153846153,2.3333333333333335,61.0,95.0,1,19.4,15.7,7.6,5.3,0.752,0.679
822724,2026-06-15,R,Kansas City Royals,Washington Nationals,3,7,1,Mitch Spence,Andrew Alvarez,6.0,4.0,5.1923076923076925,8.0,68.0,56.0,267.0,3.3333333333333335,3.673469387755102,1.6666666666666667,67.0,57.0,0,20.4,17.6,10.2,6.9,0.715,0.659
822887,2026-06-15,R,Minnesota Twins,Texas Rangers,4,2,0,Mike Paredes,MacKenzie Gore,5.0,5.0,3.12396694214876,2.0,48.0,49.0,5.0,3.0,7.276595744680851,2.3333333333333335,63.0,84.0,0,27.2,,9.3,,0.695,0.706
823046,2026-06-15,R,San Diego Padres,St. Louis Cardinals,0,3,1,Wandy Peralta,Dustin May,6.0,6.0,4.104,2.0,72.0,50.0,304.0,1.3333333333333333,3.153284671532847,4.0,45.0,49.0,0,21.1,20.1,9.6,9.6,0.695,0.72
823452,2026-06-15,R,Miami Marlins,Philadelphia Phillies,0,7,1,Ryan Gusto,Zack Wheeler,6.0,6.0,3.951219512195122,2.3333333333333335,55.0,52.0,5.0,4.0,2.8125,3.0,60.0,31.0,0,33.3,21.4,5.6,7.9,0.764,0.729
823938,2026-06-15,R,Tampa Bay Rays,Los Angeles Dodgers,3,4,1,Nick Martinez,Eric Lauer,6.0,5.666666666666667,7.51304347826087,3.0,72.0,60.0,6.0,7.0,4.623287671232877,7.333333333333333,46.0,57.0,0,23.9,17.0,6.1,6.1,0.77,0.667
824181,2026-06-15,R,Detroit Tigers,Houston Astros,9,3,0,Drew Anderson,Kai-Wei Teng,6.0,4.0,2.7181208053691277,2.0,62.0,68.0,26.0,4.666666666666667,2.808,0.0,65.0,38.0,0,28.1,,12.2,,0.706,0.712
824505,2026-06-15,R,New York Mets,Cincinnati Reds,0,12,1,Tobias Myers,Chase Burns,6.0,5.333333333333333,5.213793103448276,4.0,37.0,63.0,24.0,1.3333333333333333,3.702857142857143,4.0,49.0,47.0,0,35.6,17.3,8.5,6.8,0.723,0.777
824666,2026-06-15,R,Colorado Rockies,Chicago Cubs,4,5,1,Michael Lorenzen,Shota Imanaga,5.0,5.0,4.0754716981132075,6.666666666666667,45.0,55.0,5.0,5.0,6.48,4.0,78.0,85.0,0,20.6,21.0,4.6,6.4,0.751,0.679
824993,2026-06-15,R,Pittsburgh Pirates,Athletics,2,11,1,Jared Jones,J.T. Ginn,6.0,5.666666666666667,6.217105263157895,5.0,68.0,85.0,5.0,4.0,6.75,3.0,58.0,75.0,0,25.3,,7.9,,0.752,0.662
825071,2026-06-15,R,Los Angeles Angels,Arizona Diamondbacks,3,4,1,Walbert Ureña,Ryne Nelson,5.0,4.0,4.764705882352941,3.0,36.0,64.0,6.0,5.0,3.3096774193548386,6.666666666666667,68.0,55.0,0,21.3,,6.6,,0.764,0.693
822723,2026-06-16,R,Kansas City Royals,Washington Nationals,4,6,1,Michael Wacha,Foster Griffin,6.0,6.0,4.6702702702702705,5.0,72.0,52.0,5.0,7.0,3.673469387755102,4.0,61.0,62.0,1,,17.6,,6.3,0.715,0.659
822888,2026-06-16,R,Minnesota Twins,Texas Rangers,12,2,0,Zebby Matthews,Kumar Rocker,5.0,4.666666666666667,3.0521739130434784,2.0,48.0,52.0,5.0,6.0,6.703448275862069,4.333333333333333,58.0,80.0,0,19.5,24.9,8.0,6.8,0.695,0.708
823045,2026-06-16,R,San Diego Padres,St. Louis Cardinals,2,3,1,Michael King,Andre Pallante,6.0,6.0,4.422413793103448,0.0,74.0,48.0,6.0,6.666666666666667,3.2468354430379747,7.0,45.0,52.0,1,15.5,24.7,8.7,8.4,0.692,0.72
823128,2026-06-16,R,Baltimore Orioles,Seattle Mariners,1,3,1,Brandon Young,Logan Gilbert,7.0,6.0,5.6454545454545455,0.0,53.0,64.0,6.0,7.0,3.857142857142857,0.0,68.0,63.0,0,32.3,18.4,5.8,8.6,0.747,0.713
823451,2026-06-16,R,Miami Marlins,Philadelphia Phillies,2,8,1,Tyler Phillips,Jesús Luzardo,6.0,5.666666666666667,3.6818181818181817,3.0,62.0,52.0,5.0,5.0,3.1013513513513513,3.3333333333333335,53.0,35.0,1,28.5,16.6,7.5,7.7,0.764,0.656
823535,2026-06-16,R,Chicago White Sox,New York Yankees,2,12,1,Davis Martin,Gerrit Cole,7.0,4.0,2.357142857142857,0.0,53.0,44.0,6.0,6.0,3.2335329341317367,0.0,52.0,45.0,0,,17.3,,8.0,0.783,0.666
823775,2026-06-16,R,Cleveland Guardians,Milwaukee Brewers,1,2,1,Slade Cecconi,Robert Gasser,7.0,5.0,5.161764705882353,0.0,86.0,62.0,7.0,5.0,2.80188679245283,0.0,40.0,44.0,0,17.2,20.0,13.8,5.9,0.737,0.647
823939,2026-06-16,R,Tampa Bay Rays,Los Angeles Dodgers,0,1,1,Drew Rasmussen,Justin Wrobleski,5.0,4.666666666666667,6.80672268907563,3.0,75.0,59.0,6.0,7.0,4.273381294964029,2.6666666666666665,40.0,51.0,1,27.1,21.7,6.1,6.3,0.77,0.667
824182,2026-06-16,R,Detroit Tigers,Houston Astros,2,4,1,Framber Valdez,Hunter Brown,77.0,6.0,2.927710843373494,5.666666666666667,65.0,77.0,6.0,5.0,1.7007874015748032,6.333333333333333,64.0,32.0,0,28.3,23.3,7.8,8.5,0.74,0.712
824504,2026-06-16,R,New York Mets,Cincinnati Reds,3,5,1,Kodai Senga,Brady Singer,6.0,6.0,4.669172932330827,4.0,47.0,54.0,51.0,2.6666666666666665,4.288235294117647,6.666666666666667,47.0,56.0,1,22.8,22.6,8.4,11.4,0.723,0.777
824667,2026-06-16,R,Colorado Rockies,Chicago Cubs,5,2,0,Ryan Feltner,Edward Cabrera,5.0,5.333333333333333,4.313609467455621,3.3333333333333335,50.0,59.0,5.0,4.333333333333333,6.704697986577181,3.0,73.0,82.0,1,25.8,18.5,8.3,8.9,0.751,0.679
824750,2026-06-16,R,Toronto Blue Jays,Boston Red Sox,6,1,0,Dylan Cease,Payton Tolle,7.0,6.0,2.855769230769231,0.0,47.0,46.0,7.0,6.0,4.166666666666667,0.0,49.0,64.0,0,25.7,29.8,10.8,9.8,0.745,0.755
824912,2026-06-16,R,San Francisco Giants,Atlanta Braves,7,2,0,Adrian Houser,Grant Holmes,7.0,3.6666666666666665,1.7704918032786885,0.0,43.0,45.0,7.0,4.333333333333333,6.264,0.0,62.0,56.0,0,25.0,17.8,11.0,7.3,0.721,0.722
824991,2026-06-16,R,Pittsburgh Pirates,Athletics,6,5,0,Mitch Keller,Jack Perkins,6.0,4.0,6.037267080745342,3.0,79.0,87.0,5.0,4.0,6.230769230769231,4.0,60.0,86.0,1,23.0,20.0,11.2,6.8,0.752,0.662
825070,2026-06-16,R,Los Angeles Angels,Arizona Diamondbacks,7,0,0,Reid Detmers,Merrill Kelly,5.0,6.0,5.120689655172414,2.0,36.0,66.0,6.0,7.0,2.420689655172414,1.0,63.0,50.0,1,22.3,30.1,6.4,9.4,0.742,0.693
822721,2026-06-17,R,Kansas City Royals,Washington Nationals,6,2,0,Luinder Avila,Zack Littell,5.0,1.6666666666666667,4.369942196531792,3.0,75.0,49.0,5.0,0.6666666666666666,3.8835616438356166,2.0,62.0,64.0,1,17.1,28.6,4.2,10.7,0.715,0.721
823044,2026-06-17,R,San Diego Padres,St. Louis Cardinals,6,1,0,Bradgley Rodriguez,Kyle Leahy,5.0,5.0,3.6160714285714284,2.0,73.0,43.0,36.0,1.0,3.0375,3.6666666666666665,45.0,52.0,1,22.0,29.0,7.7,9.7,0.692,0.72
823127,2026-06-17,R,Baltimore Orioles,Seattle Mariners,5,3,0,Kyle Bradish,George Kirby,7.0,6.0,5.914285714285715,2.0,48.0,62.0,6.0,4.0,3.857142857142857,2.0,65.0,64.0,1,26.1,37.3,5.5,7.9,0.747,0.713
823450,2026-06-17,R,Miami Marlins,Philadelphia Phillies,12,4,0,Sandy Alcantara,Andrew Painter,11.0,4.666666666666667,3.857142857142857,2.0,67.0,52.0,5.0,8.0,2.6808510638297873,4.0,48.0,40.0,1,,19.1,,7.7,0.764,0.729
823536,2026-06-17,R,Chicago White Sox,New York Yankees,5,10,1,Anthony Kay,Carlos Rodón,7.0,6.0,1.56198347107438,3.0,61.0,37.0,5.0,5.0,3.473684210526316,4.666666666666667,50.0,51.0,1,25.7,,9.3,,0.797,0.699
823774,2026-06-17,R,Cleveland Guardians,Milwaukee Brewers,4,9,1,Gavin Williams,Brandon Sproat,7.0,6.0,4.963235294117647,3.3333333333333335,80.0,60.0,9.0,5.0,3.306122448979592,2.3333333333333335,32.0,42.0,1,20.2,24.6,8.3,11.8,0.737,0.679
823940,2026-06-17,R,Tampa Bay Rays,Los Angeles Dodgers,4,5,1,Shane McClanahan,Shohei Ohtani,7.0,6.666666666666667,6.339130434782609,3.0,70.0,54.0,5.0,4.0,4.275,1.0,40.0,44.0,1,33.2,,4.3,,0.765,0.735
824178,2026-06-17,R,Detroit Tigers,Houston Astros,2,4,1,Casey Mize,Peter Lambert,7.0,6.333333333333333,2.4695121951219514,3.3333333333333335,63.0,69.0,21.0,4.0,2.0082644628099175,2.0,58.0,36.0,0,,22.2,,5.7,0.706,0.712
824503,2026-06-17,R,New York Mets,Cincinnati Reds,9,1,0,Nolan McLean,Nick Lodolo,5.0,5.333333333333333,5.075187969924812,4.0,48.0,54.0,5.0,4.0,3.8098159509202456,4.0,47.0,53.0,1,24.3,30.3,4.8,8.5,0.723,0.696
824668,2026-06-17,R,Colorado Rockies,Chicago Cubs,6,8,1,Sean Sullivan,Javier Assad,5.0,6.0,4.1657142857142855,4.666666666666667,51.0,62.0,5.0,3.0,6.66,4.333333333333333,70.0,82.0,1,15.0,,7.8,,0.751,0.679
824746,2026-06-17,R,Toronto Blue Jays,Boston Red Sox,3,0,0,Braydon Fisher,Jake Bennett,7.0,5.0,3.6,4.0,46.0,48.0,11.0,1.0,4.178571428571429,4.0,52.0,61.0,0,,30.7,,9.4,0.745,0.755
824913,2026-06-17,R,San Francisco Giants,Atlanta Braves,7,5,0,Carson Whisenhunt,JR Ritchie,30.0,4.0,2.3823529411764706,7.0,41.0,49.0,294.0,5.0,4.628571428571429,8.0,66.0,50.0,0,,15.7,,11.8,0.716,0.722
824992,2026-06-17,R,Pittsburgh Pirates,Athletics,12,4,0,Braxton Ashcraft,Aaron Civale,23.0,4.0,6.3053892215568865,4.0,82.0,92.0,5.0,5.0,5.922580645161291,3.6666666666666665,56.0,85.0,1,20.2,24.3,7.6,8.2,0.752,0.662
825072,2026-06-17,R,Los Angeles Angels,Arizona Diamondbacks,1,8,1,Sam Aldegheri,Eduardo Rodriguez,5.0,2.6666666666666665,4.805084745762712,3.6666666666666665,31.0,67.0,5.0,5.0,2.6,2.0,68.0,42.0,1,20.6,16.4,8.6,13.7,0.742,0.701
822889,2026-06-18,R,Minnesota Twins,Texas Rangers,9,3,0,Joe Ryan,Jack Leiter,6.0,5.0,3.584070796460177,0.0,40.0,55.0,6.0,6.0,6.906976744186046,0.0,64.0,70.0,0,22.9,28.2,10.4,5.7,0.695,0.708
823125,2026-06-18,R,Baltimore Orioles,Seattle Mariners,0,3,1,Shane Baz,Bryan Woo,7.0,5.0,6.2727272727272725,3.0,50.0,60.0,6.0,5.0,3.558139534883721,1.3333333333333333,69.0,59.0,1,27.1,24.8,4.9,9.0,0.747,0.713
823448,2026-06-18,R,New York Mets,Philadelphia Phillies,6,4,0,Sean Manaea,Aaron Nola,5.0,4.666666666666667,3.8297872340425534,7.0,68.0,62.0,5.0,6.0,3.88125,2.0,49.0,53.0,0,24.0,28.5,6.9,4.6,0.747,0.777
823533,2026-06-18,R,Chicago White Sox,New York Yankees,5,1,0,Bryan Hudson,Ryan Weathers,6.0,4.333333333333333,1.7704918032786885,4.0,67.0,37.0,4.0,1.0,4.421052631578948,4.0,47.0,61.0,1,22.3,25.3,7.2,17.3,0.797,0.699
823772,2026-06-18,R,Cleveland Guardians,Milwaukee Brewers,4,2,0,Parker Messick,Shane Drohan,5.0,5.0,4.821428571428571,5.333333333333333,89.0,63.0,8.0,5.666666666666667,3.65625,3.0,31.0,47.0,1,,23.0,,3.6,0.734,0.647
824098,2026-06-18,R,St. Louis Cardinals,Kansas City Royals,6,14,1,Matthew Liberatore,Noah Cameron,5.0,4.333333333333333,3.96,3.3333333333333335,63.0,64.0,5.0,4.333333333333333,3.891891891891892,3.0,69.0,46.0,0,20.5,18.8,7.7,6.2,0.659,0.695
824748,2026-06-18,R,Toronto Blue Jays,Boston Red Sox,4,3,0,Trey Yesavage,Sonny Gray,6.0,6.0,3.532710280373832,3.6666666666666665,38.0,50.0,6.0,5.0,3.412087912087912,7.666666666666667,52.0,54.0,0,26.7,25.8,5.0,11.3,0.745,0.763
824989,2026-06-18,R,Los Angeles Angels,Athletics,0,5,1,Ryan Johnson,Gage Jump,6.0,5.0,7.319277108433735,6.0,81.0,100.0,80.0,3.3333333333333335,2.6808510638297873,5.0,58.0,46.0,0,,22.2,,6.9,0.752,0.701
822886,2026-06-19,R,San Diego Padres,Texas Rangers,7,9,1,Randy Vásquez,Jacob deGrom,6.0,6.0,3.796875,5.0,43.0,64.0,6.0,5.0,2.2771084337349397,0.0,45.0,44.0,0,27.7,13.7,5.5,9.1,0.695,0.72
822966,2026-06-19,R,Washington Nationals,Tampa Bay Rays,2,5,1,PJ Poulin,Griffin Jax,6.0,5.0,4.805084745762712,0.0,42.0,42.0,5.0,1.0,4.238372093023256,0.0,76.0,51.0,0,35.0,24.5,7.4,11.8,0.667,0.715
823124,2026-06-19,R,Boston Red Sox,Seattle Mariners,6,2,0,Ranger Suarez,Bryce Miller,7.0,8.0,5.914285714285715,2.0,53.0,60.0,6.0,5.0,4.00990099009901,2.0,39.0,46.0,0,18.9,23.2,8.7,5.8,0.727,0.745
823534,2026-06-19,R,Cincinnati Reds,New York Yankees,0,5,1,Rhett Lowder,Cam Schlittler,6.0,7.0,2.677685950413223,2.6666666666666665,66.0,41.0,6.0,5.666666666666667,4.7299270072992705,0.0,47.0,58.0,0,27.6,,10.2,,0.783,0.723
823853,2026-06-19,R,San Francisco Giants,Miami Marlins,3,4,1,Landen Roupp,Lake Bachar,6.0,2.0,2.625,0.0,56.0,43.0,7.0,4.666666666666667,4.295454545454546,0.0,60.0,46.0,0,25.3,21.4,10.1,9.5,0.729,0.722
823936,2026-06-19,R,Baltimore Orioles,Los Angeles Dodgers,5,6,1,Trey Gibson,Roki Sasaki,7.0,4.333333333333333,6.0,0.0,66.0,55.0,6.0,4.333333333333333,3.540983606557377,1.0,61.0,60.0,0,17.4,,13.7,,0.77,0.713
824097,2026-06-19,R,St. Louis Cardinals,Kansas City Royals,5,6,1,Michael McGreevy,Seth Lugo,9.0,3.3333333333333335,4.14,4.0,69.0,64.0,5.0,6.0,4.569230769230769,6.333333333333333,75.0,60.0,1,20.5,14.5,9.0,5.0,0.721,0.692
824179,2026-06-19,R,Cleveland Guardians,Houston Astros,3,9,1,Tanner Bibee,Tatsuya Imai,7.0,0.6666666666666666,2.076923076923077,0.0,55.0,57.0,7.0,7.0,3.272727272727273,3.0,34.0,47.0,0,,21.3,,7.1,0.706,0.679
824264,2026-06-19,R,Chicago White Sox,Detroit Tigers,3,4,1,Brandon Eisert,Tarik Skubal,6.0,4.666666666666667,2.109375,0.0,53.0,38.0,10.0,0.6666666666666666,4.05699481865285,7.333333333333333,52.0,62.0,0,32.2,24.2,4.4,8.2,0.774,0.699
824345,2026-06-19,R,Pittsburgh Pirates,Colorado Rockies,3,4,1,Bubba Chandler,Kyle Freeland,6.0,5.666666666666667,6.202702702702703,0.0,72.0,79.0,6.0,5.666666666666667,5.133802816901408,0.0,54.0,77.0,0,17.5,25.0,5.4,3.2,0.679,0.635
824663,2026-06-19,R,Toronto Blue Jays,Chicago Cubs,2,16,1,Kevin Gausman,Ben Brown,6.0,5.0,4.833333333333333,0.0,48.0,57.0,6.0,7.0,3.457317073170732,1.6666666666666667,49.0,55.0,0,25.6,24.4,6.8,6.5,0.751,0.763
824910,2026-06-19,R,Milwaukee Brewers,Atlanta Braves,2,3,1,Jacob Misiorowski,Martín Pérez,6.0,5.333333333333333,1.8837209302325582,0.0,37.0,46.0,7.0,9.0,4.5,4.0,82.0,55.0,0,19.3,32.0,9.6,11.0,0.721,0.734
824990,2026-06-19,R,Los Angeles Angels,Athletics,11,12,1,José Soriano,Jeffrey Springs,5.0,4.0,6.420731707317073,2.0,80.0,93.0,6.0,5.0,2.52,3.0,58.0,51.0,1,19.4,21.0,7.6,10.8,0.752,0.701
825069,2026-06-19,R,Minnesota Twins,Arizona Diamondbacks,5,9,1,Connor Prielipp,Michael Soroka,6.0,7.0,4.839622641509434,0.0,36.0,59.0,6.0,6.0,6.975,4.0,67.0,65.0,0,25.1,,7.7,,0.742,0.708
822885,2026-06-20,R,San Diego Padres,Texas Rangers,6,4,0,Walker Buehler,MacKenzie Gore,5.0,7.0,4.104,3.0,49.0,69.0,6.0,5.0,2.3684210526315788,4.666666666666667,52.0,48.0,1,27.2,16.3,9.3,10.6,0.695,0.691
822967,2026-06-20,R,Washington Nationals,Tampa Bay Rays,4,3,0,Cade Cavalli,Ian Seymour,12.0,4.0,4.57258064516129,4.0,41.0,44.0,7.0,5.0,4.853932584269663,6.0,64.0,55.0,1,26.4,18.3,7.9,6.8,0.735,0.639
823126,2026-06-20,R,Boston Red Sox,Seattle Mariners,5,1,0,Connelly Early,Emerson Hancock,6.0,4.0,6.026785714285714,4.0,52.0,59.0,6.0,4.666666666666667,4.59,2.3333333333333335,40.0,45.0,0,16.6,36.7,8.1,5.1,0.727,0.745
823447,2026-06-20,R,New York Mets,Philadelphia Phillies,3,15,1,Freddy Peralta,Cristopher Sánchez,6.0,5.666666666666667,4.108695652173913,0.0,58.0,58.0,6.0,5.0,3.857142857142857,0.0,50.0,57.0,0,26.3,28.2,5.5,9.1,0.764,0.696
823532,2026-06-20,R,Cincinnati Reds,New York Yankees,10,2,0,Andrew Abbott,Will Warren,6.0,4.0,2.677685950413223,3.0,68.0,36.0,6.0,5.0,3.857142857142857,2.6666666666666665,44.0,53.0,1,24.1,21.8,9.1,6.3,0.797,0.723
823854,2026-06-20,R,San Francisco Giants,Miami Marlins,3,6,1,Trevor McDonald,Max Meyer,6.0,6.0,2.404109589041096,7.666666666666667,60.0,40.0,7.0,3.6666666666666665,4.285714285714286,2.0,45.0,47.0,1,23.9,23.3,7.0,3.3,0.729,0.722
823937,2026-06-20,R,Baltimore Orioles,Los Angeles Dodgers,3,2,0,Trevor Rogers,Yoshinobu Yamamoto,7.0,8.333333333333334,6.267857142857143,3.3333333333333335,71.0,60.0,6.0,6.0,3.888,3.6666666666666665,53.0,63.0,1,29.4,24.3,8.6,6.9,0.765,0.713
824180,2026-06-20,R,Cleveland Guardians,Houston Astros,8,1,0,Joey Cantillo,Spencer Arrighetti,6.0,6.0,2.106382978723404,3.0,59.0,59.0,7.0,5.0,4.59,2.6666666666666665,35.0,53.0,1,19.9,26.9,12.8,10.5,0.74,0.679
824263,2026-06-20,R,Chicago White Sox,Detroit Tigers,1,4,1,Sean Newcomb,Troy Melton,11.0,5.0,1.7142857142857142,3.3333333333333335,50.0,38.0,423.0,5.0,3.8955223880597014,6.666666666666667,49.0,58.0,1,20.0,23.3,8.3,7.9,0.774,0.666
824342,2026-06-20,R,Pittsburgh Pirates,Colorado Rockies,1,2,1,Paul Skenes,Tomoyuki Sugano,6.0,5.0,5.553191489361702,1.6666666666666667,69.0,73.0,6.0,6.0,5.673913043478261,2.0,54.0,75.0,1,15.7,29.5,5.3,5.7,0.679,0.662
824665,2026-06-20,R,Toronto Blue Jays,Chicago Cubs,8,6,0,Patrick Corbin,Colin Rea,11.0,4.666666666666667,3.3096774193548386,3.0,61.0,41.0,6.0,3.6666666666666665,3.13953488372093,6.0,48.0,58.0,1,19.2,19.8,6.6,7.7,0.751,0.763
824909,2026-06-20,R,Milwaukee Brewers,Atlanta Braves,3,4,1,Kyle Harrison,Chris Sale,10.0,5.666666666666667,2.142857142857143,3.0,34.0,45.0,6.0,6.0,4.390243902439025,2.0,75.0,51.0,1,32.4,24.4,6.3,9.0,0.716,0.734
824988,2026-06-20,R,Los Angeles Angels,Athletics,7,0,0,Walbert Ureña,J.T. Ginn,5.0,6.0,6.947368421052632,6.333333333333333,91.0,99.0,5.0,7.0,3.4394904458598727,4.333333333333333,69.0,62.0,1,25.3,,7.9,,0.752,0.693
825068,2026-06-20,R,Minnesota Twins,Arizona Diamondbacks,16,8,0,Taj Bradley,Zac Gallen,6.0,6.0,3.889830508474576,8.0,44.0,50.0,6.0,6.666666666666667,7.425,2.0,67.0,71.0,1,21.5,21.0,8.1,9.3,0.764,0.708
822883,2026-06-21,R,San Diego Padres,Texas Rangers,3,4,1,Wandy Peralta,Nathan Eovaldi,7.0,7.0,4.790322580645161,4.0,53.0,69.0,6.0,1.0,2.4971098265895955,4.666666666666667,55.0,50.0,1,26.0,20.1,4.2,9.6,0.653,0.72
822968,2026-06-21,R,Washington Nationals,Tampa Bay Rays,3,4,1,Andrew Alvarez,Nick Martinez,6.0,5.333333333333333,4.677165354330708,4.0,41.0,44.0,6.0,4.0,4.816216216216216,6.333333333333333,62.0,57.0,1,17.0,20.4,6.1,10.2,0.667,0.715
823123,2026-06-21,R,Boston Red Sox,Seattle Mariners,1,3,1,Payton Tolle,Logan Gilbert,5.0,7.0,5.921052631578948,3.6666666666666665,49.0,64.0,5.0,5.0,4.2110091743119265,3.0,45.0,46.0,0,32.3,25.7,5.8,10.8,0.727,0.745
823449,2026-06-21,R,New York Mets,Philadelphia Phillies,2,6,1,David Peterson,Zack Wheeler,6.0,6.0,4.634328358208955,3.0,70.0,55.0,26.0,5.0,4.105263157894737,5.333333333333333,51.0,69.0,0,33.3,20.7,5.6,9.0,0.747,0.777
823531,2026-06-21,R,Cincinnati Reds,New York Yankees,4,1,0,Chase Burns,Elmer Rodríguez,35.0,4.333333333333333,3.2977099236641223,3.3333333333333335,70.0,46.0,6.0,5.0,3.573529411764706,4.0,49.0,49.0,1,,35.6,,8.5,0.783,0.723
823852,2026-06-21,R,San Francisco Giants,Miami Marlins,1,2,1,Logan Webb,Ryan Gusto,6.0,4.666666666666667,2.1214285714285714,4.0,62.0,40.0,7.0,8.0,4.122137404580153,5.0,46.0,50.0,1,21.4,26.2,7.9,5.4,0.729,0.722
823934,2026-06-21,R,Baltimore Orioles,Los Angeles Dodgers,12,1,0,Brandon Young,Emmet Sheehan,7.0,5.0,5.720338983050848,3.0,64.0,61.0,5.0,6.0,4.084033613445378,2.0,52.0,59.0,1,30.6,18.4,7.6,8.6,0.77,0.713
824095,2026-06-21,R,St. Louis Cardinals,Kansas City Royals,12,10,0,Dustin May,Stephen Kolek,7.0,7.333333333333333,4.821428571428571,0.0,69.0,62.0,6.0,9.0,5.6454545454545455,0.0,64.0,58.0,1,16.7,21.1,6.7,9.6,0.721,0.692
824177,2026-06-21,R,Cleveland Guardians,Houston Astros,1,2,1,Slade Cecconi,Kai-Wei Teng,6.0,3.3333333333333335,2.5434782608695654,3.0,47.0,65.0,5.0,5.666666666666667,4.59,1.0,37.0,54.0,1,28.1,20.0,12.2,5.9,0.706,0.679
824260,2026-06-21,R,Chicago White Sox,Detroit Tigers,4,5,1,Davis Martin,Keider Montero,10.0,6.333333333333333,1.7560975609756098,3.0,54.0,35.0,5.0,3.3333333333333335,4.05699481865285,5.0,44.0,59.0,1,18.5,17.3,8.0,8.0,0.712,0.666
824343,2026-06-21,R,Pittsburgh Pirates,Colorado Rockies,8,6,0,Jared Jones,Michael Lorenzen,6.0,5.0,4.909090909090909,3.0,70.0,67.0,6.0,4.0,5.8,2.0,52.0,71.0,1,21.0,,6.4,,0.679,0.662
824908,2026-06-21,R,Milwaukee Brewers,Atlanta Braves,9,4,0,Robert Gasser,Bryce Elder,7.0,4.0,2.3951612903225805,3.3333333333333335,32.0,45.0,5.0,5.666666666666667,4.829268292682927,2.0,71.0,54.0,1,19.3,17.2,7.5,13.8,0.716,0.737
824987,2026-06-21,R,Los Angeles Angels,Athletics,9,7,0,Reid Detmers,Jack Perkins,5.0,5.0,6.829411764705882,3.6666666666666665,89.0,93.0,5.0,7.0,3.5136986301369864,4.0,74.0,53.0,1,23.0,30.1,11.2,9.4,0.74,0.693
825067,2026-06-21,R,Minnesota Twins,Arizona Diamondbacks,4,2,0,Mike Paredes,Jose Cabrera,,,4.752,5.0,51.0,60.0,6.0,4.666666666666667,8.121951219512194,4.0,81.0,76.0,1,,,,,0.764,0.708
822720,2026-06-22,R,Philadelphia Phillies,Washington Nationals,1,4,1,Tim Mayza,Foster Griffin,6.0,6.0,5.026595744680851,4.0,64.0,56.0,53.0,2.0,4.776923076923077,3.3333333333333335,67.0,52.0,0,,20.3,,6.8,0.639,0.747
822800,2026-06-22,R,Houston Astros,Toronto Blue Jays,2,4,1,Hunter Brown,Dylan Cease,6.0,5.0,3.375,0.0,44.0,56.0,6.0,5.666666666666667,2.6,3.0,49.0,61.0,0,29.8,28.3,9.8,7.8,0.763,0.706
822964,2026-06-22,R,Kansas City Royals,Tampa Bay Rays,2,1,0,Michael Wacha,Drew Rasmussen,6.0,7.0,4.039370078740157,3.0,44.0,43.0,6.0,6.0,4.235294117647059,7.333333333333333,73.0,69.0,0,21.7,17.6,6.3,6.3,0.735,0.721
823040,2026-06-22,R,Arizona Diamondbacks,St. Louis Cardinals,2,3,1,Merrill Kelly,Andre Pallante,6.0,7.0,5.754098360655738,7.0,71.0,65.0,6.0,5.333333333333333,5.152671755725191,4.0,48.0,63.0,0,15.5,22.3,8.7,6.4,0.692,0.764
823288,2026-06-22,R,Atlanta Braves,San Diego Padres,0,1,1,Grant Holmes,Michael King,6.0,4.333333333333333,2.564245810055866,7.0,55.0,47.0,6.0,2.0,2.3951612903225805,3.0,33.0,52.0,0,24.7,25.0,8.4,11.0,0.72,0.721
823692,2026-06-22,R,Los Angeles Dodgers,Minnesota Twins,2,1,0,Will Klein,Zebby Matthews,6.0,7.0,7.363636363636363,4.0,80.0,72.0,38.0,2.0,4.821428571428571,5.666666666666667,60.0,60.0,0,24.9,30.0,6.8,14.3,0.708,0.77
823851,2026-06-22,R,Texas Rangers,Miami Marlins,4,3,0,Tyler Alexander,Tyler Phillips,6.0,4.0,2.0067567567567566,4.666666666666667,60.0,40.0,34.0,1.0,4.790322580645161,3.0,47.0,72.0,0,16.6,19.4,7.7,7.1,0.656,0.695
824016,2026-06-22,R,Baltimore Orioles,Los Angeles Angels,6,1,0,Kyle Bradish,Sam Aldegheri,5.0,3.0,3.6986301369863015,3.0,70.0,55.0,5.0,7.666666666666667,3.7016129032258065,4.0,60.0,54.0,0,16.4,37.3,13.7,7.9,0.693,0.661
824261,2026-06-22,R,New York Yankees,Detroit Tigers,3,5,1,Gerrit Cole,Framber Valdez,6.0,6.0,1.575,3.0,54.0,35.0,6.0,6.0,3.176470588235294,5.0,65.0,49.0,0,23.3,,8.5,,0.712,0.797
824344,2026-06-22,R,Boston Red Sox,Colorado Rockies,2,3,1,Jake Bennett,Ryan Feltner,6.0,4.666666666666667,3.9160305343511452,3.6666666666666665,72.0,63.0,5.0,5.333333333333333,2.9454545454545453,2.0,45.0,43.0,0,18.5,,8.9,,0.679,0.745
824502,2026-06-22,R,Milwaukee Brewers,Cincinnati Reds,2,1,0,Brandon Woodruff,Brady Singer,6.0,5.0,3.045112781954887,4.0,50.0,45.0,53.0,1.3333333333333333,5.008064516129032,3.0,68.0,54.0,0,22.8,32.3,8.4,5.4,0.723,0.737
824585,2026-06-22,R,Cleveland Guardians,Chicago White Sox,5,6,1,Gavin Williams,Anthony Kay,5.0,4.0,3.6,3.0,43.0,55.0,5.0,5.0,3.8969072164948453,2.0,38.0,46.0,0,,24.6,,11.8,0.666,0.647
822718,2026-06-23,R,Philadelphia Phillies,Washington Nationals,14,9,0,Jesús Luzardo,PJ Poulin,4.0,2.0,5.112426035502959,1.6666666666666667,64.0,54.0,7.0,7.0,4.841379310344828,7.0,63.0,54.0,1,24.5,28.5,11.8,7.5,0.639,0.747
822799,2026-06-23,R,Houston Astros,Toronto Blue Jays,9,7,0,Peter Lambert,Shane Bieber,238.0,5.333333333333333,3.5625,3.3333333333333335,46.0,53.0,6.0,7.0,2.9347826086956523,5.0,46.0,61.0,1,23.3,,4.4,,0.763,0.706
822963,2026-06-23,R,Kansas City Royals,Tampa Bay Rays,12,5,0,Luinder Avila,Shane McClanahan,6.0,3.6666666666666665,4.239669421487603,3.0,42.0,44.0,6.0,5.666666666666667,4.0754716981132075,2.0,75.0,70.0,0,,28.6,,10.7,0.735,0.659
823043,2026-06-23,R,Arizona Diamondbacks,St. Louis Cardinals,4,3,0,Eduardo Rodriguez,Kyle Leahy,6.0,6.0,5.564885496183206,3.0,74.0,67.0,6.0,7.0,4.927007299270073,2.0,50.0,66.0,1,22.0,20.6,7.7,8.6,0.695,0.764
823210,2026-06-23,R,Athletics,San Francisco Giants,1,3,1,Aaron Civale,Robbie Ray,13.0,5.666666666666667,4.061946902654867,0.0,42.0,47.0,6.0,3.0,7.0588235294117645,0.0,77.0,87.0,0,24.6,20.2,9.7,7.6,0.722,0.74
823286,2026-06-23,R,Atlanta Braves,San Diego Padres,6,7,1,JR Ritchie,Wandy Peralta,2.0,1.0,2.511627906976744,2.0,50.0,45.0,6.0,5.0,2.216417910447761,3.3333333333333335,33.0,53.0,1,20.1,,9.6,,0.72,0.716
823365,2026-06-23,R,Seattle Mariners,Pittsburgh Pirates,3,2,0,George Kirby,Mitch Keller,7.0,5.333333333333333,6.340909090909091,0.0,58.0,74.0,6.0,6.0,5.079207920792079,0.0,42.0,57.0,0,20.0,26.1,6.8,5.5,0.662,0.747
823614,2026-06-23,R,Chicago Cubs,New York Mets,9,6,0,Edward Cabrera,Kodai Senga,7.0,4.0,4.0754716981132075,0.0,46.0,72.0,7.0,4.333333333333333,5.4,0.0,63.0,45.0,0,22.6,25.8,11.4,8.3,0.777,0.751
823690,2026-06-23,R,Los Angeles Dodgers,Minnesota Twins,12,3,0,Justin Wrobleski,Kendry Rojas,36.0,4.0,6.8538461538461535,3.0,81.0,74.0,7.0,6.0,3.9705882352941178,8.0,62.0,61.0,0,,27.1,,6.1,0.706,0.765
823849,2026-06-23,R,Texas Rangers,Miami Marlins,4,6,1,Cal Quantrill,Sandy Alcantara,6.0,6.0,2.2356687898089174,3.0,63.0,44.0,299.0,3.3333333333333335,4.5608108108108105,8.0,51.0,75.0,0,19.1,16.6,7.7,6.8,0.729,0.695
824017,2026-06-23,R,Baltimore Orioles,Los Angeles Angels,1,5,1,Shane Baz,Ryan Johnson,5.0,5.0,3.7241379310344827,4.333333333333333,67.0,56.0,5.0,7.0,3.5526315789473686,1.0,63.0,49.0,0,22.2,24.8,6.9,9.0,0.693,0.713
824262,2026-06-23,R,New York Yankees,Detroit Tigers,4,3,0,Carlos Rodón,Casey Mize,6.0,4.666666666666667,1.8837209302325582,3.0,59.0,38.0,6.0,5.0,2.9076923076923076,3.6666666666666665,61.0,49.0,1,22.2,25.7,5.7,9.3,0.774,0.783
824340,2026-06-23,R,Boston Red Sox,Colorado Rockies,5,2,0,Sonny Gray,Sean Sullivan,6.0,4.0,3.664285714285714,3.0,75.0,65.0,5.0,7.0,3.5660377358490565,2.0,46.0,43.0,1,,26.7,,5.0,0.679,0.743
824501,2026-06-23,R,Milwaukee Brewers,Cincinnati Reds,2,0,0,Brandon Sproat,Nick Lodolo,6.0,4.666666666666667,2.5808823529411766,3.0,49.0,41.0,6.0,3.6666666666666665,4.542056074766355,4.0,55.0,41.0,0,24.3,20.2,4.8,8.3,0.723,0.734
824584,2026-06-23,R,Cleveland Guardians,Chicago White Sox,1,2,1,Parker Messick,Sean Burke,10.0,4.0,4.142857142857143,3.0,49.0,60.0,5.0,6.0,4.645161290322581,3.6666666666666665,38.0,45.0,1,22.3,23.0,10.6,3.6,0.699,0.679
822719,2026-06-24,R,Philadelphia Phillies,Washington Nationals,5,4,0,Aaron Nola,Carson Palmquist,368.0,4.0,6.825842696629214,8.0,67.0,65.0,6.0,5.0,5.178082191780822,2.3333333333333335,75.0,60.0,1,15.4,24.0,14.3,6.9,0.715,0.747
822798,2026-06-24,R,Houston Astros,Toronto Blue Jays,3,1,0,Mike Burrows,Trey Yesavage,6.0,7.333333333333333,3.611464968152866,7.333333333333333,50.0,60.0,11.0,5.0,3.1655172413793102,6.333333333333333,54.0,58.0,1,25.8,24.1,11.3,7.7,0.763,0.706
822965,2026-06-24,R,Kansas City Royals,Tampa Bay Rays,3,5,1,Noah Cameron,Griffin Jax,5.0,5.0,5.443548387096774,3.0,43.0,53.0,6.0,5.0,4.584905660377358,4.0,82.0,72.0,0,35.0,20.5,7.4,7.7,0.667,0.721
823041,2026-06-24,R,Arizona Diamondbacks,St. Louis Cardinals,9,4,0,Mitch Bratt,Matthew Liberatore,6.0,1.6666666666666667,6.230769230769231,2.6666666666666665,70.0,71.0,,,4.367647058823529,2.3333333333333335,48.0,59.0,1,18.8,,6.2,,0.695,0.742
823208,2026-06-24,R,Athletics,San Francisco Giants,1,2,1,Gage Jump,Tyler Mahle,29.0,5.0,3.7058823529411766,1.0,42.0,42.0,6.0,7.0,7.141935483870967,4.0,71.0,85.0,1,19.1,,8.4,,0.631,0.752
823284,2026-06-24,R,Atlanta Braves,San Diego Padres,2,5,1,Martín Pérez,JP Sears,269.0,5.666666666666667,3.1853932584269664,9.0,54.0,46.0,5.0,6.0,2.109375,4.0,34.0,54.0,1,20.1,19.3,6.2,9.6,0.691,0.716
823367,2026-06-24,R,Seattle Mariners,Pittsburgh Pirates,1,11,1,Bryan Woo,Braxton Ashcraft,7.0,6.0,4.909090909090909,3.0,57.0,65.0,6.0,7.0,4.683673469387755,3.0,39.0,54.0,0,24.3,27.1,8.2,4.9,0.662,0.747
823613,2026-06-24,R,Chicago Cubs,New York Mets,10,3,0,Javier Assad,Nolan McLean,7.0,7.0,4.066265060240964,5.333333333333333,52.0,74.0,7.0,5.666666666666667,6.165354330708661,4.0,69.0,44.0,0,30.3,15.0,8.5,7.8,0.777,0.751
823691,2026-06-24,R,Los Angeles Dodgers,Minnesota Twins,4,3,0,Shohei Ohtani,Joe Ryan,6.0,5.0,7.328571428571428,7.0,80.0,76.0,7.0,6.0,4.090909090909091,2.0,62.0,61.0,0,28.2,33.2,5.7,4.3,0.708,0.77
823850,2026-06-24,R,Texas Rangers,Miami Marlins,2,4,1,Jacob deGrom,Eury Pérez,28.0,4.0,2.2941176470588234,2.3333333333333335,59.0,42.0,5.0,6.0,4.9245283018867925,6.0,52.0,76.0,0,27.3,27.7,8.3,5.5,0.729,0.695
824018,2026-06-24,R,Baltimore Orioles,Los Angeles Angels,6,7,1,Trey Gibson,José Soriano,5.0,5.0,3.8028169014084505,3.0,62.0,56.0,5.0,5.0,3.190909090909091,3.0,59.0,48.0,0,21.0,,10.8,,0.693,0.713
824259,2026-06-24,R,New York Yankees,Detroit Tigers,4,2,0,Ryan Weathers,Tarik Skubal,5.0,5.666666666666667,1.9133858267716535,3.3333333333333335,52.0,38.0,6.0,6.333333333333333,3.0,3.6666666666666665,62.0,50.0,1,32.2,22.3,4.4,7.2,0.774,0.797
824341,2026-06-24,R,Boston Red Sox,Colorado Rockies,6,8,1,Ranger Suarez,Kyle Freeland,5.0,7.333333333333333,4.05,4.0,70.0,67.0,5.0,6.666666666666667,3.8207547169811322,2.0,48.0,41.0,1,17.5,23.2,5.4,5.8,0.679,0.743
824500,2026-06-24,R,Milwaukee Brewers,Cincinnati Reds,6,5,0,Shane Drohan,Rhett Lowder,5.0,5.333333333333333,2.8208955223880596,5.0,44.0,40.0,6.0,5.0,4.289719626168225,3.0,52.0,34.0,0,,,,,0.653,0.737
824583,2026-06-24,R,Cleveland Guardians,Chicago White Sox,4,3,0,Tanner Bibee,Chris Murphy,,,4.4733727810650885,2.6666666666666665,45.0,56.0,5.0,5.333333333333333,4.939024390243903,0.3333333333333333,37.0,44.0,1,20.3,21.3,13.5,7.1,0.666,0.647
823611,2026-06-24,R,Chicago Cubs,New York Mets,10,5,0,Shota Imanaga,Sean Manaea,6.0,5.333333333333333,4.474285714285714,5.333333333333333,55.0,84.0,9.0,5.666666666666667,5.633093525179856,4.0,79.0,47.0,0,28.5,20.6,4.6,4.6,0.696,0.751
822717,2026-06-25,R,Philadelphia Phillies,Washington Nationals,10,5,0,Cristopher Sánchez,Cade Cavalli,5.0,2.6666666666666665,5.285714285714286,5.666666666666667,61.0,59.0,5.0,6.0,4.925675675675675,4.0,73.0,60.0,1,18.3,26.3,6.8,5.5,0.639,0.764
822797,2026-06-25,R,Texas Rangers,Toronto Blue Jays,6,5,0,MacKenzie Gore,Kevin Gausman,6.0,2.0,3.6,3.3333333333333335,47.0,56.0,5.0,6.0,5.22,2.0,48.0,76.0,0,24.4,27.2,6.5,9.3,0.755,0.695
822961,2026-06-25,R,Kansas City Royals,Tampa Bay Rays,2,13,1,Seth Lugo,Casey Legumina,11.0,1.6666666666666667,4.361538461538461,4.0,41.0,51.0,6.0,6.0,4.195945945945946,3.0,81.0,71.0,0,25.1,20.5,11.4,9.0,0.735,0.721
823209,2026-06-25,R,Athletics,San Francisco Giants,9,6,0,Jeffrey Springs,Landen Roupp,6.0,6.0,2.6470588235294117,3.3333333333333335,33.0,33.0,6.0,3.6666666666666665,7.688741721854305,3.6666666666666665,68.0,84.0,1,21.4,19.4,9.5,7.6,0.631,0.752
823366,2026-06-25,R,Seattle Mariners,Pittsburgh Pirates,1,5,1,Bryce Miller,Bubba Chandler,6.0,6.0,3.857142857142857,3.0,59.0,58.0,6.0,5.0,4.9326923076923075,4.0,38.0,58.0,0,25.0,18.9,3.2,8.7,0.662,0.747
823612,2026-06-25,R,Chicago Cubs,New York Mets,4,3,0,Matthew Boyd,Freddy Peralta,5.0,2.6666666666666665,3.834319526627219,9.0,58.0,85.0,53.0,6.0,5.170212765957447,7.666666666666667,87.0,49.0,0,28.2,21.4,9.1,5.8,0.696,0.751
824258,2026-06-25,R,Houston Astros,Detroit Tigers,2,1,0,Tatsuya Imai,Troy Melton,5.0,6.0,1.5241935483870968,3.0,50.0,36.0,6.0,6.0,3.143835616438356,3.0,55.0,56.0,0,20.0,,8.3,,0.712,0.706
824747,2026-06-25,R,New York Yankees,Boston Red Sox,3,6,1,Cam Schlittler,Connelly Early,5.0,6.0,3.6699029126213594,2.0,49.0,42.0,6.0,6.0,2.7857142857142856,3.0,58.0,48.0,0,36.7,27.6,5.1,10.2,0.745,0.797
822796,2026-06-26,R,Texas Rangers,Toronto Blue Jays,5,4,0,Nathan Eovaldi,Patrick Corbin,6.0,3.6666666666666665,3.3962264150943398,3.0,52.0,62.0,5.0,6.0,5.853146853146853,2.0,50.0,79.0,0,19.8,26.0,7.7,4.2,0.763,0.653
822962,2026-06-26,R,Arizona Diamondbacks,Tampa Bay Rays,1,6,1,Zac Gallen,Nick Martinez,5.0,6.0,4.0588235294117645,7.666666666666667,54.0,53.0,6.0,4.0,4.764705882352941,0.0,57.0,53.0,0,17.0,21.5,6.1,8.1,0.735,0.764
823039,2026-06-26,R,Miami Marlins,St. Louis Cardinals,4,0,0,Max Meyer,Michael McGreevy,7.0,5.0,6.694214876033058,0.0,61.0,73.0,6.0,5.0,2.7194244604316546,0.0,53.0,44.0,0,14.5,23.9,5.0,7.0,0.692,0.729
823206,2026-06-26,R,Atlanta Braves,San Francisco Giants,3,1,0,Reynaldo López,Trevor McDonald,6.0,3.0,4.135135135135135,3.0,39.0,42.0,66.0,1.0,2.43609022556391,0.0,35.0,57.0,0,23.3,4.0,3.3,8.0,0.722,0.721
823285,2026-06-26,R,Los Angeles Dodgers,San Diego Padres,1,7,1,Roki Sasaki,Walker Buehler,6.0,5.333333333333333,2.983425414364641,0.0,54.0,44.0,7.0,5.666666666666667,2.8306451612903225,0.0,50.0,49.0,0,16.3,17.4,10.6,13.7,0.72,0.77
823363,2026-06-26,R,Cincinnati Reds,Pittsburgh Pirates,6,4,0,Andrew Abbott,Paul Skenes,6.0,6.0,3.540983606557377,3.6666666666666665,58.0,51.0,6.0,5.0,2.7794117647058822,0.0,45.0,41.0,0,29.5,21.8,5.7,6.3,0.635,0.723
823610,2026-06-26,R,Philadelphia Phillies,New York Mets,2,1,0,Zack Wheeler,Zac Thornton,37.0,4.333333333333333,3.834319526627219,4.333333333333333,56.0,85.0,5.0,5.666666666666667,4.55625,4.0,83.0,65.0,0,,33.3,,5.6,0.777,0.747
823688,2026-06-26,R,Colorado Rockies,Minnesota Twins,8,9,1,Tomoyuki Sugano,Taj Bradley,6.0,5.0,6.912,0.0,77.0,65.0,6.0,6.0,3.731707317073171,0.0,72.0,62.0,0,21.0,15.7,9.3,5.3,0.708,0.679
823773,2026-06-26,R,Chicago Cubs,Milwaukee Brewers,2,6,1,Colin Rea,Jacob Misiorowski,7.0,6.0,4.460869565217391,0.0,55.0,35.0,6.0,5.333333333333333,5.363013698630137,5.333333333333333,82.0,49.0,0,32.0,19.2,11.0,6.6,0.737,0.751
824014,2026-06-26,R,Athletics,Los Angeles Angels,9,3,0,J.T. Ginn,Walbert Ureña,6.0,5.0,3.5064935064935066,0.0,66.0,60.0,6.0,5.333333333333333,7.666666666666667,3.6666666666666665,77.0,90.0,0,,25.3,,7.9,0.693,0.752
824255,2026-06-26,R,Houston Astros,Detroit Tigers,0,8,1,Spencer Arrighetti,Keider Montero,5.0,7.0,1.728,3.0,40.0,38.0,6.0,6.0,3.1354838709677417,3.0,57.0,57.0,0,18.5,19.9,8.0,12.8,0.712,0.706
824423,2026-06-26,R,Seattle Mariners,Cleveland Guardians,3,1,0,Luis Castillo,Joey Cantillo,6.0,8.0,4.821428571428571,0.0,37.0,39.0,13.0,5.666666666666667,5.5588235294117645,2.3333333333333335,34.0,56.0,0,26.9,21.7,10.5,6.2,0.679,0.727
824582,2026-06-26,R,Kansas City Royals,Chicago White Sox,1,22,1,Steven Cruz,David Sandlin,25.0,4.0,4.354838709677419,0.0,46.0,59.0,,,5.185430463576159,3.0,81.0,80.0,0,,20.1,,9.5,0.666,0.721
824743,2026-06-26,R,New York Yankees,Boston Red Sox,1,6,1,Will Warren,Payton Tolle,5.0,6.0,3.6160714285714284,3.0,55.0,45.0,6.0,5.666666666666667,2.6,3.0,61.0,54.0,1,25.7,24.1,10.8,9.1,0.745,0.797
824824,2026-06-26,R,Washington Nationals,Baltimore Orioles,1,3,1,Andrew Alvarez,Trevor Rogers,6.0,7.0,3.5660377358490565,0.0,51.0,48.0,5.0,4.0,6.136363636363637,3.0,66.0,69.0,0,24.3,20.4,6.9,10.2,0.661,0.639
822794,2026-06-27,R,Texas Rangers,Toronto Blue Jays,7,4,0,Cal Quantrill,Dylan Cease,5.0,5.666666666666667,3.3540372670807455,4.666666666666667,48.0,62.0,4.0,2.0,5.978571428571429,2.0,54.0,73.0,0,29.8,16.6,9.8,6.8,0.763,0.695
822960,2026-06-27,R,Arizona Diamondbacks,Tampa Bay Rays,2,4,1,Jose Cabrera,Cole Sulser,73.0,2.0,4.112582781456954,3.3333333333333335,57.0,50.0,6.0,5.0,5.578512396694215,1.3333333333333333,53.0,57.0,1,24.4,,7.8,,0.735,0.764
823038,2026-06-27,R,Miami Marlins,St. Louis Cardinals,5,1,0,Ryan Gusto,Andre Pallante,5.0,6.0,6.471074380165289,3.0,53.0,68.0,6.0,4.333333333333333,2.6619718309859155,2.0,49.0,41.0,0,15.5,21.4,8.7,7.9,0.692,0.729
823207,2026-06-27,R,Atlanta Braves,San Francisco Giants,0,5,1,Bryce Elder,Logan Webb,6.0,8.0,3.963302752293578,3.6666666666666665,39.0,40.0,6.0,6.0,2.3823529411764706,6.0,33.0,51.0,0,26.2,19.3,5.4,7.5,0.722,0.721
823283,2026-06-27,R,Los Angeles Dodgers,San Diego Padres,15,3,0,Yoshinobu Yamamoto,Kyle Hart,395.0,4.666666666666667,2.9508196721311477,3.6666666666666665,58.0,38.0,7.0,6.0,3.456,4.0,49.0,48.0,1,20.7,29.4,7.3,8.6,0.72,0.765
823364,2026-06-27,R,Cincinnati Reds,Pittsburgh Pirates,9,7,0,Chase Burns,Jared Jones,6.0,3.0,2.6557377049180326,4.0,59.0,49.0,6.0,5.0,2.7794117647058822,3.6666666666666665,49.0,40.0,0,,35.6,,8.5,0.662,0.723
823609,2026-06-27,R,Philadelphia Phillies,New York Mets,2,6,1,Tim Mayza,Christian Scott,16.0,4.666666666666667,3.644171779141104,3.0,50.0,82.0,5.0,1.0,4.096551724137931,2.0,85.0,60.0,0,,20.3,,6.8,0.696,0.764
823689,2026-06-27,R,Colorado Rockies,Minnesota Twins,8,5,0,Michael Lorenzen,Mike Paredes,6.0,5.0,7.128,3.0,77.0,65.0,6.0,5.333333333333333,2.925,4.0,76.0,65.0,1,,21.0,,6.4,0.708,0.679
823770,2026-06-27,R,Chicago Cubs,Milwaukee Brewers,8,2,0,David Peterson,Kyle Harrison,7.0,6.333333333333333,4.354838709677419,3.0,55.0,37.0,6.0,4.0,6.102739726027397,3.0,79.0,54.0,1,24.4,20.7,9.0,9.0,0.734,0.751
824015,2026-06-27,R,Athletics,Los Angeles Angels,2,5,1,Jack Perkins,Reid Detmers,6.0,6.0,3.4615384615384617,4.666666666666667,65.0,66.0,6.0,5.0,7.6415094339622645,3.0,80.0,89.0,0,30.1,23.0,9.4,11.2,0.693,0.74
824257,2026-06-27,R,Houston Astros,Detroit Tigers,8,6,0,Kai-Wei Teng,Framber Valdez,5.0,6.0,1.6293103448275863,2.0,46.0,35.0,6.0,6.0,2.793103448275862,5.0,47.0,57.0,0,23.3,28.1,8.5,12.2,0.712,0.74
824421,2026-06-27,R,Seattle Mariners,Cleveland Guardians,3,4,1,Logan Gilbert,Slade Cecconi,6.0,6.0,5.275862068965517,3.0,35.0,40.0,6.0,6.333333333333333,5.25,3.0,27.0,55.0,0,20.0,32.3,5.9,5.8,0.679,0.747
824581,2026-06-27,R,Kansas City Royals,Chicago White Sox,1,2,1,Michael Wacha,Davis Martin,6.0,6.0,4.426229508196721,3.0,60.0,58.0,5.0,7.0,8.876712328767123,6.666666666666667,74.0,92.0,1,17.3,17.6,8.0,6.3,0.666,0.721
824745,2026-06-27,R,New York Yankees,Boston Red Sox,1,4,1,Gerrit Cole,Jake Bennett,5.0,6.0,3.963302752293578,2.0,51.0,45.0,5.0,4.333333333333333,2.4732824427480917,2.3333333333333335,57.0,52.0,1,,,,,0.745,0.797
824825,2026-06-27,R,Washington Nationals,Baltimore Orioles,4,3,0,Foster Griffin,Brandon Young,6.0,5.0,3.7058823529411766,2.6666666666666665,47.0,46.0,5.0,7.333333333333333,5.919786096256685,3.6666666666666665,65.0,62.0,1,18.4,,8.6,,0.661,0.715
822795,2026-06-28,R,Texas Rangers,Toronto Blue Jays,3,2,0,Kumar Rocker,Shane Bieber,5.0,3.6666666666666665,3.375,4.333333333333333,51.0,66.0,12.0,3.3333333333333335,5.617449664429531,5.0,58.0,71.0,0,23.3,19.5,4.4,8.0,0.763,0.695
822959,2026-06-28,R,Arizona Diamondbacks,Tampa Bay Rays,1,5,1,Merrill Kelly,Drew Rasmussen,6.0,6.0,2.815950920245399,7.0,61.0,44.0,6.0,6.0,5.102362204724409,3.0,54.0,59.0,1,21.7,22.3,6.3,6.4,0.735,0.764
823037,2026-06-28,R,Miami Marlins,St. Louis Cardinals,1,2,1,Tyler Phillips,Kyle Leahy,5.0,6.333333333333333,6.394736842105263,2.3333333333333335,45.0,67.0,6.0,6.0,2.4893617021276597,5.666666666666667,52.0,39.0,0,22.0,16.6,7.7,7.7,0.692,0.729
823204,2026-06-28,R,Atlanta Braves,San Francisco Giants,2,3,1,Chris Sale,Robbie Ray,5.0,8.0,3.8181818181818183,2.0,43.0,34.0,8.0,5.666666666666667,2.3649635036496353,4.0,30.0,55.0,0,24.6,32.4,9.7,6.3,0.631,0.716
823281,2026-06-28,R,Los Angeles Dodgers,San Diego Padres,4,2,0,Emmet Sheehan,Michael King,6.0,7.0,3.9375,7.0,52.0,50.0,7.0,3.3333333333333335,3.477272727272727,3.0,57.0,50.0,1,24.7,30.6,8.4,7.6,0.72,0.77
823362,2026-06-28,R,Cincinnati Reds,Pittsburgh Pirates,4,9,1,Brady Singer,Mitch Keller,5.0,6.0,3.672,4.333333333333333,63.0,56.0,6.0,7.0,3.2,3.0,56.0,46.0,0,20.0,22.8,6.8,8.4,0.662,0.723
823608,2026-06-28,R,Philadelphia Phillies,New York Mets,5,4,0,Jesús Luzardo,Cionel Pérez,,,3.375,4.666666666666667,55.0,81.0,5.0,6.666666666666667,4.0855263157894735,6.666666666666667,78.0,58.0,0,19.1,28.5,16.4,7.5,0.696,0.747
823686,2026-06-28,R,Colorado Rockies,Minnesota Twins,2,3,1,Ryan Feltner,Connor Prielipp,9.0,6.0,7.015748031496063,3.6666666666666665,76.0,64.0,6.0,6.0,3.292682926829268,3.3333333333333335,79.0,63.0,1,,18.5,,8.9,0.708,0.679
823769,2026-06-28,R,Chicago Cubs,Milwaukee Brewers,4,3,0,Ryan Rolison,Brandon Woodruff,6.0,6.0,4.57258064516129,4.0,49.0,36.0,14.0,1.3333333333333333,6.1875,3.3333333333333335,81.0,55.0,1,32.3,13.0,5.4,10.4,0.734,0.751
824011,2026-06-28,R,Athletics,Los Angeles Angels,1,4,1,Aaron Civale,Sam Aldegheri,6.0,4.666666666666667,3.5064935064935066,3.3333333333333335,62.0,68.0,5.0,4.0,8.064935064935066,3.0,75.0,89.0,0,16.4,20.2,13.7,7.6,0.693,0.74
824256,2026-06-28,R,Houston Astros,Detroit Tigers,7,5,0,Hunter Brown,Jack Flaherty,16.0,3.0,2.347826086956522,3.0,51.0,40.0,6.0,3.0,2.5369127516778525,5.333333333333333,47.0,56.0,0,27.6,28.3,8.7,7.8,0.712,0.706
824422,2026-06-28,R,Seattle Mariners,Cleveland Guardians,5,6,1,Emerson Hancock,Gavin Williams,6.0,5.0,6.428571428571429,3.0,36.0,42.0,8.0,5.333333333333333,4.673076923076923,1.0,27.0,51.0,0,24.6,16.6,11.8,8.1,0.679,0.747
824580,2026-06-28,R,Kansas City Royals,Chicago White Sox,5,4,0,Luinder Avila,Anthony Kay,6.0,6.0,4.223463687150838,3.6666666666666665,61.0,52.0,5.0,5.0,9.067164179104477,0.6666666666666666,68.0,86.0,1,,28.6,,10.7,0.666,0.659
824744,2026-06-28,R,New York Yankees,Boston Red Sox,4,5,1,Carlos Rodón,Sonny Gray,5.0,7.0,3.857142857142857,2.6666666666666665,49.0,43.0,5.0,5.333333333333333,2.43609022556391,2.6666666666666665,55.0,55.0,1,26.7,25.7,5.0,9.3,0.743,0.783
824821,2026-06-28,R,Washington Nationals,Baltimore Orioles,6,4,0,Zack Littell,Kyle Bradish,6.0,8.0,2.883495145631068,5.0,47.0,41.0,11.0,5.0,6.309782608695652,3.0,61.0,62.0,1,37.3,17.1,7.9,4.2,0.713,0.715
822792,2026-06-29,R,New York Mets,Toronto Blue Jays,1,2,1,Sean Manaea,Trey Yesavage,5.0,5.666666666666667,2.6503067484662575,3.6666666666666665,50.0,61.0,5.0,3.0,3.9,8.0,51.0,85.0,0,25.8,28.5,11.3,4.6,0.755,0.777
823121,2026-06-29,R,Los Angeles Angels,Seattle Mariners,2,6,1,Ryan Johnson,George Kirby,6.0,6.0,5.181818181818182,2.3333333333333335,31.0,47.0,6.0,6.0,2.589041095890411,4.0,63.0,61.0,0,26.1,22.2,5.5,6.9,0.747,0.693
823444,2026-06-29,R,Pittsburgh Pirates,Philadelphia Phillies,11,7,0,Braxton Ashcraft,Aaron Nola,5.0,5.0,4.471337579617835,4.0,83.0,58.0,5.0,6.0,3.24,3.0,70.0,56.0,0,24.0,24.3,6.9,8.2,0.764,0.662
823529,2026-06-29,R,Detroit Tigers,New York Yankees,7,3,0,Casey Mize,Ryan Weathers,5.0,6.0,2.6793893129770994,4.333333333333333,51.0,57.0,6.0,5.666666666666667,2.9076923076923076,5.0,56.0,47.0,0,22.3,22.2,7.2,5.7,0.783,0.774
823771,2026-06-29,R,Cincinnati Reds,Milwaukee Brewers,3,5,1,Nick Lodolo,Robert Gasser,8.0,6.0,5.0625,4.333333333333333,48.0,40.0,6.0,4.0,3.425373134328358,3.6666666666666665,57.0,50.0,0,17.2,24.3,13.8,4.8,0.734,0.653
824176,2026-06-29,R,Minnesota Twins,Houston Astros,5,4,0,Zebby Matthews,Peter Lambert,6.0,4.666666666666667,2.6129032258064515,4.0,54.0,57.0,7.0,6.0,6.906976744186046,3.0,74.0,62.0,0,,24.9,,6.8,0.706,0.708
824339,2026-06-29,R,Miami Marlins,Colorado Rockies,10,7,0,Sandy Alcantara,Sean Sullivan,6.0,5.0,3.4615384615384617,2.0,58.0,57.0,6.0,6.666666666666667,2.417910447761194,0.6666666666666666,49.0,39.0,0,,19.1,,7.7,0.679,0.656
824420,2026-06-29,R,Texas Rangers,Cleveland Guardians,6,3,0,Tyler Alexander,Parker Messick,6.0,7.666666666666667,5.90625,4.0,42.0,47.0,7.0,1.0,5.684210526315789,3.0,55.0,69.0,0,23.0,19.4,3.6,7.1,0.647,0.653
824662,2026-06-29,R,San Diego Padres,Chicago Cubs,2,3,1,Griffin Canning,Shota Imanaga,5.0,5.333333333333333,5.29054054054054,8.0,84.0,53.0,17.0,5.0,3.7577319587628866,4.666666666666667,49.0,52.0,0,20.6,21.4,4.6,10.4,0.751,0.691
824741,2026-06-29,R,Washington Nationals,Boston Red Sox,3,6,1,Miles Mikolas,Ranger Suarez,5.0,6.0,4.32,2.6666666666666665,50.0,41.0,48.0,3.3333333333333335,7.063953488372093,4.0,57.0,65.0,0,23.2,14.9,5.8,5.5,0.745,0.639
824822,2026-06-29,R,Chicago White Sox,Baltimore Orioles,8,2,0,Sean Burke,Shane Baz,6.0,5.0,2.7247706422018347,5.0,49.0,42.0,6.0,6.333333333333333,3.9473684210526314,5.333333333333333,59.0,53.0,0,24.8,22.3,9.0,10.6,0.713,0.666
824986,2026-06-29,R,Los Angeles Dodgers,Athletics,9,4,0,Eric Lauer,Gage Jump,5.0,5.0,5.655405405405405,3.0,67.0,70.0,14.0,6.0,3.0,4.0,57.0,46.0,0,,23.9,,6.1,0.74,0.765
825065,2026-06-29,R,San Francisco Giants,Arizona Diamondbacks,4,5,1,Tyler Mahle,Eduardo Rodriguez,6.0,6.666666666666667,5.225806451612903,2.0,50.0,61.0,5.0,5.666666666666667,4.090909090909091,1.0,41.0,35.0,0,20.6,19.1,8.6,8.4,0.764,0.631
822793,2026-06-30,R,New York Mets,Toronto Blue Jays,3,0,0,Nolan McLean,Kevin Gausman,5.0,6.0,2.541176470588235,2.3333333333333335,52.0,62.0,6.0,6.0,3.395209580838323,2.3333333333333335,52.0,75.0,1,24.4,30.3,6.5,8.5,0.763,0.777
823122,2026-06-30,R,Los Angeles Angels,Seattle Mariners,3,8,1,José Soriano,Bryan Woo,6.0,4.0,5.029411764705882,1.0,37.0,49.0,6.0,3.0,3.0197368421052633,3.0,62.0,63.0,1,27.1,21.0,4.9,10.8,0.747,0.693
823445,2026-06-30,R,Pittsburgh Pirates,Philadelphia Phillies,0,8,1,Bubba Chandler,Cristopher Sánchez,5.0,5.0,4.833333333333333,4.666666666666667,83.0,69.0,5.0,5.333333333333333,3.762295081967213,3.0,79.0,52.0,0,26.3,25.0,5.5,3.2,0.764,0.635
823528,2026-06-30,R,Detroit Tigers,New York Yankees,9,3,0,Tarik Skubal,Cam Schlittler,5.0,5.0,2.2941176470588234,7.333333333333333,54.0,64.0,6.0,6.0,3.4615384615384617,2.0,54.0,47.0,0,27.6,32.2,10.2,4.4,0.797,0.712
823768,2026-06-30,R,Cincinnati Reds,Milwaukee Brewers,2,7,1,Rhett Lowder,Brandon Sproat,7.0,6.0,4.695652173913044,3.3333333333333335,53.0,43.0,6.0,5.666666666666667,4.534351145038168,3.0,48.0,55.0,1,20.2,,8.3,,0.737,0.723
824096,2026-06-30,R,Tampa Bay Rays,Kansas City Royals,10,4,0,Griffin Jax,Noah Cameron,6.0,5.0,9.0,0.0,66.0,83.0,6.0,5.0,2.852112676056338,0.0,55.0,38.0,0,20.5,35.0,7.7,7.4,0.721,0.667
824175,2026-06-30,R,Minnesota Twins,Houston Astros,4,6,1,Joe Ryan,Mike Burrows,6.0,6.0,2.3716216216216215,3.3333333333333335,55.0,53.0,6.0,6.0,7.967213114754099,2.0,75.0,64.0,0,24.1,28.2,7.7,5.7,0.706,0.708
824338,2026-06-30,R,Miami Marlins,Colorado Rockies,14,3,0,Eury Pérez,Tanner Gordon,30.0,3.0,3.793388429752066,4.333333333333333,61.0,62.0,6.0,4.666666666666667,2.417910447761194,3.3333333333333335,59.0,39.0,0,18.4,27.3,5.0,8.3,0.679,0.729
824418,2026-06-30,R,Texas Rangers,Cleveland Guardians,4,2,0,Jacob deGrom,Tanner Bibee,6.0,6.0,5.766990291262136,2.3333333333333335,45.0,53.0,6.0,6.0,5.5588235294117645,8.0,59.0,68.0,0,21.3,27.7,7.1,5.5,0.679,0.695
824661,2026-06-30,R,San Diego Padres,Chicago Cubs,7,9,1,JP Sears,Matthew Boyd,5.0,4.666666666666667,4.808219178082192,2.6666666666666665,82.0,51.0,6.0,5.666666666666667,3.629032258064516,4.333333333333333,51.0,52.0,1,21.4,20.1,5.8,6.2,0.751,0.691
824742,2026-06-30,R,Washington Nationals,Boston Red Sox,8,1,0,Cade Cavalli,Connelly Early,5.0,6.0,3.963302752293578,3.0,56.0,44.0,5.0,6.0,7.25625,1.0,53.0,68.0,1,36.7,18.3,5.1,6.8,0.745,0.639
824819,2026-06-30,R,Chicago White Sox,Baltimore Orioles,9,3,0,Erick Fedde,Trey Gibson,6.0,4.0,3.5217391304347827,2.0,51.0,50.0,27.0,5.0,3.708791208791209,3.6666666666666665,67.0,55.0,0,,13.3,,10.8,0.713,0.666
824907,2026-06-30,R,St. Louis Cardinals,Atlanta Braves,5,3,0,Matthew Liberatore,Martín Pérez,6.0,4.0,2.4732824427480917,0.0,31.0,50.0,6.0,5.333333333333333,5.4,0.0,40.0,63.0,0,19.3,18.8,9.6,6.2,0.716,0.695
824984,2026-06-30,R,Los Angeles Dodgers,Athletics,9,3,0,Justin Wrobleski,Jeffrey Springs,5.0,5.333333333333333,6.0394736842105265,4.333333333333333,60.0,77.0,7.0,7.0,3.2,3.0,62.0,47.0,0,19.4,27.1,7.6,6.1,0.74,0.765
825066,2026-06-30,R,San Francisco Giants,Arizona Diamondbacks,2,8,1,Landen Roupp,Brandon Pfaadt,80.0,6.0,5.661290322580645,2.0,51.0,62.0,5.0,6.0,3.9272727272727272,3.6666666666666665,45.0,40.0,1,19.2,21.4,4.8,9.5,0.764,0.722
822791,2026-07-01,R,New York Mets,Toronto Blue Jays,3,9,1,Freddy Peralta,Braydon Fisher,14.0,1.3333333333333333,2.586826347305389,3.0,46.0,64.0,6.0,5.666666666666667,3.292682926829268,3.0,52.0,70.0,1,30.7,28.2,9.4,9.1,0.763,0.777
823446,2026-07-01,R,Pittsburgh Pirates,Philadelphia Phillies,6,10,1,Paul Skenes,Zack Wheeler,5.0,7.0,4.833333333333333,2.0,83.0,67.0,5.0,5.0,4.655172413793103,1.6666666666666667,73.0,55.0,0,33.3,29.5,5.6,5.7,0.764,0.662
823530,2026-07-01,R,Detroit Tigers,New York Yankees,6,2,0,Troy Melton,Will Warren,5.0,5.666666666666667,2.547169811320755,5.0,45.0,71.0,6.0,6.0,3.375,3.0,61.0,46.0,0,24.1,20.0,9.1,8.3,0.783,0.712
823767,2026-07-01,R,Cincinnati Reds,Milwaukee Brewers,2,4,1,Andrew Abbott,Shane Drohan,7.0,4.333333333333333,4.467625899280575,3.6666666666666665,58.0,44.0,5.0,5.333333333333333,4.395348837209302,3.3333333333333335,45.0,59.0,1,,21.8,,6.3,0.734,0.653
824094,2026-07-01,R,Tampa Bay Rays,Kansas City Royals,4,0,0,Shane McClanahan,Seth Lugo,6.0,5.0,8.366197183098592,5.333333333333333,66.0,87.0,8.0,6.0,2.918918918918919,3.0,65.0,41.0,0,20.5,,9.0,,0.659,0.735
824174,2026-07-01,R,Minnesota Twins,Houston Astros,8,3,0,Taj Bradley,Tatsuya Imai,6.0,6.0,2.16,4.0,57.0,55.0,5.0,7.0,7.59375,4.0,67.0,68.0,0,,21.0,,9.3,0.706,0.708
824337,2026-07-01,R,Miami Marlins,Colorado Rockies,3,6,1,Max Meyer,Kyle Freeland,7.0,6.0,5.85,4.0,59.0,74.0,5.0,7.0,2.8421052631578947,3.6666666666666665,71.0,34.0,0,17.5,23.9,5.4,7.0,0.679,0.656
824419,2026-07-01,R,Texas Rangers,Cleveland Guardians,4,9,1,MacKenzie Gore,Joey Cantillo,5.0,6.0,5.823529411764706,2.0,46.0,55.0,6.0,7.0,5.433962264150943,2.0,61.0,58.0,0,26.9,27.2,10.5,9.3,0.647,0.653
824660,2026-07-01,R,San Diego Padres,Chicago Cubs,3,23,1,Walker Buehler,Colin Rea,5.0,5.0,5.625,4.0,89.0,53.0,5.0,5.333333333333333,3.9405405405405407,3.3333333333333335,56.0,58.0,1,19.2,16.3,6.6,10.6,0.751,0.72
824740,2026-07-01,R,Washington Nationals,Boston Red Sox,10,2,0,Brad Lord,Payton Tolle,5.0,7.0,5.0625,5.0,56.0,46.0,276.0,4.0,6.8789808917197455,2.0,55.0,65.0,1,25.7,19.8,10.8,7.9,0.745,0.639
824818,2026-07-01,R,Chicago White Sox,Baltimore Orioles,1,6,1,Noah Schultz,Dean Kremer,74.0,6.0,3.375,6.333333333333333,53.0,56.0,38.0,4.0,3.45,4.0,74.0,46.0,0,20.1,,6.4,,0.661,0.666
824905,2026-07-01,R,St. Louis Cardinals,Atlanta Braves,1,5,1,Michael McGreevy,Reynaldo López,5.0,3.0,1.9918032786885247,4.0,32.0,48.0,5.0,6.0,5.571428571428571,4.0,42.0,64.0,0,4.0,14.5,8.0,5.0,0.721,0.692
824985,2026-07-01,R,Los Angeles Dodgers,Athletics,1,7,1,Jack Dreyer,J.T. Ginn,5.0,6.0,6.079470198675497,3.6666666666666665,58.0,80.0,372.0,1.0,3.272727272727273,2.0,70.0,50.0,0,25.3,24.1,7.9,7.8,0.74,0.77
825064,2026-07-01,R,San Francisco Giants,Arizona Diamondbacks,6,4,0,Trevor McDonald,Zac Gallen,5.0,6.666666666666667,5.661290322580645,3.6666666666666665,59.0,57.0,5.0,5.333333333333333,4.764705882352941,5.333333333333333,40.0,46.0,1,21.5,23.3,8.1,3.3,0.764,0.722
822884,2026-07-02,R,Detroit Tigers,Texas Rangers,4,10,1,Framber Valdez,Nathan Eovaldi,6.0,7.0,5.785714285714286,3.0,65.0,67.0,5.0,6.0,3.4838709677419355,4.666666666666667,65.0,44.0,0,26.0,23.3,4.2,8.5,0.653,0.712
823119,2026-07-02,R,Los Angeles Angels,Seattle Mariners,0,1,1,Walbert Ureña,Bryce Miller,7.0,5.666666666666667,5.11578947368421,0.0,39.0,46.0,6.0,4.333333333333333,3.857142857142857,0.0,57.0,63.0,1,18.9,,8.7,,0.747,0.693
823442,2026-07-02,R,Pittsburgh Pirates,Philadelphia Phillies,6,1,0,Jared Jones,Alan Rangel,,,4.909090909090909,4.333333333333333,89.0,61.0,5.0,4.666666666666667,4.53781512605042,4.0,67.0,61.0,0,17.4,,13.0,,0.764,0.662
823765,2026-07-02,R,Cincinnati Reds,Milwaukee Brewers,7,2,0,Chase Burns,Jacob Misiorowski,6.0,6.0,4.669172932330827,3.3333333333333335,53.0,42.0,5.0,6.0,4.536,3.0,46.0,54.0,1,32.0,35.6,11.0,8.5,0.737,0.723
823935,2026-07-02,R,San Diego Padres,Los Angeles Dodgers,7,12,1,Randy Vásquez,Roki Sasaki,6.0,4.0,4.3125,7.0,66.0,53.0,13.0,3.3333333333333335,6.086705202312139,4.0,53.0,80.0,0,17.4,13.7,13.7,9.1,0.77,0.72
824093,2026-07-02,R,Tampa Bay Rays,Kansas City Royals,5,2,0,Ian Seymour,Stephen Kolek,11.0,1.6666666666666667,8.425531914893616,3.0,60.0,89.0,12.0,5.0,2.4375,3.0,65.0,36.0,0,16.7,26.4,6.7,7.9,0.659,0.735
824335,2026-07-02,R,Miami Marlins,Colorado Rockies,4,14,1,Ryan Gusto,Michael Lorenzen,5.0,5.666666666666667,6.075,4.0,59.0,69.0,5.0,3.3333333333333335,3.1153846153846154,2.0,62.0,36.0,0,21.0,21.4,6.4,7.9,0.679,0.729
824416,2026-07-02,R,Chicago White Sox,Cleveland Guardians,5,6,1,Davis Martin,Slade Cecconi,5.0,6.0,5.6571428571428575,4.0,51.0,50.0,5.0,5.333333333333333,3.016759776536313,3.6666666666666665,70.0,42.0,0,20.0,17.3,5.9,8.0,0.679,0.666
824906,2026-07-02,R,St. Louis Cardinals,Atlanta Braves,11,5,0,Dustin May,Hurston Waldrep,282.0,6.0,1.5491803278688525,4.0,32.0,42.0,11.0,2.0,5.2682926829268295,2.0,42.0,63.0,0,24.0,21.1,9.6,9.6,0.721,0.692
822714,2026-07-03,R,Pittsburgh Pirates,Washington Nationals,5,9,1,Mitch Keller,Foster Griffin,6.0,7.0,6.545454545454546,0.0,63.0,61.0,5.0,6.0,4.029850746268656,5.0,73.0,62.0,0,,20.0,,6.8,0.715,0.635
823120,2026-07-03,R,Toronto Blue Jays,Seattle Mariners,2,0,0,Dylan Cease,Luis Castillo,7.0,6.0,5.11578947368421,2.0,37.0,46.0,6.0,4.666666666666667,3.147239263803681,0.0,48.0,64.0,0,21.7,29.8,6.2,9.8,0.747,0.763
823527,2026-07-03,R,Minnesota Twins,New York Yankees,2,5,1,Mike Paredes,Gerrit Cole,6.0,5.333333333333333,1.9038461538461537,0.0,36.0,67.0,6.0,5.333333333333333,6.9609375,0.0,66.0,68.0,0,,,,,0.783,0.708
823933,2026-07-03,R,San Diego Padres,Los Angeles Dodgers,3,4,1,Michael King,Shohei Ohtani,9.0,6.0,4.0,6.0,78.0,60.0,5.0,4.333333333333333,6.75,5.0,60.0,92.0,1,33.2,24.7,4.3,8.4,0.77,0.72
824013,2026-07-03,R,Boston Red Sox,Los Angeles Angels,5,2,0,Jake Bennett,Reid Detmers,6.0,5.666666666666667,3.9130434782608696,2.3333333333333335,57.0,59.0,6.0,6.333333333333333,5.495575221238938,0.0,55.0,49.0,0,30.1,,9.4,,0.701,0.743
824173,2026-07-03,R,Tampa Bay Rays,Houston Astros,3,1,0,Nick Martinez,Spencer Arrighetti,7.0,3.0,2.2634730538922154,0.0,56.0,61.0,7.0,5.666666666666667,2.4705882352941178,3.0,70.0,38.0,0,19.9,17.0,12.8,6.1,0.706,0.735
824336,2026-07-03,R,San Francisco Giants,Colorado Rockies,3,15,1,Logan Webb,Ryan Feltner,5.0,6.0,5.440298507462686,4.666666666666667,73.0,73.0,6.0,7.0,5.181818181818182,0.0,39.0,45.0,0,18.5,26.2,8.9,5.4,0.679,0.722
824417,2026-07-03,R,Chicago White Sox,Cleveland Guardians,3,4,1,Anthony Kay,Gavin Williams,5.0,5.0,5.5,4.0,53.0,53.0,5.0,3.6666666666666665,3.61046511627907,5.0,70.0,47.0,1,24.6,,11.8,,0.647,0.666
824498,2026-07-03,R,Baltimore Orioles,Cincinnati Reds,3,0,0,Trevor Rogers,Brady Singer,5.0,4.333333333333333,4.231343283582089,3.0,53.0,56.0,7.0,6.333333333333333,2.9076923076923076,0.0,54.0,51.0,0,22.8,24.3,8.4,6.9,0.653,0.713
824659,2026-07-03,R,St. Louis Cardinals,Chicago Cubs,17,1,0,Andre Pallante,David Peterson,6.0,5.666666666666667,4.993150684931507,0.0,104.0,50.0,6.0,6.666666666666667,3.7674418604651163,8.333333333333334,47.0,54.0,0,20.7,15.5,9.0,8.7,0.751,0.695
824904,2026-07-03,R,New York Mets,Atlanta Braves,3,5,1,Christian Scott,Grant Holmes,11.0,4.666666666666667,3.045112781954887,3.6666666666666665,37.0,53.0,6.0,4.333333333333333,4.0754716981132075,0.0,40.0,74.0,0,25.0,,11.0,,0.721,0.777
824982,2026-07-03,R,Miami Marlins,Athletics,12,5,0,Tyler Phillips,Jack Perkins,6.0,5.0,5.5588235294117645,0.0,56.0,69.0,5.0,7.333333333333333,4.841379310344828,5.0,66.0,50.0,0,23.0,16.6,11.2,7.7,0.752,0.729
825062,2026-07-03,R,Milwaukee Brewers,Arizona Diamondbacks,7,4,0,Kyle Harrison,Jose Cabrera,6.0,5.0,5.484375,0.0,55.0,62.0,6.0,5.0,4.466165413533835,4.0,53.0,45.0,0,,24.4,,9.0,0.742,0.737
822716,2026-07-04,R,Pittsburgh Pirates,Washington Nationals,7,1,0,Braxton Ashcraft,Carson Palmquist,10.0,3.3333333333333335,6.622641509433962,4.0,70.0,61.0,5.0,6.0,4.432835820895522,2.0,75.0,67.0,1,15.4,24.3,14.3,8.2,0.715,0.635
822882,2026-07-04,R,Detroit Tigers,Texas Rangers,3,0,0,Jack Flaherty,Cal Quantrill,7.0,4.0,5.711538461538462,0.0,63.0,55.0,6.0,5.0,4.609756097560975,0.0,65.0,51.0,1,16.6,27.6,6.8,8.7,0.695,0.712
823118,2026-07-04,R,Toronto Blue Jays,Seattle Mariners,0,11,1,Shane Bieber,Logan Gilbert,7.0,7.0,4.108695652173913,3.0,35.0,42.0,6.0,5.333333333333333,2.6821192052980134,2.0,48.0,48.0,0,32.3,23.3,5.8,4.4,0.747,0.763
823526,2026-07-04,R,Minnesota Twins,New York Yankees,11,4,0,Zebby Matthews,Brendan Beck,,,1.8679245283018868,4.0,36.0,69.0,5.0,7.0,6.447761194029851,4.0,63.0,64.0,1,,24.9,,6.8,0.783,0.708
823932,2026-07-04,R,San Diego Padres,Los Angeles Dodgers,0,3,1,Wandy Peralta,Yoshinobu Yamamoto,7.0,6.0,3.68944099378882,3.0,76.0,58.0,11.0,1.0,6.9,2.0,56.0,87.0,1,29.4,20.1,8.6,9.6,0.765,0.72
824012,2026-07-04,R,Boston Red Sox,Los Angeles Angels,8,1,0,Sonny Gray,Sam Aldegheri,6.0,5.0,2.562043795620438,4.0,48.0,52.0,6.0,7.333333333333333,5.154545454545454,1.3333333333333333,54.0,49.0,0,16.4,26.7,13.7,5.0,0.693,0.743
824092,2026-07-04,R,Philadelphia Phillies,Kansas City Royals,6,1,0,Jesús Luzardo,Michael Wacha,7.0,7.666666666666667,7.851063829787234,0.0,42.0,83.0,6.0,5.0,5.3312101910828025,0.0,86.0,61.0,0,17.6,28.5,6.3,7.5,0.659,0.764
824171,2026-07-04,R,Tampa Bay Rays,Houston Astros,8,10,1,Drew Rasmussen,Hunter Brown,6.0,6.0,2.586826347305389,3.0,48.0,61.0,6.0,6.0,2.486842105263158,3.6666666666666665,68.0,37.0,0,28.3,21.7,7.8,6.3,0.706,0.735
824334,2026-07-04,R,San Francisco Giants,Colorado Rockies,6,4,0,Robbie Ray,Sean Sullivan,5.0,4.666666666666667,5.086956521739131,3.0,84.0,73.0,6.0,8.0,6.25,5.0,39.0,56.0,1,,24.6,,9.7,0.679,0.631
824415,2026-07-04,R,Chicago White Sox,Cleveland Guardians,3,1,0,Sean Burke,Parker Messick,5.0,6.666666666666667,3.956896551724138,5.333333333333333,54.0,47.0,5.0,5.333333333333333,3.718562874251497,5.0,70.0,47.0,1,23.0,22.3,3.6,10.6,0.679,0.699
824499,2026-07-04,R,Baltimore Orioles,Cincinnati Reds,8,5,0,Brandon Young,Hunter Greene,277.0,3.0,3.9130434782608696,4.0,53.0,54.0,7.0,5.0,2.4732824427480917,4.0,52.0,45.0,0,31.4,18.4,6.2,8.6,0.723,0.713
824658,2026-07-04,R,St. Louis Cardinals,Chicago Cubs,3,0,0,Kyle Leahy,Shota Imanaga,5.0,6.333333333333333,6.0,5.333333333333333,89.0,65.0,6.0,5.0,3.7384615384615385,3.3333333333333335,59.0,49.0,0,20.6,22.0,4.6,7.7,0.751,0.695
824903,2026-07-04,R,New York Mets,Atlanta Braves,3,14,1,Sean Manaea,Chris Sale,6.0,6.0,2.9779411764705883,4.0,39.0,54.0,5.0,5.666666666666667,4.105263157894737,4.0,43.0,79.0,1,32.4,28.5,6.3,4.6,0.716,0.696
824983,2026-07-04,R,Miami Marlins,Athletics,7,2,0,Sandy Alcantara,Aaron Civale,6.0,5.0,5.684210526315789,5.333333333333333,49.0,70.0,5.0,5.666666666666667,4.661870503597123,5.666666666666667,74.0,52.0,0,20.2,19.1,7.6,7.7,0.752,0.729
825063,2026-07-04,R,Milwaukee Brewers,Arizona Diamondbacks,3,4,1,Brandon Woodruff,Merrill Kelly,6.0,6.0,4.889763779527559,7.666666666666667,50.0,64.0,6.0,5.666666666666667,3.7302631578947367,8.333333333333334,58.0,46.0,0,22.3,32.3,6.4,5.4,0.764,0.737
822715,2026-07-05,R,Pittsburgh Pirates,Washington Nationals,11,5,0,Bubba Chandler,Cade Cavalli,5.0,7.0,6.75,8.0,67.0,65.0,5.0,6.333333333333333,4.304347826086956,3.3333333333333335,81.0,66.0,1,18.3,25.0,6.8,3.2,0.715,0.662
822879,2026-07-05,R,Detroit Tigers,Texas Rangers,6,3,0,Casey Mize,Kumar Rocker,7.0,6.0,5.1923076923076925,4.0,59.0,52.0,6.0,7.0,4.57258064516129,3.3333333333333335,64.0,50.0,1,19.5,22.2,8.0,5.7,0.695,0.712
823117,2026-07-05,R,Toronto Blue Jays,Seattle Mariners,0,4,1,Trey Yesavage,Emerson Hancock,7.0,5.666666666666667,4.395348837209302,1.6666666666666667,45.0,37.0,6.0,6.666666666666667,2.938775510204082,4.0,40.0,53.0,0,16.6,25.8,8.1,11.3,0.747,0.763
823525,2026-07-05,R,Minnesota Twins,New York Yankees,6,1,0,Joe Ryan,Ryan Weathers,6.0,1.6666666666666667,1.4727272727272727,5.333333333333333,38.0,70.0,5.0,4.0,5.2,4.333333333333333,58.0,60.0,1,22.3,28.2,7.2,5.7,0.783,0.706
823931,2026-07-05,R,San Diego Padres,Los Angeles Dodgers,5,2,0,JP Sears,Emmet Sheehan,7.0,5.0,3.759493670886076,2.0,77.0,55.0,5.0,4.666666666666667,6.786096256684492,7.0,50.0,86.0,1,30.6,20.1,7.6,6.2,0.765,0.72
824010,2026-07-05,R,Boston Red Sox,Los Angeles Angels,7,5,0,Ranger Suarez,Ryan Johnson,6.0,5.0,3.4714285714285715,5.0,42.0,60.0,6.0,6.0,5.154545454545454,3.0,57.0,49.0,0,22.2,23.2,6.9,5.8,0.701,0.745
824091,2026-07-05,R,Philadelphia Phillies,Kansas City Royals,2,5,1,Aaron Nola,Luinder Avila,7.0,4.0,7.74,3.0,43.0,89.0,6.0,4.333333333333333,4.987261146496815,3.0,77.0,59.0,0,28.6,24.0,10.7,6.9,0.721,0.764
824172,2026-07-05,R,Tampa Bay Rays,Houston Astros,0,2,1,Mason Englert,Peter Lambert,6.0,5.666666666666667,2.341040462427746,5.0,57.0,61.0,89.0,3.6666666666666665,3.261744966442953,3.0,73.0,43.0,0,,23.8,,5.9,0.706,0.735
824333,2026-07-05,R,San Francisco Giants,Colorado Rockies,6,7,1,Tyler Mahle,Tanner Gordon,5.0,5.0,5.0503597122302155,3.3333333333333335,86.0,78.0,6.0,4.333333333333333,6.617647058823529,3.0,42.0,54.0,1,18.4,19.1,5.0,8.4,0.679,0.722
824413,2026-07-05,R,Chicago White Sox,Cleveland Guardians,7,6,0,Chris Murphy,Tanner Bibee,5.0,7.0,4.104,4.0,47.0,49.0,11.0,1.3333333333333333,3.3540372670807455,3.0,72.0,44.0,1,21.3,20.3,7.1,13.5,0.647,0.666
824497,2026-07-05,R,Baltimore Orioles,Cincinnati Reds,2,3,1,Kyle Bradish,Nick Lodolo,6.0,5.0,3.5874125874125875,5.666666666666667,48.0,60.0,7.0,4.0,2.3649635036496353,4.0,57.0,48.0,0,24.3,37.3,4.8,7.9,0.723,0.661
824656,2026-07-05,R,St. Louis Cardinals,Chicago Cubs,4,6,1,Matthew Liberatore,Javier Assad,11.0,5.0,4.703225806451613,4.333333333333333,83.0,60.0,5.0,5.0,3.4225352112676055,4.0,62.0,49.0,0,15.0,18.8,7.8,6.2,0.751,0.692
824902,2026-07-05,R,New York Mets,Atlanta Braves,10,9,0,Nolan McLean,Martín Pérez,5.0,5.0,2.739130434782609,4.0,49.0,54.0,5.0,6.0,4.774390243902439,3.0,43.0,78.0,1,19.3,30.3,9.6,8.5,0.721,0.696
824980,2026-07-05,R,Miami Marlins,Athletics,9,8,0,Eury Pérez,Gage Jump,6.0,4.666666666666667,5.6,4.333333333333333,51.0,70.0,5.0,5.333333333333333,4.776923076923077,1.0,75.0,51.0,0,,27.3,,8.3,0.752,0.656
825061,2026-07-05,R,Milwaukee Brewers,Arizona Diamondbacks,3,2,0,Brandon Sproat,Eduardo Rodriguez,6.0,7.0,3.7016129032258065,4.0,46.0,51.0,5.0,5.333333333333333,3.3962264150943398,4.333333333333333,58.0,46.0,0,20.6,20.2,8.6,8.3,0.764,0.734
822712,2026-07-06,R,Houston Astros,Washington Nationals,11,12,1,Mike Burrows,Miles Mikolas,7.0,7.0,7.063953488372093,6.666666666666667,69.0,72.0,6.0,5.0,2.3275862068965516,3.3333333333333335,57.0,60.0,0,14.9,24.1,5.5,7.7,0.715,0.706
822958,2026-07-06,R,New York Yankees,Tampa Bay Rays,5,1,0,Cam Schlittler,Griffin Jax,6.0,6.0,3.306122448979592,2.3333333333333335,69.0,42.0,6.0,4.0,1.8,5.0,38.0,72.0,0,35.0,27.6,7.4,10.2,0.735,0.783
823036,2026-07-06,R,Milwaukee Brewers,St. Louis Cardinals,4,3,0,Shane Drohan,Dustin May,4.0,0.6666666666666666,2.9076923076923076,3.0,54.0,45.0,5.0,5.666666666666667,3.109090909090909,5.0,52.0,44.0,0,21.1,,9.6,,0.695,0.737
823205,2026-07-06,R,Toronto Blue Jays,San Francisco Giants,1,10,1,Kevin Gausman,Landen Roupp,6.0,2.6666666666666665,6.6902654867256635,3.6666666666666665,47.0,59.0,6.0,6.0,3.0,2.0,40.0,57.0,0,21.4,24.4,9.5,6.5,0.722,0.763
823282,2026-07-06,R,Arizona Diamondbacks,San Diego Padres,8,0,0,Brandon Pfaadt,Walker Buehler,5.0,4.0,6.825842696629214,4.0,52.0,84.0,6.0,5.333333333333333,3.347107438016529,3.0,46.0,50.0,0,16.3,19.2,10.6,4.8,0.72,0.764
823930,2026-07-06,R,Colorado Rockies,Los Angeles Dodgers,7,8,1,Kyle Freeland,Eric Lauer,7.0,6.0,3.4838709677419355,4.666666666666667,78.0,48.0,5.0,5.0,4.242857142857143,4.0,87.0,76.0,0,23.9,17.5,6.1,5.4,0.765,0.679
824089,2026-07-06,R,Philadelphia Phillies,Kansas City Royals,1,15,1,Cristopher Sánchez,Noah Cameron,6.0,3.6666666666666665,7.714285714285714,4.0,38.0,79.0,6.0,7.0,5.58,1.0,73.0,62.0,0,20.5,26.3,7.7,5.5,0.659,0.747
824900,2026-07-06,R,New York Mets,Atlanta Braves,7,6,0,Freddy Peralta,Reynaldo López,5.0,5.0,3.5874125874125875,4.666666666666667,54.0,55.0,5.0,4.0,5.701863354037267,3.0,51.0,81.0,1,4.0,28.2,8.0,9.1,0.721,0.777
822713,2026-07-07,R,Houston Astros,Washington Nationals,6,3,0,Tatsuya Imai,Andrew Alvarez,11.0,4.333333333333333,7.517045454545454,3.0,77.0,82.0,6.0,1.3333333333333333,1.9058823529411764,3.6666666666666665,66.0,68.0,1,20.4,,10.2,,0.715,0.74
822881,2026-07-07,R,Los Angeles Angels,Texas Rangers,3,8,1,José Soriano,Jacob deGrom,7.0,7.0,5.7153284671532845,0.0,54.0,52.0,7.0,5.0,3.654135338345865,0.0,37.0,54.0,0,27.7,21.0,5.5,10.8,0.695,0.693
822956,2026-07-07,R,New York Yankees,Tampa Bay Rays,4,6,1,Will Warren,Ian Seymour,5.0,6.0,3.6,4.0,69.0,45.0,6.0,5.333333333333333,1.89171974522293,1.0,40.0,68.0,0,26.4,24.1,7.9,9.1,0.735,0.797
823062,2026-07-07,R,Milwaukee Brewers,St. Louis Cardinals,4,3,0,Jacob Misiorowski,Matt Svanson,,,3.2238805970149254,4.333333333333333,54.0,47.0,5.0,5.0,3.1666666666666665,3.0,54.0,46.0,0,29.1,32.0,8.5,11.0,0.692,0.737
823203,2026-07-07,R,Toronto Blue Jays,San Francisco Giants,9,3,0,Spencer Miles,Trevor McDonald,6.0,6.0,6.517241379310345,1.0,57.0,60.0,37.0,3.0,3.3973509933774833,2.6666666666666665,37.0,65.0,1,23.3,,3.3,,0.722,0.763
823280,2026-07-07,R,Arizona Diamondbacks,San Diego Padres,1,4,1,Zac Gallen,Germán Márquez,67.0,5.0,6.75,4.0,51.0,92.0,6.0,5.666666666666667,3.188976377952756,4.0,52.0,47.0,0,14.0,21.5,8.1,8.1,0.72,0.764
823361,2026-07-07,R,Atlanta Braves,Pittsburgh Pirates,4,12,1,Hurston Waldrep,Paul Skenes,6.0,4.0,3.8,0.0,84.0,65.0,5.0,5.333333333333333,4.378378378378378,5.0,60.0,61.0,0,29.5,24.0,5.7,9.6,0.662,0.721
823607,2026-07-07,R,Kansas City Royals,New York Mets,16,12,0,Seth Lugo,Cionel Pérez,9.0,1.0,5.491525423728813,5.333333333333333,58.0,87.0,6.0,6.0,7.397260273972603,4.0,51.0,79.0,0,19.1,20.5,16.4,9.0,0.777,0.659
823687,2026-07-07,R,Cleveland Guardians,Minnesota Twins,1,3,1,Joey Cantillo,Taj Bradley,6.0,5.0,6.075,0.0,59.0,57.0,6.0,5.0,3.5121951219512195,0.0,47.0,48.0,0,21.0,26.9,9.3,10.5,0.706,0.679
823847,2026-07-07,R,Seattle Mariners,Miami Marlins,5,6,1,Bryan Woo,Max Meyer,6.0,6.0,6.6902654867256635,0.0,79.0,54.0,7.0,6.333333333333333,4.5,0.0,46.0,36.0,0,23.9,27.1,7.0,4.9,0.729,0.747
823929,2026-07-07,R,Colorado Rockies,Los Angeles Dodgers,4,3,0,Michael Lorenzen,Justin Wrobleski,7.0,7.0,4.2534246575342465,5.0,84.0,54.0,5.0,4.333333333333333,4.040816326530612,5.333333333333333,91.0,82.0,1,27.1,21.0,6.1,6.4,0.77,0.679
824254,2026-07-07,R,Athletics,Detroit Tigers,2,6,1,J.T. Ginn,Tarik Skubal,7.0,6.0,4.778761061946903,0.0,60.0,46.0,6.0,6.0,4.9787234042553195,0.0,52.0,70.0,0,32.2,25.3,4.4,7.9,0.712,0.74
824495,2026-07-07,R,Philadelphia Phillies,Cincinnati Reds,4,1,0,Zack Wheeler,Andrew Abbott,6.0,5.0,3.9160305343511452,0.0,46.0,59.0,6.0,4.666666666666667,6.419580419580419,4.666666666666667,73.0,73.0,0,21.8,33.3,6.3,5.6,0.723,0.747
824579,2026-07-07,R,Boston Red Sox,Chicago White Sox,8,1,0,Payton Tolle,Noah Schultz,6.0,4.333333333333333,2.25,0.0,69.0,40.0,6.0,3.0,4.615384615384615,0.0,61.0,48.0,0,,25.7,,10.8,0.699,0.743
824820,2026-07-07,R,Chicago Cubs,Baltimore Orioles,5,2,0,Matthew Boyd,Shane Baz,8.0,7.0,2.4146341463414633,0.0,41.0,49.0,7.0,5.0,4.982142857142857,0.0,89.0,64.0,0,24.8,21.4,9.0,5.8,0.661,0.751
823035,2026-07-07,R,Milwaukee Brewers,St. Louis Cardinals,10,2,0,Robert Gasser,Hunter Dobbins,26.0,4.333333333333333,3.4177215189873418,4.333333333333333,57.0,51.0,8.0,5.666666666666667,3.0535714285714284,3.0,58.0,49.0,0,17.6,17.2,6.6,13.8,0.695,0.737
822710,2026-07-08,R,Houston Astros,Washington Nationals,2,8,1,Spencer Arrighetti,Foster Griffin,5.0,5.0,6.0,3.3333333333333335,71.0,74.0,5.0,6.0,1.778443113772455,5.333333333333333,63.0,64.0,1,,19.9,,12.8,0.715,0.74
822880,2026-07-08,R,Los Angeles Angels,Texas Rangers,13,1,0,Walbert Ureña,MacKenzie Gore,7.0,5.0,5.152671755725191,4.0,58.0,49.0,6.0,5.666666666666667,4.776923076923077,2.0,35.0,61.0,1,27.2,,9.3,,0.695,0.701
822957,2026-07-08,R,New York Yankees,Tampa Bay Rays,0,3,1,Gerrit Cole,Shane McClanahan,7.0,6.0,2.664473684210526,3.6666666666666665,70.0,37.0,5.0,5.0,1.879746835443038,4.0,40.0,71.0,0,,,,,0.735,0.797
823032,2026-07-08,R,Milwaukee Brewers,St. Louis Cardinals,1,5,1,Kyle Harrison,Michael McGreevy,7.0,6.0,4.0,12.0,56.0,57.0,5.0,2.6666666666666665,3.147239263803681,3.3333333333333335,66.0,51.0,0,14.5,24.4,5.0,9.0,0.695,0.737
823202,2026-07-08,R,Toronto Blue Jays,San Francisco Giants,10,0,0,Dylan Cease,Logan Webb,5.0,3.0,5.887218045112782,6.666666666666667,57.0,68.0,5.0,7.0,3.1875,5.0,39.0,59.0,1,26.2,29.8,5.4,9.8,0.722,0.763
823279,2026-07-08,R,Arizona Diamondbacks,San Diego Padres,4,10,1,Jose Cabrera,Michael King,5.0,6.0,6.390532544378698,4.0,48.0,87.0,5.0,3.3333333333333335,2.5714285714285716,2.0,49.0,48.0,0,24.7,,8.4,,0.72,0.764
823360,2026-07-08,R,Atlanta Braves,Pittsburgh Pirates,3,0,0,Grant Holmes,Jared Jones,6.0,4.0,4.2,3.0,94.0,66.0,5.0,5.0,5.04,4.666666666666667,58.0,66.0,1,,25.0,,11.0,0.662,0.721
823605,2026-07-08,R,Kansas City Royals,New York Mets,2,6,1,Steven Cruz,Christian Scott,5.0,4.0,7.297297297297297,8.0,64.0,94.0,12.0,1.3333333333333333,7.114864864864865,4.666666666666667,55.0,86.0,0,,20.1,,9.5,0.777,0.721
823684,2026-07-08,R,Cleveland Guardians,Minnesota Twins,5,6,1,Slade Cecconi,Connor Prielipp,10.0,6.0,4.371428571428571,2.0,59.0,46.0,6.0,5.0,3.50381679389313,3.0,47.0,49.0,1,,20.0,,5.9,0.708,0.647
823848,2026-07-08,R,Seattle Mariners,Miami Marlins,0,2,1,George Kirby,Tyler Phillips,5.0,3.3333333333333335,6.24793388429752,5.0,79.0,55.0,9.0,8.0,4.6022727272727275,4.333333333333333,48.0,40.0,1,16.6,26.1,7.7,5.5,0.729,0.747
823928,2026-07-08,R,Colorado Rockies,Los Angeles Dodgers,3,4,1,Gabriel Hughes,Roki Sasaki,6.0,3.0,4.068493150684931,2.0,75.0,55.0,,,3.75,3.0,93.0,80.0,1,17.4,,13.7,,0.77,0.679
824253,2026-07-08,R,Athletics,Detroit Tigers,1,6,1,Jeffrey Springs,Troy Melton,7.0,6.333333333333333,4.695652173913044,4.0,63.0,44.0,8.0,5.333333333333333,5.553191489361702,4.0,53.0,73.0,1,20.0,19.4,8.3,7.6,0.774,0.752
824496,2026-07-08,R,Philadelphia Phillies,Cincinnati Reds,5,11,1,Alan Rangel,Chase Burns,6.0,6.0,4.104,3.0,47.0,61.0,6.0,4.0,5.704225352112676,2.0,63.0,65.0,0,35.6,17.4,8.5,13.0,0.723,0.764
824578,2026-07-08,R,Boston Red Sox,Chicago White Sox,5,0,0,Jake Bennett,Davis Martin,6.0,3.3333333333333335,2.8255813953488373,4.0,68.0,47.0,5.0,7.666666666666667,4.5,3.0,64.0,47.0,0,17.3,,8.0,,0.699,0.745
824815,2026-07-08,R,Chicago Cubs,Baltimore Orioles,9,7,0,Colin Rea,Dean Kremer,7.0,6.0,2.8536585365853657,3.0,42.0,49.0,7.0,5.0,4.745454545454545,3.0,85.0,60.0,0,20.1,19.2,6.4,6.6,0.713,0.751
822877,2026-07-09,R,Los Angeles Angels,Texas Rangers,6,7,1,Reid Detmers,Nathan Eovaldi,7.0,5.0,5.7153284671532845,4.0,57.0,58.0,6.0,5.0,5.008064516129032,5.0,41.0,56.0,1,26.0,30.1,4.2,9.4,0.653,0.693
822954,2026-07-09,R,New York Yankees,Tampa Bay Rays,12,4,0,Paul Blackburn,Drew Rasmussen,5.0,5.0,2.554054054054054,2.6666666666666665,68.0,34.0,63.0,1.0,1.9285714285714286,1.6666666666666667,36.0,72.0,0,21.7,19.4,6.3,6.9,0.735,0.783
823034,2026-07-09,R,Milwaukee Brewers,St. Louis Cardinals,8,4,0,Logan Henderson,Andre Pallante,6.0,5.666666666666667,3.7358490566037736,2.6666666666666665,57.0,49.0,48.0,5.0,2.6832298136645965,4.0,61.0,51.0,0,15.5,33.3,8.7,8.1,0.692,0.737
823201,2026-07-09,R,Colorado Rockies,San Francisco Giants,2,8,1,Ryan Feltner,Carson Whisenhunt,22.0,5.0,6.488372093023256,2.0,55.0,77.0,6.0,6.0,4.0212765957446805,2.0,88.0,78.0,0,15.7,18.5,11.8,8.9,0.722,0.679
823277,2026-07-09,R,Arizona Diamondbacks,San Diego Padres,3,1,0,Merrill Kelly,Griffin Canning,10.0,4.333333333333333,6.910714285714286,3.0,53.0,89.0,5.0,5.0,3.176470588235294,3.6666666666666665,44.0,54.0,0,21.4,22.3,10.4,6.4,0.72,0.764
823359,2026-07-09,R,Atlanta Braves,Pittsburgh Pirates,10,5,0,Bryce Elder,Mitch Keller,6.0,6.0,4.8,3.0,83.0,68.0,12.0,4.0,4.68,4.0,59.0,61.0,1,20.0,19.3,6.8,7.5,0.662,0.721
823606,2026-07-09,R,Kansas City Royals,New York Mets,3,7,1,Michael Wacha,Sean Manaea,5.0,5.0,7.305882352941176,4.0,62.0,76.0,5.0,6.0,7.425,7.0,54.0,87.0,0,28.5,17.6,4.6,6.3,0.777,0.659
823683,2026-07-09,R,Cleveland Guardians,Minnesota Twins,5,2,0,Gavin Williams,Bailey Ober,40.0,4.666666666666667,4.75,4.0,62.0,47.0,6.0,4.666666666666667,3.425373134328358,5.0,48.0,52.0,1,19.2,24.6,5.0,11.8,0.708,0.679
823846,2026-07-09,R,Seattle Mariners,Miami Marlins,4,8,1,Bryce Miller,Janson Junk,45.0,5.0,6.075,4.0,77.0,53.0,7.0,7.0,2.9634146341463414,2.0,47.0,31.0,1,17.2,18.9,2.9,8.7,0.729,0.747
824251,2026-07-09,R,Athletics,Detroit Tigers,1,4,1,José Suarez,Framber Valdez,7.0,5.0,4.615384615384615,3.6666666666666665,67.0,41.0,100.0,3.6666666666666665,5.170212765957447,3.6666666666666665,53.0,77.0,1,23.3,19.8,8.5,12.3,0.774,0.74
824494,2026-07-09,R,Philadelphia Phillies,Cincinnati Reds,1,0,0,Jesús Luzardo,Brady Singer,6.0,5.0,3.826771653543307,4.0,53.0,60.0,5.0,6.0,6.75,4.666666666666667,63.0,72.0,0,22.8,28.5,8.4,7.5,0.653,0.764
824577,2026-07-09,R,Boston Red Sox,Chicago White Sox,2,1,0,Patrick Sandoval,Anthony Kay,6.0,4.0,2.6832298136645965,5.0,65.0,48.0,,,4.05,2.0,63.0,39.0,0,,,,,0.699,0.743
824816,2026-07-09,R,Chicago Cubs,Baltimore Orioles,2,3,1,David Peterson,Trevor Rogers,6.0,5.0,3.4322033898305087,4.0,43.0,51.0,6.0,3.6666666666666665,5.647058823529412,3.6666666666666665,74.0,59.0,0,24.3,20.7,6.9,9.0,0.661,0.751
822709,2026-07-10,R,New York Yankees,Washington Nationals,5,3,0,Ryan Weathers,Carson Palmquist,6.0,1.0,4.943661971830986,0.0,70.0,61.0,5.0,4.0,2.2771084337349397,7.0,45.0,70.0,0,15.4,22.3,14.3,7.2,0.639,0.797
822878,2026-07-10,R,Houston Astros,Texas Rangers,3,7,1,Hunter Brown,Cal Quantrill,6.0,5.0,5.5928571428571425,3.0,58.0,59.0,6.0,4.0,1.6770186335403727,0.0,60.0,70.0,0,16.6,28.3,6.8,7.8,0.695,0.706
822955,2026-07-10,R,Seattle Mariners,Tampa Bay Rays,2,7,1,Luis Castillo,Nick Martinez,7.0,5.333333333333333,3.3517241379310345,6.666666666666667,59.0,44.0,7.0,6.0,2.892857142857143,3.0,50.0,34.0,0,17.0,21.7,6.1,6.2,0.735,0.747
823033,2026-07-10,R,Atlanta Braves,St. Louis Cardinals,1,2,1,Chris Sale,Kyle Leahy,6.0,5.0,3.789473684210526,4.0,61.0,57.0,6.0,5.0,4.418181818181818,5.0,69.0,66.0,0,22.0,32.4,7.7,6.3,0.695,0.721
823200,2026-07-10,R,Colorado Rockies,San Francisco Giants,4,3,0,Tanner Gordon,Robbie Ray,6.0,6.0,4.984615384615385,3.3333333333333335,57.0,70.0,5.0,5.0,4.440789473684211,3.6666666666666665,90.0,86.0,1,24.6,18.4,9.7,5.0,0.722,0.679
823278,2026-07-10,R,Toronto Blue Jays,San Diego Padres,5,3,0,Shane Bieber,JP Sears,5.0,5.0,6.56353591160221,4.333333333333333,54.0,92.0,6.0,4.0,3.375,0.0,43.0,50.0,0,20.1,23.3,6.2,4.4,0.72,0.755
823604,2026-07-10,R,Boston Red Sox,New York Mets,6,2,0,Sonny Gray,Nolan McLean,5.0,6.0,7.619631901840491,2.0,66.0,75.0,6.0,6.0,3.672,4.666666666666667,59.0,37.0,0,30.3,26.7,8.5,5.0,0.777,0.745
823685,2026-07-10,R,Los Angeles Angels,Minnesota Twins,4,3,0,Grayson Rodriguez,Zebby Matthews,6.0,4.666666666666667,5.175,4.0,64.0,52.0,26.0,2.3333333333333335,4.927007299270073,4.333333333333333,47.0,63.0,0,24.9,,6.8,,0.708,0.693
823845,2026-07-10,R,Cleveland Guardians,Miami Marlins,3,2,0,Parker Messick,Sandy Alcantara,6.0,8.0,5.931818181818182,4.0,85.0,57.0,6.0,5.0,3.2785714285714285,2.0,53.0,54.0,0,19.1,23.0,7.7,3.6,0.656,0.679
823927,2026-07-10,R,Arizona Diamondbacks,Los Angeles Dodgers,9,3,0,Eduardo Rodriguez,Kyle Hurt,,,4.068493150684931,0.0,75.0,55.0,5.0,6.0,3.024,2.0,47.0,55.0,0,,20.6,,8.6,0.765,0.764
824252,2026-07-10,R,Philadelphia Phillies,Detroit Tigers,2,10,1,Aaron Nola,Jack Flaherty,6.0,5.666666666666667,4.5,2.0,70.0,40.0,5.0,7.0,7.043478260869565,2.0,54.0,67.0,0,27.6,24.0,8.7,6.9,0.712,0.764
824493,2026-07-10,R,Chicago Cubs,Cincinnati Reds,0,4,1,Shota Imanaga,Hunter Greene,6.0,3.3333333333333335,3.6818181818181817,1.6666666666666667,53.0,61.0,6.0,4.666666666666667,5.732876712328767,3.0,72.0,59.0,0,31.4,20.6,6.2,4.6,0.653,0.751
824575,2026-07-10,R,Athletics,Chicago White Sox,1,14,1,Jacob Lopez,Sean Burke,6.0,6.0,2.511627906976744,3.6666666666666665,66.0,50.0,40.0,2.0,5.04,6.666666666666667,45.0,75.0,0,22.3,28.3,10.6,9.3,0.699,0.752
824817,2026-07-10,R,Kansas City Royals,Baltimore Orioles,3,5,1,Luinder Avila,Brandon Young,6.0,5.0,3.4015748031496065,3.0,46.0,53.0,5.0,5.0,6.540372670807454,3.3333333333333335,55.0,81.0,0,18.4,28.6,8.6,10.7,0.713,0.721
822711,2026-07-11,R,New York Yankees,Washington Nationals,4,2,0,Cam Schlittler,PJ Poulin,18.0,1.0,5.25503355704698,6.0,72.0,63.0,5.0,8.0,2.3823529411764706,3.6666666666666665,49.0,67.0,0,24.5,27.6,11.8,10.2,0.715,0.797
822875,2026-07-11,R,Houston Astros,Texas Rangers,9,3,0,Peter Lambert,Kumar Rocker,6.0,4.333333333333333,5.0979020979020975,3.0,60.0,58.0,6.0,5.666666666666667,2.486842105263158,2.0,63.0,69.0,1,19.5,,8.0,,0.695,0.706
822953,2026-07-11,R,Seattle Mariners,Tampa Bay Rays,1,6,1,Logan Gilbert,Griffin Jax,5.0,5.0,3.328767123287671,3.6666666666666665,60.0,45.0,7.0,7.333333333333333,3.857142857142857,3.0,49.0,40.0,1,35.0,32.3,7.4,5.8,0.735,0.747
823030,2026-07-11,R,Atlanta Braves,St. Louis Cardinals,1,4,1,Reynaldo López,Matthew Liberatore,6.0,5.0,3.15,6.0,63.0,54.0,5.0,5.0,4.833333333333333,5.0,67.0,67.0,1,18.8,4.0,6.2,8.0,0.692,0.716
823198,2026-07-11,R,Colorado Rockies,San Francisco Giants,2,4,1,Kyle Freeland,Tyler Mahle,6.0,4.333333333333333,5.564885496183206,4.0,59.0,71.0,5.0,5.0,4.618421052631579,4.0,86.0,80.0,1,19.1,17.5,8.4,5.4,0.631,0.679
823276,2026-07-11,R,Toronto Blue Jays,San Diego Padres,7,8,1,Trey Yesavage,Walker Buehler,5.0,5.0,6.75,4.666666666666667,50.0,96.0,6.0,6.0,3.6141732283464565,4.333333333333333,44.0,48.0,0,16.3,25.8,10.6,11.3,0.72,0.763
823357,2026-07-11,R,Milwaukee Brewers,Pittsburgh Pirates,6,7,1,Brandon Sproat,Braxton Ashcraft,7.0,5.666666666666667,6.023076923076923,0.0,79.0,71.0,6.0,4.0,2.6503067484662575,0.0,63.0,53.0,0,24.3,20.2,8.2,8.3,0.662,0.737
823603,2026-07-11,R,Boston Red Sox,New York Mets,4,0,0,Eduardo Rivera,Freddy Peralta,5.0,4.666666666666667,8.116564417177914,3.0,67.0,79.0,,,3.5859375,3.0,59.0,38.0,0,28.2,,9.1,,0.696,0.745
823682,2026-07-11,R,Los Angeles Angels,Minnesota Twins,3,5,1,Ryan Johnson,Joe Ryan,6.0,7.0,3.825,3.0,58.0,48.0,6.0,4.0,4.835820895522388,3.6666666666666665,48.0,57.0,0,28.2,22.2,5.7,6.9,0.708,0.693
823844,2026-07-11,R,Cleveland Guardians,Miami Marlins,4,1,0,Tanner Bibee,Eury Pérez,6.0,7.0,5.931818181818182,2.0,83.0,60.0,6.0,4.0,3.085714285714286,3.0,55.0,53.0,0,27.3,21.3,8.3,7.1,0.729,0.679
823926,2026-07-11,R,Arizona Diamondbacks,Los Angeles Dodgers,9,2,0,Brandon Pfaadt,Yoshinobu Yamamoto,7.0,7.0,3.8076923076923075,7.333333333333333,77.0,57.0,5.0,5.0,2.9076923076923076,3.0,55.0,52.0,0,29.4,19.2,8.6,4.8,0.77,0.764
824249,2026-07-11,R,Philadelphia Phillies,Detroit Tigers,4,2,0,Cristopher Sánchez,Casey Mize,6.0,6.666666666666667,4.384615384615385,3.0,72.0,42.0,5.0,3.3333333333333335,8.23404255319149,3.0,54.0,76.0,1,22.2,26.3,5.7,5.5,0.774,0.764
824492,2026-07-11,R,Chicago Cubs,Cincinnati Reds,5,3,0,Javier Assad,Nick Lodolo,6.0,6.0,3.826771653543307,2.0,51.0,57.0,6.0,4.666666666666667,5.363013698630137,3.0,70.0,57.0,1,24.3,15.0,4.8,7.8,0.723,0.751
824576,2026-07-11,R,Athletics,Chicago White Sox,0,1,1,Gage Jump,Bryan Hudson,23.0,1.6666666666666667,2.5562130177514795,2.0,58.0,50.0,6.0,3.0,6.91875,6.333333333333333,37.0,86.0,1,25.3,,17.3,,0.699,0.74
824813,2026-07-11,R,Kansas City Royals,Baltimore Orioles,1,6,1,Noah Cameron,Kyle Bradish,6.0,7.666666666666667,3.456,2.0,48.0,55.0,5.0,5.0,3.6,3.0,57.0,64.0,1,37.3,20.5,7.9,7.7,0.661,0.721
823356,2026-07-11,R,Milwaukee Brewers,Pittsburgh Pirates,2,3,1,Shane Drohan,Bubba Chandler,6.0,4.0,5.704225352112676,0.0,86.0,77.0,5.0,6.0,3.033707865168539,0.0,69.0,60.0,1,25.0,,3.2,,0.635,0.737
822708,2026-07-12,R,New York Yankees,Washington Nationals,5,3,0,Will Warren,Cade Cavalli,7.0,2.3333333333333335,5.166666666666667,7.333333333333333,70.0,64.0,5.0,4.0,2.396449704142012,2.3333333333333335,52.0,65.0,0,18.3,24.1,6.8,9.1,0.715,0.783
822876,2026-07-12,R,Houston Astros,Texas Rangers,5,6,1,Cristian Javier,MacKenzie Gore,4.0,5.0,4.891304347826087,3.3333333333333335,56.0,63.0,95.0,1.0,2.793103448275862,3.0,64.0,66.0,1,27.2,21.7,9.3,9.6,0.695,0.74
822951,2026-07-12,R,Seattle Mariners,Tampa Bay Rays,8,2,0,Emerson Hancock,Ian Seymour,5.0,5.333333333333333,3.3503649635036497,4.0,62.0,44.0,7.0,7.0,4.129411764705883,1.3333333333333333,47.0,42.0,1,26.4,16.6,7.9,8.1,0.735,0.727
823029,2026-07-12,R,Atlanta Braves,St. Louis Cardinals,4,3,0,Danny Young,Dustin May,6.0,4.666666666666667,3.2637362637362637,3.0,66.0,50.0,,,4.9245283018867925,3.0,68.0,66.0,1,21.1,35.1,9.6,8.1,0.695,0.721
823199,2026-07-12,R,Colorado Rockies,San Francisco Giants,1,3,1,Michael Lorenzen,Trevor McDonald,5.0,2.3333333333333335,5.770992366412214,2.0,58.0,73.0,5.0,6.0,4.195945945945946,2.0,80.0,79.0,1,23.3,21.0,3.3,6.4,0.722,0.679
823274,2026-07-12,R,Toronto Blue Jays,San Diego Padres,4,5,1,Kevin Gausman,Germán Márquez,5.0,5.0,5.869565217391305,7.0,55.0,88.0,6.0,5.333333333333333,3.654135338345865,6.333333333333333,47.0,49.0,0,14.0,24.4,8.1,6.5,0.72,0.763
823358,2026-07-12,R,Milwaukee Brewers,Pittsburgh Pirates,5,14,1,Robert Gasser,Paul Skenes,5.0,6.0,4.753521126760563,8.333333333333334,82.0,70.0,5.0,7.666666666666667,2.210526315789474,6.666666666666667,69.0,55.0,1,29.5,17.2,5.7,13.8,0.635,0.737
823602,2026-07-12,R,Boston Red Sox,New York Mets,3,2,0,Payton Tolle,Zac Thornton,16.0,6.0,8.447852760736197,4.666666666666667,61.0,81.0,5.0,6.0,3.375,5.333333333333333,59.0,37.0,0,,25.7,,10.8,0.696,0.743
823681,2026-07-12,R,Los Angeles Angels,Minnesota Twins,2,4,1,José Soriano,Taj Bradley,5.0,7.0,2.9745762711864407,3.0,58.0,43.0,5.0,6.0,5.2781954887218046,3.0,46.0,60.0,0,21.0,21.0,9.3,10.8,0.708,0.693
823842,2026-07-12,R,Cleveland Guardians,Miami Marlins,5,2,0,Joey Cantillo,Tyler Phillips,4.0,5.0,6.532258064516129,3.0,79.0,63.0,5.0,5.0,2.5434782608695654,2.3333333333333335,55.0,51.0,0,16.6,26.9,7.7,10.5,0.656,0.679
823925,2026-07-12,R,Arizona Diamondbacks,Los Angeles Dodgers,5,3,0,Mitch Bratt,Emmet Sheehan,7.0,4.333333333333333,4.153846153846154,3.0,64.0,63.0,18.0,3.0,2.8636363636363638,3.6666666666666665,62.0,50.0,0,30.6,,7.6,,0.765,0.764
824250,2026-07-12,R,Philadelphia Phillies,Detroit Tigers,5,0,0,Zack Wheeler,Tarik Skubal,5.0,5.0,3.6610169491525424,3.3333333333333335,68.0,38.0,5.0,7.0,7.866141732283465,2.0,56.0,72.0,1,32.2,33.3,4.4,5.6,0.712,0.747
824491,2026-07-12,R,Chicago Cubs,Cincinnati Reds,8,4,0,Matthew Boyd,Andrew Abbott,5.0,6.0,3.9461538461538463,4.0,45.0,55.0,5.0,6.0,5.472972972972973,4.0,67.0,58.0,1,21.8,21.4,6.3,5.8,0.653,0.751
824574,2026-07-12,R,Athletics,Chicago White Sox,1,9,1,J.T. Ginn,Noah Schultz,5.0,5.0,2.2252747252747254,8.0,57.0,49.0,5.0,4.0,6.6645569620253164,2.3333333333333335,35.0,82.0,1,,25.3,,7.9,0.666,0.74
824814,2026-07-12,R,Kansas City Royals,Baltimore Orioles,2,8,1,Seth Lugo,Shane Baz,5.0,6.0,3.6923076923076925,2.3333333333333335,51.0,52.0,5.0,4.333333333333333,3.576158940397351,1.0,57.0,68.0,1,24.8,20.5,9.0,9.0,0.713,0.721
823440,2026-07-16,R,New York Mets,Philadelphia Phillies,4,1,0,Christian Scott,Aaron Nola,6.0,5.0,8.604395604395604,0.0,31.0,51.0,8.0,5.0,9.675,0.0,52.0,68.0,0,24.0,,6.9,,0.764,0.777
822789,2026-07-17,R,Chicago White Sox,Toronto Blue Jays,12,4,0,Anthony Kay,Spencer Miles,10.0,4.0,4.6022727272727275,0.0,38.0,44.0,8.0,5.333333333333333,1.6744186046511629,0.0,39.0,28.0,0,,,,,0.755,0.666
823115,2026-07-17,R,San Francisco Giants,Seattle Mariners,7,0,0,Landen Roupp,Bryce Miller,8.0,5.0,2.927710843373494,0.0,35.0,33.0,11.0,8.0,5.510204081632653,0.0,46.0,55.0,0,18.9,21.4,8.7,9.5,0.747,0.722
823524,2026-07-17,R,Los Angeles Dodgers,New York Yankees,2,1,0,Roki Sasaki,Gerrit Cole,9.0,6.333333333333333,2.3684210526315788,0.0,45.0,41.0,9.0,6.0,4.00990099009901,0.0,32.0,45.0,0,,17.4,,13.7,0.783,0.77
823766,2026-07-17,R,Miami Marlins,Milwaukee Brewers,1,2,1,Sandy Alcantara,Logan Henderson,8.0,5.333333333333333,3.3230769230769233,0.0,53.0,51.0,7.0,7.0,4.153846153846154,0.0,49.0,36.0,0,33.3,19.1,8.1,7.7,0.737,0.729
824009,2026-07-17,R,Detroit Tigers,Los Angeles Angels,2,1,0,Troy Melton,Reid Detmers,8.0,4.0,4.885714285714286,0.0,39.0,48.0,9.0,5.333333333333333,1.4025974025974026,0.0,37.0,18.0,0,30.1,20.0,9.4,8.3,0.693,0.774
824090,2026-07-17,R,San Diego Padres,Kansas City Royals,6,7,1,Michael King,Seth Lugo,5.0,4.0,5.294117647058823,0.0,48.0,53.0,9.0,6.0,3.4,0.0,39.0,41.0,0,20.5,24.7,9.0,8.4,0.721,0.72
824170,2026-07-17,R,Baltimore Orioles,Houston Astros,3,2,0,Dean Kremer,Peter Lambert,6.0,6.0,3.407766990291262,0.0,49.0,50.0,9.0,5.0,3.0,0.0,44.0,30.0,0,,20.1,,6.4,0.706,0.713
824332,2026-07-17,R,Cincinnati Reds,Colorado Rockies,7,2,0,Brady Singer,Gabriel Hughes,9.0,6.0,2.43,0.0,49.0,48.0,8.0,7.333333333333333,3.0618556701030926,0.0,31.0,36.0,0,,22.8,,8.4,0.679,0.723
824655,2026-07-17,R,Minnesota Twins,Chicago Cubs,5,2,0,Bailey Ober,Colin Rea,9.0,5.333333333333333,6.48,0.0,36.0,47.0,8.0,5.0,3.176470588235294,0.0,42.0,30.0,0,19.2,19.2,6.6,5.0,0.751,0.708
824766,2026-07-17,R,Tampa Bay Rays,Boston Red Sox,0,10,1,Griffin Jax,Jake Bennett,9.0,7.0,1.2857142857142858,0.0,48.0,14.0,6.0,5.0,3.6610169491525424,0.0,40.0,45.0,0,,35.0,,7.4,0.745,0.667
824901,2026-07-17,R,Texas Rangers,Atlanta Braves,1,15,1,Cal Quantrill,Chris Sale,7.0,3.0,3.965034965034965,0.0,57.0,49.0,7.0,6.0,5.516129032258065,0.0,35.0,48.0,0,32.4,16.6,6.3,6.8,0.721,0.653
824981,2026-07-17,R,Washington Nationals,Athletics,23,4,0,Cade Cavalli,Gage Jump,6.0,5.666666666666667,6.803149606299213,0.0,21.0,68.0,5.0,6.0,6.230769230769231,0.0,46.0,56.0,0,,18.3,,6.8,0.752,0.639
825060,2026-07-17,R,St. Louis Cardinals,Arizona Diamondbacks,5,4,0,Michael McGreevy,Merrill Kelly,8.0,7.0,2.3076923076923075,0.0,49.0,36.0,9.0,6.333333333333333,3.8028169014084505,0.0,50.0,40.0,0,22.3,14.5,6.4,5.0,0.764,0.692
824737,2026-07-17,R,Tampa Bay Rays,Boston Red Sox,3,5,1,Mason Englert,Eduardo Rivera,6.0,3.6666666666666665,1.1842105263157894,0.0,58.0,14.0,12.0,5.666666666666667,4.039370078740157,0.0,40.0,55.0,1,,23.8,,5.9,0.745,0.667
822790,2026-07-18,R,Chicago White Sox,Toronto Blue Jays,0,1,1,Davis Martin,Shane Bieber,8.0,4.666666666666667,5.288659793814433,5.0,40.0,56.0,10.0,4.0,1.6744186046511629,5.0,48.0,28.0,0,23.3,17.3,4.4,8.0,0.763,0.666
823116,2026-07-18,R,San Francisco Giants,Seattle Mariners,3,4,1,Logan Webb,Bryan Woo,11.0,5.0,4.178571428571429,3.3333333333333335,35.0,38.0,10.0,7.0,3.640449438202247,2.0,50.0,40.0,0,27.1,26.2,4.9,5.4,0.747,0.722
823441,2026-07-18,R,New York Mets,Philadelphia Phillies,1,6,1,Sean Manaea,Jesús Luzardo,9.0,7.0,7.623529411764705,0.0,31.0,49.0,9.0,7.0,9.610169491525424,0.0,53.0,64.0,0,28.5,28.5,7.5,4.6,0.747,0.696
823763,2026-07-18,R,Miami Marlins,Milwaukee Brewers,6,8,1,Max Meyer,Shane Drohan,7.0,6.333333333333333,3.6,5.0,48.0,48.0,11.0,5.0,4.408163265306122,3.6666666666666665,38.0,33.0,1,,23.9,,7.0,0.737,0.656
824008,2026-07-18,R,Detroit Tigers,Los Angeles Angels,7,0,0,Tarik Skubal,Grayson Rodriguez,8.0,5.333333333333333,5.5588235294117645,3.0,38.0,45.0,6.0,5.0,1.2413793103448276,3.3333333333333335,39.0,19.0,0,,32.2,,4.4,0.701,0.712
824088,2026-07-18,R,San Diego Padres,Kansas City Royals,1,6,1,Griffin Canning,Randy Dobnak,,,5.2105263157894735,4.0,55.0,59.0,9.0,4.666666666666667,3.8028169014084505,4.333333333333333,42.0,44.0,1,5.3,21.4,10.5,10.4,0.721,0.72
824169,2026-07-18,R,Baltimore Orioles,Houston Astros,4,2,0,Trevor Rogers,Spencer Arrighetti,10.0,4.0,3.407766990291262,3.0,50.0,50.0,9.0,6.0,2.892857142857143,5.0,44.0,32.0,0,19.9,24.3,12.8,6.9,0.74,0.713
824331,2026-07-18,R,Cincinnati Reds,Colorado Rockies,3,10,1,Rhett Lowder,Tomoyuki Sugano,22.0,5.0,3.4411764705882355,3.6666666666666665,36.0,52.0,18.0,4.666666666666667,3.2637362637362637,2.0,38.0,35.0,0,15.7,,5.3,,0.679,0.723
824414,2026-07-18,R,Pittsburgh Pirates,Cleveland Guardians,7,1,0,Jared Jones,Gavin Williams,9.0,7.0,2.8588235294117648,0.0,30.0,26.0,10.0,6.0,4.731958762886598,0.0,59.0,36.0,0,24.6,,11.8,,0.679,0.662
824657,2026-07-18,R,Minnesota Twins,Chicago Cubs,2,6,1,Taj Bradley,Matthew Boyd,6.0,6.333333333333333,5.225806451612903,3.0,37.0,35.0,6.0,7.0,2.5714285714285716,3.6666666666666665,45.0,27.0,0,21.4,21.0,5.8,9.3,0.751,0.706
824738,2026-07-18,R,Tampa Bay Rays,Boston Red Sox,6,7,1,Ian Seymour,Patrick Sandoval,9.0,4.333333333333333,1.0384615384615385,9.666666666666666,58.0,15.0,6.0,3.3333333333333335,4.104,6.0,40.0,59.0,1,,26.4,,7.9,0.743,0.667
824899,2026-07-18,R,Texas Rangers,Atlanta Braves,7,6,0,MacKenzie Gore,Owen Murphy,,,4.138686131386861,2.0,67.0,47.0,6.0,4.0,7.2,4.0,36.0,63.0,1,,27.2,,9.3,0.716,0.695
824979,2026-07-18,R,Washington Nationals,Athletics,1,15,1,Zack Littell,J.T. Ginn,6.0,4.333333333333333,9.779527559055119,5.333333333333333,20.0,79.0,20.0,5.0,5.74015748031496,3.0,60.0,55.0,0,25.3,17.1,7.9,4.2,0.752,0.715
825059,2026-07-18,R,St. Louis Cardinals,Arizona Diamondbacks,3,5,1,Dustin May,Brandon Pfaadt,7.0,5.333333333333333,2.292452830188679,4.0,49.0,34.0,6.0,4.0,4.05,2.6666666666666665,38.0,43.0,0,19.2,21.1,4.8,9.6,0.764,0.692
824412,2026-07-18,R,Pittsburgh Pirates,Cleveland Guardians,3,5,1,Mason Montgomery,Logan Allen,293.0,4.333333333333333,3.1595744680851063,0.0,31.0,33.0,41.0,1.0,4.2110091743119265,0.0,66.0,37.0,0,18.0,30.1,9.2,12.9,0.647,0.635
822786,2026-07-19,R,Chicago White Sox,Toronto Blue Jays,3,0,0,Sean Burke,Trey Yesavage,8.0,1.6666666666666667,4.308510638297872,3.0,41.0,45.0,9.0,7.0,1.7007874015748032,2.3333333333333335,45.0,28.0,0,25.8,22.3,11.3,10.6,0.763,0.666
823113,2026-07-19,R,San Francisco Giants,Seattle Mariners,3,6,1,Robbie Ray,Logan Gilbert,8.0,6.666666666666667,3.857142857142857,4.0,28.0,41.0,9.0,5.0,3.337078651685393,3.0,47.0,40.0,0,32.3,24.6,5.8,9.7,0.727,0.722
823439,2026-07-19,R,New York Mets,Philadelphia Phillies,6,1,0,Nolan McLean,Alan Rangel,11.0,3.3333333333333335,7.363636363636363,4.0,31.0,49.0,9.0,6.0,8.168067226890756,3.3333333333333335,51.0,56.0,0,17.4,30.3,13.0,8.5,0.764,0.777
823523,2026-07-19,R,Los Angeles Dodgers,New York Yankees,8,2,0,Yoshinobu Yamamoto,Cam Schlittler,8.0,6.666666666666667,2.2736842105263158,0.0,37.0,30.0,8.0,6.0,4.21875,0.0,27.0,43.0,0,27.6,29.4,10.2,8.6,0.783,0.77
823764,2026-07-19,R,Miami Marlins,Milwaukee Brewers,1,3,1,Eury Pérez,Robert Gasser,7.0,3.0,4.189655172413793,3.0,53.0,50.0,8.0,6.0,5.154545454545454,5.0,37.0,39.0,1,17.2,27.3,13.8,8.3,0.737,0.656
824007,2026-07-19,R,Detroit Tigers,Los Angeles Angels,2,3,1,Casey Mize,Ryan Johnson,8.0,5.0,4.5,5.0,37.0,44.0,8.0,5.666666666666667,1.3012048192771084,2.0,43.0,19.0,0,22.2,22.2,6.9,5.7,0.693,0.712
824086,2026-07-19,R,San Diego Padres,Kansas City Royals,19,2,0,Germán Márquez,Noah Cameron,8.0,7.0,4.53781512605042,4.666666666666667,60.0,54.0,7.0,4.0,3.828358208955224,4.333333333333333,43.0,47.0,1,20.5,14.0,7.7,8.1,0.721,0.691
824168,2026-07-19,R,Baltimore Orioles,Houston Astros,5,2,0,Brandon Young,Hunter Brown,9.0,6.0,3.311320754716981,6.0,42.0,46.0,9.0,7.0,2.511627906976744,4.666666666666667,40.0,29.0,0,28.3,18.4,7.8,8.6,0.706,0.713
824330,2026-07-19,R,Cincinnati Reds,Colorado Rockies,9,6,0,Hunter Greene,Ryan Feltner,10.0,4.333333333333333,3.51,2.6666666666666665,42.0,49.0,9.0,7.0,3.857142857142857,5.666666666666667,36.0,37.0,0,18.5,31.4,8.9,6.2,0.679,0.723
824411,2026-07-19,R,Pittsburgh Pirates,Cleveland Guardians,7,1,0,Paul Skenes,Joey Cantillo,7.0,5.0,2.4545454545454546,8.666666666666666,35.0,33.0,7.0,5.333333333333333,4.909090909090909,11.333333333333334,62.0,41.0,0,26.9,29.5,10.5,5.7,0.679,0.635
824653,2026-07-19,R,Minnesota Twins,Chicago Cubs,1,10,1,Zebby Matthews,Shota Imanaga,9.0,5.0,5.46067415730337,3.0,43.0,34.0,9.0,6.0,3.0375,3.0,36.0,29.0,0,20.6,24.9,4.6,6.8,0.751,0.706
824739,2026-07-19,R,Tampa Bay Rays,Boston Red Sox,1,6,1,Shane McClanahan,Sonny Gray,9.0,6.0,1.218045112781955,4.0,57.0,20.0,11.0,6.333333333333333,3.0916030534351147,5.0,38.0,56.0,1,26.7,,5.0,,0.743,0.735
824897,2026-07-19,R,Texas Rangers,Atlanta Braves,5,8,1,Nathan Eovaldi,Grant Holmes,11.0,5.0,4.6875,6.333333333333333,59.0,51.0,10.0,6.0,7.601941747572815,3.3333333333333335,43.0,66.0,1,25.0,26.0,11.0,4.2,0.721,0.695
824978,2026-07-19,R,Washington Nationals,Athletics,5,2,0,Foster Griffin,Jacob Lopez,9.0,1.6666666666666667,9.737704918032787,2.6666666666666665,33.0,73.0,11.0,7.0,7.678899082568807,2.0,60.0,63.0,0,28.3,,9.3,,0.74,0.639
825057,2026-07-19,R,St. Louis Cardinals,Arizona Diamondbacks,7,8,1,Andre Pallante,Eduardo Rodriguez,9.0,6.0,2.3142857142857145,3.6666666666666665,50.0,34.0,10.0,5.0,4.138686131386861,3.0,38.0,48.0,0,20.6,15.5,8.6,8.7,0.764,0.695
823521,2026-07-19,R,Los Angeles Dodgers,New York Yankees,1,2,1,Will Klein,Ryan Yarbrough,396.0,5.333333333333333,3.220183486238532,0.0,39.0,38.0,27.0,1.0,4.21875,0.0,35.0,45.0,0,20.8,30.0,7.2,14.3,0.783,0.765
822788,2026-07-20,R,Tampa Bay Rays,Toronto Blue Jays,7,1,0,Nick Martinez,Dylan Cease,12.0,8.0,3.8969072164948453,3.0,41.0,44.0,10.0,5.333333333333333,3.045112781954887,3.0,39.0,60.0,0,29.8,17.0,9.8,6.1,0.763,0.735
822874,2026-07-20,R,Chicago White Sox,Texas Rangers,10,3,0,Erick Fedde,Jacob deGrom,13.0,5.0,8.287128712871286,4.0,45.0,68.0,20.0,5.0,1.4862385321100917,2.3333333333333335,41.0,22.0,0,27.7,13.3,5.5,10.8,0.695,0.666
823112,2026-07-20,R,Cincinnati Reds,Seattle Mariners,0,8,1,Andrew Abbott,George Kirby,12.0,6.0,3.734042553191489,3.0,30.0,44.0,8.0,4.0,4.450549450549451,3.0,42.0,41.0,0,26.1,21.8,5.5,6.3,0.727,0.723
823436,2026-07-20,R,Los Angeles Dodgers,Philadelphia Phillies,7,10,1,Emmet Sheehan,Cristopher Sánchez,9.0,7.0,6.21,5.0,30.0,50.0,8.0,5.333333333333333,3.145631067961165,7.0,34.0,42.0,0,26.3,30.6,5.5,7.6,0.764,0.765
823522,2026-07-20,R,Pittsburgh Pirates,New York Yankees,5,8,1,Braxton Ashcraft,Ryan Weathers,10.0,5.333333333333333,2.8672566371681416,11.0,40.0,33.0,9.0,5.0,5.0625,2.0,58.0,37.0,0,22.3,24.3,7.2,8.2,0.783,0.635
823762,2026-07-20,R,New York Mets,Milwaukee Brewers,3,8,1,Freddy Peralta,Jacob Misiorowski,13.0,7.0,4.061946902654867,4.0,53.0,49.0,9.0,4.333333333333333,7.033613445378151,3.0,47.0,48.0,0,32.0,28.2,11.0,9.1,0.737,0.777
824006,2026-07-20,R,St. Louis Cardinals,Los Angeles Angels,2,3,1,Kyle Leahy,José Soriano,8.0,5.0,4.363636363636363,4.0,35.0,39.0,10.0,3.0,4.821428571428571,4.0,41.0,50.0,0,21.0,22.0,10.8,7.7,0.693,0.692
824087,2026-07-20,R,San Francisco Giants,Kansas City Royals,3,4,1,Trevor McDonald,Michael Wacha,11.0,4.666666666666667,6.352941176470588,4.0,57.0,71.0,8.0,7.0,3.3,4.0,44.0,39.0,0,17.6,23.3,6.3,3.3,0.721,0.722
824167,2026-07-20,R,Miami Marlins,Houston Astros,5,8,1,Janson Junk,Ronel Blanco,429.0,6.0,3.467889908256881,4.333333333333333,42.0,51.0,11.0,5.0,4.135135135135135,2.3333333333333335,29.0,34.0,0,24.1,17.2,10.1,2.9,0.706,0.729
824328,2026-07-20,R,Washington Nationals,Colorado Rockies,7,3,0,Andrew Alvarez,Kyle Freeland,9.0,6.0,3.5,6.666666666666667,41.0,52.0,13.0,5.666666666666667,7.105263157894737,2.0,60.0,54.0,0,17.5,20.4,5.4,10.2,0.679,0.639
824410,2026-07-20,R,Minnesota Twins,Cleveland Guardians,4,13,1,Joe Ryan,Tanner Bibee,9.0,6.666666666666667,3.09375,4.0,30.0,33.0,9.0,6.0,2.4269662921348316,5.0,31.0,38.0,0,21.3,28.2,7.1,5.7,0.679,0.708
824654,2026-07-20,R,Detroit Tigers,Chicago Cubs,8,6,0,Jack Flaherty,Jameson Taillon,43.0,1.0,4.939024390243903,2.0,47.0,31.0,10.0,6.0,1.5,4.666666666666667,39.0,19.0,0,18.9,27.6,5.2,8.7,0.751,0.712
824736,2026-07-20,R,Baltimore Orioles,Boston Red Sox,5,6,1,Shane Baz,Payton Tolle,8.0,3.6666666666666665,0.8780487804878049,3.0,56.0,16.0,8.0,4.666666666666667,2.67032967032967,2.0,43.0,28.0,0,25.7,24.8,10.8,9.0,0.745,0.661
824898,2026-07-20,R,San Diego Padres,Atlanta Braves,2,3,1,JP Sears,Bryce Elder,11.0,4.0,4.183098591549296,4.0,58.0,46.0,10.0,4.333333333333333,3.2785714285714285,6.0,57.0,47.0,0,19.3,20.1,7.5,6.2,0.716,0.72
825058,2026-07-20,R,Athletics,Arizona Diamondbacks,5,2,0,Jeffrey Springs,Mitch Bratt,8.0,3.0,2.288135593220339,7.333333333333333,56.0,38.0,12.0,4.333333333333333,10.067796610169491,4.666666666666667,27.0,69.0,0,,19.4,,7.6,0.742,0.74
822787,2026-07-21,R,Tampa Bay Rays,Toronto Blue Jays,12,2,0,Drew Rasmussen,Kevin Gausman,9.0,6.0,3.857142857142857,3.0,41.0,41.0,12.0,2.3333333333333335,2.7,3.0,45.0,56.0,0,24.4,21.7,6.5,6.3,0.763,0.735
822871,2026-07-21,R,Chicago White Sox,Texas Rangers,0,10,1,Noah Schultz,Kumar Rocker,10.0,5.666666666666667,8.526315789473685,4.333333333333333,48.0,78.0,9.0,5.0,1.5241935483870968,5.0,51.0,25.0,0,19.5,,8.0,,0.653,0.666
823114,2026-07-21,R,Cincinnati Reds,Seattle Mariners,4,2,0,Chase Burns,Luis Castillo,11.0,5.0,3.407766990291262,3.0,38.0,44.0,13.0,5.0,6.123711340206185,2.0,42.0,49.0,1,21.7,35.6,6.2,8.5,0.747,0.723
823437,2026-07-21,R,Los Angeles Dodgers,Philadelphia Phillies,2,1,0,Justin Wrobleski,Zack Wheeler,9.0,6.0,5.845360824742268,3.6666666666666665,39.0,42.0,14.0,7.0,3.65625,2.6666666666666665,33.0,45.0,1,33.3,27.1,5.6,6.1,0.747,0.77
823760,2026-07-21,R,New York Mets,Milwaukee Brewers,4,0,0,Zac Thornton,Brandon Sproat,10.0,3.0,4.310924369747899,5.0,57.0,49.0,9.0,7.0,7.297297297297297,2.6666666666666665,43.0,50.0,1,20.2,,8.3,,0.734,0.777
824005,2026-07-21,R,St. Louis Cardinals,Los Angeles Angels,1,5,1,Matthew Liberatore,Walbert Ureña,13.0,4.0,4.114285714285714,2.0,38.0,41.0,10.0,6.0,4.835820895522388,2.3333333333333335,40.0,49.0,1,,18.8,,6.2,0.701,0.692
824085,2026-07-21,R,San Francisco Giants,Kansas City Royals,2,3,1,Tyler Mahle,Luinder Avila,11.0,5.0,6.982758620689655,3.0,46.0,73.0,10.0,7.0,3.24,4.333333333333333,37.0,42.0,1,28.6,19.1,10.7,8.4,0.721,0.722
824165,2026-07-21,R,Miami Marlins,Houston Astros,3,5,1,Tyler Phillips,Tatsuya Imai,14.0,3.6666666666666665,3.6486486486486487,4.333333333333333,39.0,44.0,9.0,1.0,4.170731707317073,4.0,34.0,42.0,1,,16.6,,7.7,0.706,0.729
824329,2026-07-21,R,Washington Nationals,Colorado Rockies,7,8,1,Carson Palmquist,Michael Lorenzen,9.0,5.0,4.544554455445544,3.0,37.0,51.0,11.0,3.0,5.67,4.666666666666667,55.0,46.0,0,21.0,15.4,6.4,14.3,0.679,0.715
824409,2026-07-21,R,Minnesota Twins,Cleveland Guardians,2,5,1,Kendry Rojas,Parker Messick,11.0,6.0,3.342857142857143,3.0,43.0,37.0,28.0,2.0,3.4752475247524752,4.0,35.0,51.0,1,23.0,,3.6,,0.647,0.706
824652,2026-07-21,R,Detroit Tigers,Chicago Cubs,2,11,1,Framber Valdez,David Peterson,12.0,5.0,4.636363636363637,5.666666666666667,53.0,39.0,12.0,7.0,1.75,6.0,47.0,25.0,0,20.7,23.3,9.0,8.5,0.751,0.774
824895,2026-07-21,R,San Diego Padres,Atlanta Braves,8,3,0,Walker Buehler,Reynaldo López,10.0,5.0,3.375,3.0,55.0,41.0,10.0,2.0,3.3503649635036497,3.0,59.0,42.0,1,4.0,16.3,8.0,10.6,0.721,0.72
825056,2026-07-21,R,Athletics,Arizona Diamondbacks,5,6,1,Jack Perkins,Kohl Drake,,,2.9495798319327733,4.333333333333333,50.0,43.0,18.0,3.6666666666666665,9.138461538461538,4.0,32.0,71.0,0,,23.0,,11.2,0.764,0.74
822784,2026-07-22,R,Tampa Bay Rays,Toronto Blue Jays,4,2,0,Griffin Jax,Braydon Fisher,21.0,1.0,5.4,5.666666666666667,34.0,50.0,5.0,5.0,2.4732824427480917,4.0,51.0,54.0,0,30.7,35.0,9.4,7.4,0.763,0.735
822873,2026-07-22,R,Chicago White Sox,Texas Rangers,4,2,0,Anthony Kay,Tyler Alexander,23.0,1.0,8.513513513513514,3.0,50.0,75.0,5.0,4.0,1.728,4.333333333333333,50.0,27.0,0,19.4,,7.1,,0.653,0.699
823110,2026-07-22,R,Cincinnati Reds,Seattle Mariners,5,3,0,Brady Singer,Emerson Hancock,10.0,1.6666666666666667,3.65625,2.0,35.0,42.0,5.0,7.0,6.21,4.0,45.0,47.0,1,16.6,22.8,8.1,8.4,0.747,0.723
823438,2026-07-22,R,Los Angeles Dodgers,Philadelphia Phillies,9,5,0,Eric Lauer,Aaron Nola,6.0,6.0,5.845360824742268,2.0,36.0,43.0,16.0,6.0,3.5816326530612246,2.6666666666666665,32.0,42.0,1,24.0,23.9,6.9,6.1,0.747,0.77
823518,2026-07-22,R,Pittsburgh Pirates,New York Yankees,5,3,0,Mitch Keller,Gerrit Cole,5.0,6.0,2.918918918918919,0.0,39.0,31.0,13.0,3.0,4.3474576271186445,0.0,51.0,41.0,1,,20.0,,6.8,0.783,0.662
823761,2026-07-22,R,New York Mets,Milwaukee Brewers,3,4,1,Christian Scott,Logan Henderson,5.0,5.0,4.647540983606557,4.333333333333333,43.0,48.0,6.0,5.666666666666667,3.9375,3.0,35.0,34.0,1,33.3,,8.1,,0.737,0.777
824004,2026-07-22,R,St. Louis Cardinals,Los Angeles Angels,1,0,0,Hunter Dobbins,Reid Detmers,5.0,6.0,2.5,3.0,40.0,34.0,15.0,5.0,3.311320754716981,2.6666666666666665,36.0,40.0,1,30.1,17.6,9.4,6.6,0.693,0.695
824083,2026-07-22,R,San Francisco Giants,Kansas City Royals,4,5,1,Landen Roupp,Seth Lugo,5.0,6.0,6.627272727272727,2.6666666666666665,33.0,63.0,5.0,7.0,3.337078651685393,3.0,36.0,36.0,1,20.5,21.4,9.0,9.5,0.721,0.722
824166,2026-07-22,R,Miami Marlins,Houston Astros,2,5,1,Sandy Alcantara,Peter Lambert,5.0,6.0,4.153846153846154,3.0,38.0,44.0,5.0,6.0,3.630252100840336,3.6666666666666665,31.0,42.0,1,,19.1,,7.7,0.706,0.729
824327,2026-07-22,R,Washington Nationals,Colorado Rockies,8,0,0,Cade Cavalli,Gabriel Hughes,5.0,5.333333333333333,4.5,5.333333333333333,41.0,55.0,5.0,6.0,5.944954128440367,6.333333333333333,59.0,48.0,0,,18.3,,6.8,0.679,0.715
824408,2026-07-22,R,Minnesota Twins,Cleveland Guardians,10,6,0,Bailey Ober,Slade Cecconi,14.0,3.6666666666666665,3.056603773584906,3.3333333333333335,47.0,36.0,5.0,5.333333333333333,3.857142857142857,5.666666666666667,34.0,55.0,1,20.0,19.2,5.9,5.0,0.679,0.708
824650,2026-07-22,R,Detroit Tigers,Chicago Cubs,5,1,0,Keider Montero,Colin Rea,5.0,6.0,4.731958762886598,2.3333333333333335,59.0,39.0,26.0,7.0,2.7457627118644066,7.333333333333333,43.0,34.0,0,19.2,18.5,6.6,8.0,0.751,0.712
824735,2026-07-22,R,Baltimore Orioles,Boston Red Sox,3,6,1,Dean Kremer,Jake Bennett,5.0,6.0,0.8709677419354839,0.0,54.0,20.0,5.0,4.0,2.7613636363636362,0.0,46.0,29.0,1,,20.1,,6.4,0.745,0.661
824896,2026-07-22,R,San Diego Padres,Atlanta Braves,6,7,1,Michael King,Martín Pérez,17.0,4.333333333333333,2.9779411764705883,4.666666666666667,54.0,37.0,5.0,5.0,3.6,3.3333333333333335,63.0,44.0,1,19.3,24.7,9.6,8.4,0.721,0.691
825055,2026-07-22,R,Athletics,Arizona Diamondbacks,5,15,1,Gage Jump,Merrill Kelly,5.0,5.0,3.375,5.0,55.0,44.0,5.0,3.6666666666666665,8.65648854961832,4.333333333333333,35.0,71.0,0,22.3,,6.4,,0.742,0.752
823519,2026-07-22,R,Pittsburgh Pirates,New York Yankees,0,2,1,Bubba Chandler,Max Fried,70.0,3.0,2.925,0.0,42.0,36.0,11.0,4.666666666666667,4.466165413533835,0.0,56.0,44.0,1,23.6,25.0,6.4,3.2,0.783,0.635
824732,2026-07-22,R,Baltimore Orioles,Boston Red Sox,5,1,0,Kyle Bradish,Eduardo Rivera,5.0,2.3333333333333335,0.8059701492537313,0.0,60.0,23.0,11.0,6.666666666666667,2.5851063829787235,0.0,49.0,35.0,1,,37.3,,7.9,0.745,0.661
822785,2026-07-23,R,Tampa Bay Rays,Toronto Blue Jays,1,3,1,Casey Legumina,Shane Bieber,5.0,6.0,4.5,7.666666666666667,26.0,54.0,28.0,1.3333333333333333,2.659090909090909,3.0,52.0,56.0,0,23.3,25.1,4.4,11.4,0.763,0.735
823042,2026-07-23,R,Arizona Diamondbacks,St. Louis Cardinals,10,6,0,Brandon Pfaadt,Michael McGreevy,6.0,6.333333333333333,3.2803738317757007,3.0,32.0,39.0,5.0,5.333333333333333,2.9302325581395348,4.0,66.0,39.0,0,14.5,19.2,5.0,4.8,0.692,0.764
824247,2026-07-23,R,Kansas City Royals,Detroit Tigers,3,4,1,Randy Dobnak,Troy Melton,6.0,5.666666666666667,2.7457627118644066,3.6666666666666665,42.0,34.0,5.0,4.333333333333333,6.536842105263158,2.0,36.0,61.0,0,20.0,5.3,8.3,10.5,0.712,0.721
824406,2026-07-23,R,Minnesota Twins,Cleveland Guardians,3,1,0,Taj Bradley,Gavin Williams,5.0,6.0,2.5961538461538463,4.333333333333333,48.0,40.0,5.0,5.0,3.756521739130435,5.0,38.0,56.0,1,24.6,21.0,11.8,9.3,0.679,0.708
824893,2026-07-23,R,San Diego Padres,Atlanta Braves,5,6,1,Kyle Hart,Chris Sale,6.0,7.0,4.079136690647482,5.0,58.0,43.0,26.0,2.0,4.295454545454546,2.0,59.0,47.0,1,32.4,20.7,6.3,7.3,0.716,0.691
822707,2026-07-24,R,Arizona Diamondbacks,Washington Nationals,3,2,0,Eduardo Rodriguez,Carson Palmquist,3.0,1.6666666666666667,5.785714285714286,0.0,59.0,46.0,5.0,2.6666666666666665,3.6818181818181817,3.0,73.0,44.0,0,15.4,20.6,14.3,8.6,0.639,0.742
822872,2026-07-24,R,Seattle Mariners,Texas Rangers,4,5,1,Bryce Miller,MacKenzie Gore,6.0,5.666666666666667,7.297297297297297,0.0,44.0,60.0,7.0,5.666666666666667,4.2,0.0,34.0,37.0,0,27.2,18.9,9.3,8.7,0.695,0.727
822952,2026-07-24,R,Cleveland Guardians,Tampa Bay Rays,3,11,1,Joey Cantillo,Shane McClanahan,5.0,5.0,1.8692307692307693,6.0,49.0,47.0,5.0,5.0,2.8672566371681416,5.0,44.0,41.0,0,,26.9,,10.5,0.667,0.647
823031,2026-07-24,R,Cincinnati Reds,St. Louis Cardinals,4,2,0,Rhett Lowder,Dustin May,6.0,5.0,4.456310679611651,2.6666666666666665,34.0,41.0,6.0,2.3333333333333335,6.3,0.0,39.0,44.0,0,21.1,,9.6,,0.692,0.723
823196,2026-07-24,R,Los Angeles Angels,San Francisco Giants,6,7,1,Grayson Rodriguez,Logan Webb,6.0,6.666666666666667,3.759493670886076,0.0,32.0,29.0,6.0,4.0,2.076923076923077,0.0,21.0,27.0,0,26.2,,5.4,,0.722,0.693
823352,2026-07-24,R,Chicago Cubs,Pittsburgh Pirates,3,2,0,Matthew Boyd,Jared Jones,6.0,5.0,3.4054054054054053,0.0,51.0,33.0,6.0,6.0,3.640449438202247,0.0,49.0,34.0,0,,21.4,,5.8,0.635,0.751
823434,2026-07-24,R,New York Yankees,Philadelphia Phillies,1,0,0,Cam Schlittler,Jesús Luzardo,6.0,5.0,5.215909090909091,0.0,35.0,41.0,5.0,4.333333333333333,2.547169811320755,0.0,32.0,29.0,0,28.5,27.6,7.5,10.2,0.764,0.797
823601,2026-07-24,R,Los Angeles Dodgers,New York Mets,4,2,0,Roki Sasaki,Sean Manaea,6.0,4.666666666666667,3.857142857142857,0.0,25.0,33.0,7.0,5.666666666666667,4.05,0.0,37.0,44.0,0,28.5,17.4,4.6,13.7,0.777,0.765
823680,2026-07-24,R,Athletics,Minnesota Twins,2,0,0,Jacob Lopez,Zebby Matthews,5.0,3.0,2.7457627118644066,5.0,39.0,52.0,5.0,4.333333333333333,11.536363636363637,0.0,38.0,76.0,0,24.9,28.3,6.8,9.3,0.706,0.752
823759,2026-07-24,R,Colorado Rockies,Milwaukee Brewers,5,2,0,Tomoyuki Sugano,Shane Drohan,6.0,6.0,4.621621621621622,0.0,38.0,42.0,6.0,6.333333333333333,4.980582524271845,0.0,36.0,51.0,0,,15.7,,5.3,0.737,0.679
823843,2026-07-24,R,San Diego Padres,Miami Marlins,4,2,0,Germán Márquez,Ryan Gusto,22.0,3.0,3.857142857142857,0.0,23.0,43.0,5.0,3.0,4.821428571428571,7.0,63.0,50.0,0,21.4,14.0,7.9,8.1,0.729,0.72
824248,2026-07-24,R,Kansas City Royals,Detroit Tigers,1,2,1,Beck Way,Tarik Skubal,6.0,7.0,2.8306451612903225,4.0,42.0,36.0,,,7.468085106382978,3.0,36.0,58.0,1,32.2,,4.4,,0.712,0.659
824573,2026-07-24,R,Houston Astros,Chicago White Sox,9,5,0,Spencer Arrighetti,Davis Martin,6.0,5.666666666666667,1.945945945945946,0.0,53.0,22.0,6.0,5.0,4.2772277227722775,0.0,41.0,38.0,0,17.3,19.9,8.0,12.8,0.666,0.706
824733,2026-07-24,R,Toronto Blue Jays,Boston Red Sox,4,6,1,Trey Yesavage,Patrick Sandoval,6.0,5.0,0.9712230215827338,0.0,54.0,27.0,5.0,6.0,4.285714285714286,2.0,29.0,55.0,0,,25.8,,11.3,0.745,0.755
824812,2026-07-24,R,Atlanta Braves,Baltimore Orioles,7,6,0,Grant Holmes,Trevor Rogers,6.0,6.333333333333333,0.9878048780487805,0.0,44.0,25.0,5.0,5.0,4.466165413533835,3.0,54.0,43.0,0,24.3,25.0,6.9,11.0,0.713,0.716
822704,2026-07-25,R,Arizona Diamondbacks,Washington Nationals,3,5,1,Mitch Bratt,Foster Griffin,6.0,7.0,4.846153846153846,7.666666666666667,58.0,44.0,5.0,4.666666666666667,3.477272727272727,3.0,67.0,43.0,0,,,,,0.639,0.742
822869,2026-07-25,R,Seattle Mariners,Texas Rangers,1,7,1,Bryan Woo,Nathan Eovaldi,6.0,4.0,6.868421052631579,4.0,42.0,61.0,7.0,6.0,3.337078651685393,2.6666666666666665,36.0,35.0,1,26.0,27.1,4.2,4.9,0.695,0.747
822948,2026-07-25,R,Cleveland Guardians,Tampa Bay Rays,0,3,1,Tanner Bibee,Nick Martinez,5.0,6.0,2.267175572519084,4.0,53.0,48.0,5.0,6.0,3.923076923076923,4.333333333333333,44.0,50.0,1,17.0,21.3,6.1,7.1,0.735,0.679
823027,2026-07-25,R,Cincinnati Reds,St. Louis Cardinals,0,7,1,Hunter Greene,Andre Pallante,6.0,5.333333333333333,5.457446808510638,3.0,34.0,44.0,6.0,6.0,5.90625,4.0,39.0,46.0,0,15.5,31.4,8.7,6.2,0.692,0.723
823197,2026-07-25,R,Los Angeles Angels,San Francisco Giants,2,9,1,Ryan Johnson,Robbie Ray,6.0,4.0,3.4177215189873418,4.0,36.0,31.0,6.0,5.0,2.25,5.333333333333333,23.0,31.0,1,24.6,22.2,9.7,6.9,0.722,0.701
823355,2026-07-25,R,Chicago Cubs,Pittsburgh Pirates,11,0,0,Shota Imanaga,Paul Skenes,6.0,7.0,3.292682926829268,4.0,53.0,36.0,6.0,7.0,2.730337078651685,3.0,52.0,32.0,0,29.5,20.6,5.7,4.6,0.635,0.751
823435,2026-07-25,R,New York Yankees,Philadelphia Phillies,3,1,0,Ryan Weathers,Tim Mayza,28.0,1.3333333333333333,3.176470588235294,2.0,33.0,32.0,5.0,4.666666666666667,2.16,1.6666666666666667,28.0,26.0,0,20.3,22.3,6.8,7.2,0.747,0.797
823600,2026-07-25,R,Los Angeles Dodgers,New York Mets,4,3,0,Yoshinobu Yamamoto,Nolan McLean,6.0,6.0,3.5604395604395602,3.0,25.0,31.0,6.0,9.0,3.857142857142857,2.0,38.0,37.0,0,30.3,29.4,8.5,8.6,0.777,0.77
823679,2026-07-25,R,Athletics,Minnesota Twins,0,2,1,Brady Basso,Kendry Rojas,4.0,2.3333333333333335,2.7457627118644066,3.0,36.0,50.0,300.0,1.3333333333333333,8.912621359223301,4.0,39.0,62.0,0,,14.3,,16.1,0.706,0.74
823758,2026-07-25,R,Colorado Rockies,Milwaukee Brewers,5,8,1,Ryan Feltner,Robert Gasser,6.0,5.0,4.275,3.0,40.0,47.0,6.0,2.3333333333333335,4.5,3.6666666666666665,37.0,50.0,0,17.2,18.5,13.8,8.9,0.737,0.679
823841,2026-07-25,R,San Diego Padres,Miami Marlins,7,2,0,Randy Vásquez,Eury Pérez,6.0,6.0,4.2110091743119265,5.666666666666667,23.0,44.0,23.0,3.0,4.438356164383562,6.666666666666667,64.0,47.0,0,27.3,13.7,8.3,9.1,0.729,0.72
824244,2026-07-25,R,Kansas City Royals,Detroit Tigers,3,2,0,Michael Wacha,Casey Mize,6.0,3.3333333333333335,2.925,1.6666666666666667,34.0,35.0,5.0,6.0,6.113207547169812,7.0,34.0,55.0,1,22.2,17.6,5.7,6.3,0.712,0.721
824571,2026-07-25,R,Houston Astros,Chicago White Sox,4,1,0,Hunter Brown,Sean Burke,6.0,6.666666666666667,3.0,4.0,44.0,30.0,6.0,4.666666666666667,3.176470588235294,8.0,47.0,36.0,0,22.3,28.3,10.6,7.8,0.666,0.706
824734,2026-07-25,R,Toronto Blue Jays,Boston Red Sox,6,0,0,Dylan Cease,Sonny Gray,6.0,6.0,1.5104895104895104,4.333333333333333,54.0,29.0,5.0,6.0,4.752,4.0,28.0,58.0,1,26.7,29.8,5.0,9.8,0.745,0.763
824811,2026-07-25,R,Atlanta Braves,Baltimore Orioles,2,3,1,Bryce Elder,Brandon Young,6.0,7.0,1.2705882352941176,3.0,45.0,29.0,5.0,6.0,4.466165413533835,5.0,60.0,47.0,0,18.4,19.3,8.6,7.5,0.713,0.721
822706,2026-07-26,R,Arizona Diamondbacks,Washington Nationals,7,10,1,Kohl Drake,Miles Mikolas,20.0,6.0,4.5,2.3333333333333335,61.0,43.0,5.0,5.0,3.5307692307692307,3.0,61.0,46.0,0,14.9,,5.5,,0.639,0.764
822870,2026-07-26,R,Seattle Mariners,Texas Rangers,6,4,0,Logan Gilbert,Jacob deGrom,6.0,4.666666666666667,6.627272727272727,2.0,46.0,53.0,7.0,6.0,3.4468085106382977,3.0,36.0,36.0,1,27.7,32.3,5.5,5.8,0.695,0.747
822950,2026-07-26,R,Cleveland Guardians,Tampa Bay Rays,0,1,1,Parker Messick,Drew Rasmussen,5.0,5.0,2.3203125,3.0,50.0,47.0,5.0,5.666666666666667,3.956896551724138,2.0,40.0,52.0,1,21.7,23.0,6.3,3.6,0.667,0.679
823028,2026-07-26,R,Cincinnati Reds,St. Louis Cardinals,5,3,0,Andrew Abbott,Kyle Leahy,6.0,6.0,5.34065934065934,2.0,37.0,43.0,6.0,6.0,5.282608695652174,2.6666666666666665,36.0,48.0,0,22.0,21.8,7.7,6.3,0.695,0.723
823194,2026-07-26,R,Los Angeles Angels,San Francisco Giants,4,3,0,José Soriano,Carson Whisenhunt,17.0,5.666666666666667,3.6219512195121952,3.0,41.0,31.0,6.0,7.0,1.8712871287128714,4.666666666666667,22.0,35.0,1,15.7,21.0,11.8,10.8,0.722,0.701
823354,2026-07-26,R,Chicago Cubs,Pittsburgh Pirates,7,8,1,Jameson Taillon,Braxton Ashcraft,6.0,3.0,4.954128440366972,3.6666666666666665,43.0,39.0,6.0,4.333333333333333,2.511627906976744,3.0,58.0,29.0,0,24.3,18.9,8.2,5.2,0.662,0.751
823433,2026-07-26,R,New York Yankees,Philadelphia Phillies,4,11,1,Will Warren,Cristopher Sánchez,6.0,5.333333333333333,3.51,7.0,30.0,33.0,14.0,5.0,2.0970873786407767,3.3333333333333335,27.0,25.0,0,26.3,24.1,5.5,9.1,0.764,0.797
823599,2026-07-26,R,Los Angeles Dodgers,New York Mets,3,8,1,Emmet Sheehan,Freddy Peralta,6.0,5.333333333333333,3.13953488372093,3.0,28.0,31.0,6.0,5.333333333333333,3.5357142857142856,3.0,40.0,31.0,0,28.2,30.6,9.1,7.6,0.777,0.77
823678,2026-07-26,R,Athletics,Minnesota Twins,8,11,1,Jeffrey Springs,Connor Prielipp,18.0,5.0,2.3951612903225805,5.0,33.0,47.0,6.0,5.0,8.601769911504425,5.666666666666667,39.0,63.0,0,,19.4,,7.6,0.706,0.74
823755,2026-07-26,R,Colorado Rockies,Milwaukee Brewers,2,11,1,Kyle Freeland,Jacob Misiorowski,6.0,4.0,3.7155963302752295,3.0,40.0,42.0,6.0,6.0,4.885714285714286,3.0,40.0,54.0,0,32.0,17.5,11.0,5.4,0.734,0.679
823840,2026-07-26,R,San Diego Padres,Miami Marlins,5,3,0,Walker Buehler,Janson Junk,6.0,4.0,4.839622641509434,2.0,24.0,47.0,5.0,5.666666666666667,4.125,6.333333333333333,63.0,42.0,0,17.2,16.3,2.9,10.6,0.729,0.72
824246,2026-07-26,R,Kansas City Royals,Detroit Tigers,5,4,0,Luinder Avila,Framber Valdez,5.0,0.6666666666666666,3.403361344537815,3.0,34.0,34.0,5.0,6.333333333333333,5.697247706422019,2.0,36.0,51.0,1,23.3,28.6,8.5,10.7,0.712,0.659
824572,2026-07-26,R,Houston Astros,Chicago White Sox,3,12,1,Ronel Blanco,Erick Fedde,6.0,4.0,3.7058823529411766,3.0,44.0,34.0,6.0,4.666666666666667,2.793103448275862,2.0,42.0,34.0,0,13.3,24.1,10.8,10.1,0.666,0.706
824730,2026-07-26,R,Toronto Blue Jays,Boston Red Sox,1,6,1,Kevin Gausman,Ranger Suarez,21.0,2.6666666666666665,1.7482014388489209,4.0,50.0,35.0,5.0,3.3333333333333335,4.584905660377358,0.0,27.0,50.0,1,23.2,24.4,5.8,6.5,0.745,0.755
824810,2026-07-26,R,Atlanta Braves,Baltimore Orioles,3,2,0,Reynaldo López,Shane Baz,6.0,6.0,1.569767441860465,2.6666666666666665,42.0,30.0,5.0,4.333333333333333,4.6,3.6666666666666665,61.0,46.0,0,24.8,4.0,9.0,8.0,0.713,0.721
822705,2026-07-27,R,Toronto Blue Jays,Washington Nationals,3,2,0,Max Scherzer,Eddy Yean,,,4.5,5.0,68.0,45.0,47.0,3.3333333333333335,4.839622641509434,2.0,24.0,51.0,0,,22.9,,6.4,0.715,0.763
822868,2026-07-27,R,Seattle Mariners,Texas Rangers,3,7,1,George Kirby,Kumar Rocker,6.0,6.0,7.065420560747664,4.0,44.0,54.0,7.0,6.0,3.6219512195121952,3.3333333333333335,34.0,38.0,1,19.5,26.1,8.0,5.5,0.695,0.747
823025,2026-07-27,R,Chicago Cubs,St. Louis Cardinals,7,3,0,David Peterson,Matthew Liberatore,6.0,5.333333333333333,5.829545454545454,4.0,37.0,44.0,6.0,6.666666666666667,2.7,4.0,57.0,33.0,0,18.8,20.7,6.2,9.0,0.695,0.751
823195,2026-07-27,R,Milwaukee Brewers,San Francisco Giants,0,3,1,Brandon Sproat,Tyler Mahle,6.0,5.0,3.375,4.0,41.0,34.0,6.0,4.666666666666667,2.292452830188679,4.0,46.0,30.0,0,19.1,20.2,8.4,8.3,0.722,0.737
823353,2026-07-27,R,Arizona Diamondbacks,Pittsburgh Pirates,2,3,1,Merrill Kelly,Mitch Keller,5.0,5.0,5.046728971962617,3.0,37.0,41.0,5.0,5.0,4.790322580645161,4.0,63.0,53.0,0,20.0,22.3,6.8,6.4,0.662,0.764
823597,2026-07-27,R,Atlanta Braves,New York Mets,3,14,1,Martín Pérez,Zac Thornton,6.0,6.0,2.641304347826087,5.0,34.0,31.0,5.0,4.0,4.714285714285714,5.333333333333333,60.0,45.0,0,,19.3,,9.6,0.696,0.716
823839,2026-07-27,R,Philadelphia Phillies,Miami Marlins,7,8,1,Zack Wheeler,Tyler Phillips,6.0,4.333333333333333,5.968421052631579,4.333333333333333,25.0,47.0,6.0,7.0,3.78,3.0,36.0,37.0,0,16.6,33.3,7.7,5.6,0.729,0.764
824001,2026-07-27,R,Houston Astros,Los Angeles Angels,6,4,0,Tatsuya Imai,Walbert Ureña,6.0,6.0,2.076923076923077,4.0,24.0,34.0,6.0,6.0,3.963302752293578,2.6666666666666665,40.0,40.0,0,,,,,0.693,0.706
824245,2026-07-27,R,Baltimore Orioles,Detroit Tigers,8,5,0,Kyle Bradish,Keider Montero,5.0,5.333333333333333,3.176470588235294,4.0,38.0,34.0,5.0,6.0,1.4516129032258065,6.666666666666667,36.0,31.0,0,18.5,37.3,8.0,7.9,0.712,0.713
824570,2026-07-27,R,New York Yankees,Chicago White Sox,9,5,0,Max Fried,Noah Schultz,6.0,3.6666666666666665,3.6346153846153846,4.666666666666667,47.0,36.0,5.0,5.0,1.7830188679245282,5.0,26.0,33.0,0,,23.6,,6.4,0.699,0.797
824977,2026-07-27,R,Boston Red Sox,Athletics,4,2,0,Payton Tolle,Jack Perkins,6.0,5.0,9.073770491803279,6.666666666666667,46.0,65.0,7.0,5.666666666666667,1.8,5.0,53.0,34.0,0,23.0,25.7,11.2,10.8,0.74,0.745
822703,2026-07-28,R,Toronto Blue Jays,Washington Nationals,6,8,1,Shane Bieber,Cade Cavalli,6.0,6.0,4.0078125,6.666666666666667,70.0,48.0,5.0,7.0,4.32,6.333333333333333,27.0,53.0,0,18.3,23.3,6.8,4.4,0.715,0.763
822949,2026-07-28,R,Texas Rangers,Tampa Bay Rays,4,1,0,Cal Quantrill,Griffin Jax,6.0,6.0,2.076923076923077,0.0,49.0,39.0,11.0,4.0,6.868421052631579,2.3333333333333335,51.0,57.0,0,35.0,16.6,7.4,6.8,0.735,0.695
823026,2026-07-28,R,Chicago Cubs,St. Louis Cardinals,10,2,0,Colin Rea,Michael McGreevy,5.0,6.333333333333333,5.971153846153846,5.333333333333333,40.0,51.0,6.0,5.0,2.7,3.3333333333333335,64.0,36.0,0,14.5,19.2,5.0,6.6,0.692,0.751
823193,2026-07-28,R,Milwaukee Brewers,San Francisco Giants,8,2,0,Logan Henderson,Landen Roupp,6.0,6.0,3.0618556701030926,3.0,44.0,34.0,6.0,5.0,2.169642857142857,2.0,46.0,33.0,1,21.4,33.3,9.5,8.1,0.722,0.737
823275,2026-07-28,R,Colorado Rockies,San Diego Padres,7,8,1,Michael Lorenzen,Michael King,6.0,6.0,4.05,0.0,63.0,41.0,7.0,3.6666666666666665,5.971153846153846,0.0,41.0,62.0,0,24.7,21.0,8.4,6.4,0.72,0.679
823350,2026-07-28,R,Arizona Diamondbacks,Pittsburgh Pirates,8,7,0,Brandon Pfaadt,Bubba Chandler,6.0,6.333333333333333,4.462809917355372,4.666666666666667,40.0,43.0,5.0,6.0,4.6,3.6666666666666665,65.0,56.0,1,25.0,19.2,3.2,4.8,0.662,0.764
823676,2026-07-28,R,Kansas City Royals,Minnesota Twins,2,3,1,Seth Lugo,Taj Bradley,5.0,7.0,3.796875,0.0,40.0,53.0,6.0,7.0,4.378378378378378,0.0,39.0,47.0,0,21.0,20.5,9.3,9.0,0.708,0.721
823838,2026-07-28,R,Philadelphia Phillies,Miami Marlins,0,1,1,Aaron Nola,Sandy Alcantara,6.0,7.0,6.308411214953271,4.0,33.0,54.0,6.0,5.333333333333333,3.956896551724138,5.333333333333333,43.0,45.0,1,19.1,24.0,7.7,6.9,0.729,0.764
823923,2026-07-28,R,Seattle Mariners,Los Angeles Dodgers,7,6,0,Luis Castillo,Justin Wrobleski,7.0,6.333333333333333,5.597560975609756,0.0,40.0,34.0,7.0,7.0,3.1595744680851063,4.0,37.0,45.0,0,27.1,21.7,6.1,6.2,0.77,0.727
824003,2026-07-28,R,Houston Astros,Los Angeles Angels,3,2,0,Peter Lambert,Reid Detmers,6.0,5.333333333333333,2.150442477876106,3.0,28.0,40.0,6.0,6.0,3.425373134328358,8.333333333333334,46.0,44.0,0,30.1,,9.4,,0.693,0.74
824243,2026-07-28,R,Baltimore Orioles,Detroit Tigers,0,14,1,Dean Kremer,Troy Melton,5.0,5.0,3.2481203007518795,4.666666666666667,43.0,42.0,6.0,6.0,1.2735849056603774,4.333333333333333,44.0,36.0,0,20.0,20.1,8.3,6.4,0.712,0.713
824490,2026-07-28,R,Cleveland Guardians,Cincinnati Reds,6,5,0,Slade Cecconi,Chase Burns,7.0,5.0,4.247191011235955,0.0,37.0,43.0,6.0,4.666666666666667,4.114285714285714,0.0,35.0,51.0,0,35.6,20.0,8.5,5.9,0.723,0.679
824569,2026-07-28,R,New York Yankees,Chicago White Sox,3,2,0,Gerrit Cole,Anthony Kay,6.0,5.0,4.462809917355372,5.666666666666667,52.0,45.0,6.0,7.0,1.7419354838709677,6.0,35.0,38.0,0,,,,,0.666,0.797
824976,2026-07-28,R,Boston Red Sox,Athletics,3,4,1,Jake Bennett,Gage Jump,6.0,4.666666666666667,8.795454545454545,3.3333333333333335,48.0,69.0,6.0,5.666666666666667,1.6643835616438356,3.6666666666666665,57.0,36.0,0,,,,,0.74,0.743
824489,2026-07-28,R,Cleveland Guardians,Cincinnati Reds,0,2,1,Gavin Williams,Caleb Ferguson,,,4.00990099009901,0.0,42.0,49.0,5.0,7.0,3.793388429752066,0.0,41.0,56.0,0,18.9,24.6,8.1,11.8,0.723,0.647
822702,2026-07-29,R,Toronto Blue Jays,Washington Nationals,5,2,0,Trey Yesavage,Zack Littell,11.0,6.0,4.138686131386861,3.0,78.0,54.0,5.0,4.0,4.224489795918367,7.333333333333333,33.0,61.0,0,17.1,25.8,4.2,11.3,0.715,0.763
822947,2026-07-29,R,Texas Rangers,Tampa Bay Rays,0,3,1,MacKenzie Gore,Casey Legumina,6.0,2.0,2.338582677165354,3.3333333333333335,50.0,43.0,5.0,5.0,6.264,3.6666666666666665,55.0,58.0,0,25.1,27.2,11.4,9.3,0.667,0.695
823022,2026-07-29,R,Chicago Cubs,St. Louis Cardinals,2,3,1,Matthew Boyd,Dustin May,5.0,6.0,5.571428571428571,7.333333333333333,42.0,61.0,5.0,7.0,2.7247706422018347,3.0,74.0,38.0,0,21.1,21.4,9.6,5.8,0.695,0.751
823192,2026-07-29,R,Milwaukee Brewers,San Francisco Giants,3,16,1,Thomas Pannone,Logan Webb,5.0,6.0,3.584070796460177,5.333333333333333,46.0,42.0,,,2.4344262295081966,3.3333333333333335,54.0,35.0,1,26.2,,5.4,,0.631,0.737
823273,2026-07-29,R,Colorado Rockies,San Diego Padres,1,3,1,Gabriel Hughes,Kyle Hart,6.0,1.0,4.167785234899329,3.0,71.0,48.0,7.0,5.0,6.0,4.333333333333333,48.0,70.0,1,20.7,,7.3,,0.72,0.679
823351,2026-07-29,R,Arizona Diamondbacks,Pittsburgh Pirates,3,0,0,Eduardo Rodriguez,Jared Jones,5.0,6.0,3.910344827586207,8.0,47.0,51.0,5.0,6.0,5.22,5.0,73.0,63.0,1,,20.6,,8.6,0.635,0.764
823596,2026-07-29,R,Atlanta Braves,New York Mets,2,3,1,AJ Smith-Shawver,Sean Manaea,5.0,6.0,2.43,0.0,48.0,34.0,426.0,2.6666666666666665,6.6,0.0,63.0,59.0,1,28.5,22.0,4.6,10.5,0.777,0.716
823677,2026-07-29,R,Kansas City Royals,Minnesota Twins,4,0,0,Randy Dobnak,Joe Ryan,9.0,4.0,3.5474452554744524,3.0,43.0,55.0,6.0,5.0,4.53781512605042,2.6666666666666665,41.0,50.0,1,28.2,5.3,5.7,10.5,0.708,0.721
823837,2026-07-29,R,Philadelphia Phillies,Miami Marlins,6,8,1,Jesús Luzardo,Ryan Gusto,5.0,3.3333333333333335,5.9734513274336285,2.0,34.0,54.0,5.0,7.0,3.731707317073171,2.3333333333333335,43.0,46.0,1,21.4,28.5,7.9,7.5,0.656,0.764
823924,2026-07-29,R,Seattle Mariners,Los Angeles Dodgers,2,4,1,Emerson Hancock,Eric Lauer,7.0,5.333333333333333,5.637362637362638,3.0,46.0,41.0,7.0,6.0,3.056603773584906,4.0,44.0,51.0,0,23.9,16.6,6.1,8.1,0.77,0.727
824002,2026-07-29,R,Houston Astros,Los Angeles Angels,7,4,0,Hayden Wesneski,Grayson Rodriguez,5.0,4.0,2.16,4.0,30.0,43.0,449.0,4.0,3.143835616438356,4.0,49.0,46.0,0,,22.1,,4.6,0.693,0.706
824242,2026-07-29,R,Baltimore Orioles,Detroit Tigers,10,9,0,Trevor Rogers,Tarik Skubal,5.0,7.333333333333333,3.1079136690647484,2.0,57.0,42.0,5.0,7.0,2.288135593220339,4.0,44.0,50.0,0,32.2,24.3,4.4,6.9,0.774,0.661
824487,2026-07-29,R,Cleveland Guardians,Cincinnati Reds,6,1,0,Joey Cantillo,Brady Singer,7.0,6.666666666666667,3.292682926829268,11.333333333333334,44.0,49.0,5.0,3.6666666666666665,3.7016129032258065,6.333333333333333,41.0,58.0,0,22.8,26.9,8.4,10.5,0.653,0.679
824567,2026-07-29,R,New York Yankees,Chicago White Sox,5,6,1,Cam Schlittler,Davis Martin,5.0,5.0,4.090909090909091,3.6666666666666665,54.0,48.0,5.0,7.333333333333333,2.030075187969925,3.0,38.0,40.0,0,17.3,27.6,8.0,10.2,0.666,0.783
824973,2026-07-29,R,Boston Red Sox,Athletics,4,2,0,Patrick Sandoval,Jacob Lopez,5.0,5.0,8.808510638297872,3.0,52.0,72.0,5.0,4.666666666666667,1.7880794701986755,1.6666666666666667,60.0,40.0,0,28.3,,9.3,,0.74,0.743
823598,2026-07-29,R,Atlanta Braves,New York Mets,1,0,0,Chris Sale,Christian Scott,7.0,3.6666666666666665,2.229357798165138,0.0,51.0,36.0,6.0,6.0,6.287671232876712,0.0,65.0,62.0,1,,32.4,,6.3,0.696,0.721
822946,2026-07-30,R,Texas Rangers,Tampa Bay Rays,2,3,1,Cole Winn,Shane McClanahan,6.0,5.0,1.9932885906040267,7.333333333333333,53.0,43.0,,,6.1171875,1.0,55.0,61.0,0,,21.6,,10.5,0.735,0.653
823023,2026-07-30,R,Chicago Cubs,St. Louis Cardinals,4,2,0,Javier Assad,Andre Pallante,5.0,7.0,5.170212765957447,5.0,45.0,63.0,19.0,5.0,3.0258620689655173,2.3333333333333335,76.0,41.0,0,15.5,15.0,8.7,7.8,0.692,0.751
823271,2026-07-30,R,San Francisco Giants,San Diego Padres,4,1,0,Robbie Ray,JP Sears,10.0,5.0,3.857142857142857,6.333333333333333,74.0,49.0,5.0,6.0,3.540983606557377,3.0,62.0,45.0,0,20.1,24.6,6.2,9.7,0.691,0.631
823595,2026-07-30,R,Miami Marlins,New York Mets,2,4,1,Eury Pérez,Nolan McLean,5.0,6.0,2.059322033898305,6.0,51.0,37.0,5.0,7.0,5.4,4.0,42.0,60.0,0,30.3,27.3,8.5,8.3,0.777,0.729
823674,2026-07-30,R,Kansas City Royals,Minnesota Twins,3,4,1,Noah Cameron,Bailey Ober,8.0,4.0,3.328767123287671,3.0,43.0,59.0,11.0,5.0,4.32,2.0,45.0,50.0,1,19.2,20.5,5.0,7.7,0.706,0.721
823921,2026-07-30,R,Seattle Mariners,Los Angeles Dodgers,2,6,1,Bryan Woo,Roki Sasaki,6.0,7.0,5.67,3.0,50.0,43.0,5.0,5.0,3.0521739130434784,3.0,46.0,55.0,0,17.4,27.1,13.7,4.9,0.77,0.747
824488,2026-07-30,R,Pittsburgh Pirates,Cincinnati Reds,2,3,1,Yohan Ramírez,Rhett Lowder,6.0,5.0,3.3503649635036497,4.666666666666667,45.0,55.0,,,3.6818181818181817,3.0,47.0,54.0,0,,29.0,,10.3,0.723,0.662
824568,2026-07-30,R,New York Yankees,Chicago White Sox,1,2,1,Ryan Weathers,Sean Burke,5.0,6.0,3.6,6.0,60.0,53.0,5.0,5.666666666666667,2.3716216216216215,5.0,43.0,46.0,0,22.3,22.3,10.6,7.2,0.699,0.783
824894,2026-07-30,R,Washington Nationals,Atlanta Braves,4,5,1,Jake Irvin,Grant Holmes,6.0,5.0,5.922580645161291,6.666666666666667,66.0,62.0,68.0,5.0,4.68,4.333333333333333,80.0,59.0,0,25.0,15.8,11.0,7.9,0.721,0.715
824974,2026-07-30,R,Boston Red Sox,Athletics,5,4,0,Sonny Gray,Mason Barnett,307.0,5.666666666666667,8.187096774193549,4.666666666666667,54.0,76.0,5.0,5.0,1.6265060240963856,5.0,64.0,42.0,0,17.3,26.7,10.6,5.0,0.752,0.745
822782,2026-07-31,R,St. Louis Cardinals,Toronto Blue Jays,1,3,1,Kyle Leahy,Dylan Cease,6.0,9.0,4.207792207792208,0.0,38.0,63.0,5.0,6.0,4.973684210526316,3.6666666666666665,47.0,67.0,0,29.8,22.0,9.8,7.7,0.763,0.692
822945,2026-07-31,R,Chicago White Sox,Tampa Bay Rays,6,1,0,Erick Fedde,Nick Martinez,6.0,6.0,1.9401197604790419,6.0,56.0,45.0,5.0,4.333333333333333,3.272727272727273,5.0,62.0,54.0,0,17.0,13.3,6.1,10.8,0.735,0.666
823111,2026-07-31,R,Minnesota Twins,Seattle Mariners,5,3,0,Zebby Matthews,Bryce Miller,7.0,5.333333333333333,3.0483870967741935,3.0,48.0,61.0,7.0,6.0,3.1354838709677417,3.0,47.0,62.0,0,18.9,24.9,8.7,6.8,0.747,0.708
823272,2026-07-31,R,San Francisco Giants,San Diego Padres,0,7,1,Carson Whisenhunt,Bradgley Rodriguez,44.0,1.0,3.6684782608695654,5.333333333333333,75.0,53.0,5.0,5.0,3.2977099236641223,3.0,66.0,46.0,0,29.0,15.7,9.7,11.8,0.691,0.722
823593,2026-07-31,R,Miami Marlins,New York Mets,5,2,0,Janson Junk,Kodai Senga,38.0,3.6666666666666665,1.8620689655172413,2.6666666666666665,51.0,38.0,5.0,4.666666666666667,5.564885496183206,2.0,44.0,64.0,1,22.6,17.2,11.4,2.9,0.777,0.729
823922,2026-07-31,R,Boston Red Sox,Los Angeles Dodgers,9,4,0,Ranger Suarez,Edgardo Henriquez,,,5.108108108108108,3.6666666666666665,56.0,45.0,5.0,4.0,1.569767441860465,2.0,69.0,46.0,0,23.1,23.2,6.4,5.8,0.765,0.745
823999,2026-07-31,R,Milwaukee Brewers,Los Angeles Angels,6,2,0,Shane Drohan,Ryan Johnson,6.0,3.3333333333333335,2.759124087591241,0.0,34.0,50.0,7.0,6.0,4.532846715328467,0.0,57.0,51.0,0,22.2,,6.9,,0.701,0.737
824164,2026-07-31,R,Texas Rangers,Houston Astros,2,11,1,Nathan Eovaldi,Hunter Brown,6.0,7.0,3.1153846153846154,0.0,56.0,50.0,6.0,7.0,5.798657718120805,7.0,57.0,64.0,0,28.3,26.0,7.8,4.2,0.706,0.695
824325,2026-07-31,R,Kansas City Royals,Colorado Rockies,1,3,1,Michael Wacha,Tomoyuki Sugano,7.0,5.333333333333333,5.571428571428571,0.0,49.0,73.0,6.0,7.0,5.102362204724409,0.6666666666666666,48.0,54.0,0,15.7,17.6,5.3,6.3,0.679,0.721
824407,2026-07-31,R,Arizona Diamondbacks,Cleveland Guardians,4,1,0,Mitch Bratt,Tanner Bibee,6.0,6.0,3.4964028776978417,0.0,47.0,59.0,6.0,5.0,5.117647058823529,0.0,76.0,63.0,0,21.3,,7.1,,0.647,0.764
824486,2026-07-31,R,Pittsburgh Pirates,Cincinnati Reds,7,8,1,Paul Skenes,Hunter Greene,6.0,5.333333333333333,3.143835616438356,3.0,48.0,57.0,6.0,5.333333333333333,3.7241379310344827,6.666666666666667,49.0,57.0,1,31.4,29.5,6.2,5.7,0.723,0.662
824651,2026-07-31,R,New York Yankees,Chicago Cubs,2,0,0,Will Warren,Shota Imanaga,6.0,6.0,2.8421052631578947,5.666666666666667,80.0,43.0,5.0,3.0,2.207547169811321,3.6666666666666665,44.0,48.0,0,20.6,24.1,4.6,9.1,0.751,0.797
824809,2026-07-31,R,Philadelphia Phillies,Baltimore Orioles,4,6,1,Andrew Painter,Brandon Young,6.0,6.333333333333333,2.1838235294117645,0.0,54.0,59.0,44.0,2.0,4.084033613445378,0.0,48.0,50.0,0,18.4,,8.6,,0.713,0.764
824892,2026-07-31,R,Washington Nationals,Atlanta Braves,2,6,1,Foster Griffin,Bryce Elder,6.0,5.0,5.625,4.333333333333333,71.0,66.0,6.0,6.666666666666667,4.415094339622642,3.0,84.0,64.0,1,19.3,,7.5,,0.716,0.715
824975,2026-07-31,R,Detroit Tigers,Athletics,13,1,0,Tyler Holton,Jeffrey Springs,5.0,1.3333333333333333,7.922155688622754,4.0,58.0,81.0,88.0,1.0,3.6580645161290324,0.0,66.0,52.0,0,19.4,20.5,7.6,5.4,0.74,0.774
822781,2026-08-01,R,St. Louis Cardinals,Toronto Blue Jays,1,5,1,Quinn Mathews,Kevin Gausman,6.0,6.0,3.6486486486486487,3.0,37.0,52.0,,,5.04,2.0,43.0,66.0,1,24.4,,6.5,,0.755,0.692
822944,2026-08-01,R,Chicago White Sox,Tampa Bay Rays,0,1,1,Jordan Hicks,Drew Rasmussen,6.0,7.0,1.5379746835443038,3.0,54.0,36.0,444.0,2.0,3.0,4.0,56.0,51.0,0,21.7,18.5,6.3,10.2,0.735,0.666
823109,2026-08-01,R,Minnesota Twins,Seattle Mariners,3,4,1,Connor Prielipp,Logan Gilbert,6.0,5.666666666666667,2.808,3.6666666666666665,51.0,59.0,6.0,5.666666666666667,3.1153846153846154,4.0,47.0,63.0,0,32.3,,5.8,,0.727,0.708
823269,2026-08-01,R,San Francisco Giants,San Diego Padres,5,6,1,Tyler Mahle,Walker Buehler,6.0,5.333333333333333,2.9076923076923076,8.0,76.0,46.0,5.0,6.0,3.302158273381295,4.666666666666667,59.0,53.0,0,16.3,19.1,10.6,8.4,0.72,0.722
823594,2026-08-01,R,Miami Marlins,New York Mets,6,2,0,Tyler Phillips,Zac Thornton,5.0,6.333333333333333,2.0610687022900764,5.0,53.0,43.0,5.0,5.0,5.7272727272727275,4.0,48.0,64.0,1,,16.6,,7.7,0.777,0.656
823920,2026-08-01,R,Boston Red Sox,Los Angeles Dodgers,3,2,0,Payton Tolle,Yoshinobu Yamamoto,7.0,6.0,6.048,8.0,58.0,53.0,5.0,5.333333333333333,1.9038461538461537,4.333333333333333,63.0,47.0,0,29.4,25.7,8.6,10.8,0.765,0.745
824000,2026-08-01,R,Milwaukee Brewers,Los Angeles Angels,3,1,0,Robert Gasser,Brent Suter,82.0,1.6666666666666667,2.471830985915493,4.666666666666667,35.0,54.0,7.0,6.0,4.740458015267175,3.0,61.0,52.0,0,18.2,17.2,6.2,13.8,0.701,0.734
824162,2026-08-01,R,Texas Rangers,Houston Astros,4,5,1,Jacob deGrom,Ronel Blanco,6.0,5.333333333333333,2.751592356687898,3.3333333333333335,65.0,49.0,6.0,5.0,5.178082191780822,3.0,58.0,60.0,1,24.1,27.7,10.1,5.5,0.706,0.695
824326,2026-08-01,R,Kansas City Royals,Colorado Rockies,6,12,1,Luinder Avila,Ryan Feltner,7.0,5.0,4.868852459016393,2.3333333333333335,50.0,67.0,6.0,4.333333333333333,4.909090909090909,2.0,42.0,51.0,1,18.5,28.6,8.9,10.7,0.679,0.721
824405,2026-08-01,R,Arizona Diamondbacks,Cleveland Guardians,12,8,0,Kohl Drake,Parker Messick,6.0,7.666666666666667,3.5625,1.6666666666666667,48.0,63.0,6.0,4.0,4.9411764705882355,4.0,76.0,59.0,0,23.0,,3.6,,0.647,0.742
824485,2026-08-01,R,Pittsburgh Pirates,Cincinnati Reds,4,1,0,Braxton Ashcraft,Andrew Abbott,6.0,6.0,3.6241610738255035,3.0,49.0,62.0,6.0,6.0,3.774193548387097,4.0,56.0,65.0,1,21.8,24.3,6.3,8.2,0.723,0.635
824649,2026-08-01,R,New York Yankees,Chicago Cubs,2,5,1,Max Fried,David Peterson,5.0,5.666666666666667,2.6793893129770994,2.3333333333333335,78.0,40.0,5.0,3.0,2.2356687898089174,2.3333333333333335,45.0,46.0,0,20.7,23.6,9.0,6.4,0.751,0.797
824808,2026-08-01,R,Philadelphia Phillies,Baltimore Orioles,5,0,0,Cristopher Sánchez,Shane Baz,6.0,4.333333333333333,2.267175572519084,3.3333333333333335,57.0,61.0,6.0,6.0,4.752,2.0,52.0,56.0,1,24.8,26.3,9.0,5.5,0.661,0.764
824890,2026-08-01,R,Washington Nationals,Atlanta Braves,3,8,1,Miles Mikolas,Martín Pérez,5.0,5.0,5.526315789473684,3.0,62.0,67.0,6.0,4.0,4.272151898734177,2.6666666666666665,63.0,66.0,1,19.3,14.9,9.6,5.5,0.721,0.639
824972,2026-08-01,R,Detroit Tigers,Athletics,8,6,0,Framber Valdez,Jack Perkins,5.0,5.666666666666667,6.506024096385542,5.0,55.0,71.0,6.0,5.0,3.4156626506024095,7.0,77.0,52.0,0,23.0,23.3,11.2,8.5,0.74,0.712
822783,2026-08-02,R,St. Louis Cardinals,Toronto Blue Jays,5,1,0,Matthew Liberatore,Max Scherzer,6.0,2.6666666666666665,3.6241610738255035,3.3333333333333335,41.0,53.0,6.0,3.6666666666666665,5.58,3.0,41.0,66.0,1,22.9,18.8,6.4,6.2,0.755,0.692
822943,2026-08-02,R,Chicago White Sox,Tampa Bay Rays,9,1,0,Anthony Kay,Griffin Jax,5.0,5.666666666666667,1.4210526315789473,3.0,49.0,29.0,5.0,5.333333333333333,2.914772727272727,7.0,56.0,51.0,0,35.0,,7.4,,0.667,0.666
823107,2026-08-02,R,Minnesota Twins,Seattle Mariners,6,7,1,Taj Bradley,George Kirby,6.0,4.0,2.9495798319327733,2.0,51.0,59.0,5.0,6.0,3.0955414012738856,3.3333333333333335,48.0,61.0,0,26.1,21.0,5.5,9.3,0.747,0.708
823270,2026-08-02,R,San Francisco Giants,San Diego Padres,4,5,1,Landen Roupp,Kyle Hart,4.0,2.6666666666666665,2.892857142857143,4.666666666666667,81.0,45.0,5.0,3.6666666666666665,3.4964028776978417,3.0,61.0,55.0,0,20.7,21.4,7.3,9.5,0.72,0.631
823592,2026-08-02,R,Miami Marlins,New York Mets,2,0,0,Sandy Alcantara,Robert Stock,,,2.014925373134328,4.333333333333333,54.0,43.0,5.0,7.0,4.813953488372093,4.0,48.0,58.0,1,6.7,19.1,26.7,7.7,0.777,0.729
823919,2026-08-02,R,Boston Red Sox,Los Angeles Dodgers,8,4,0,Jake Bennett,Emmet Sheehan,7.0,5.0,5.90625,1.0,60.0,56.0,5.0,6.333333333333333,1.7647058823529411,3.0,59.0,43.0,0,30.6,,7.6,,0.765,0.745
823996,2026-08-02,R,Milwaukee Brewers,Los Angeles Angels,0,3,1,Jacob Misiorowski,Walbert Ureña,6.0,6.0,2.7364864864864864,7.0,36.0,50.0,7.0,5.0,4.029850746268656,4.0,56.0,47.0,0,,32.0,,11.0,0.693,0.737
824163,2026-08-02,R,Texas Rangers,Houston Astros,3,7,1,Kumar Rocker,Peter Lambert,5.0,5.0,2.8421052631578947,4.333333333333333,68.0,49.0,6.0,6.666666666666667,4.86,4.666666666666667,55.0,59.0,1,,19.5,,8.0,0.706,0.695
824323,2026-08-02,R,Kansas City Royals,Colorado Rockies,1,8,1,Seth Lugo,Kyle Freeland,7.0,5.333333333333333,5.2682926829268295,3.0,52.0,70.0,5.0,6.0,6.146341463414634,5.333333333333333,42.0,62.0,1,17.5,20.5,5.4,9.0,0.679,0.659
824404,2026-08-02,R,Arizona Diamondbacks,Cleveland Guardians,0,5,1,Merrill Kelly,Gavin Williams,5.0,7.0,5.5227272727272725,4.666666666666667,50.0,65.0,6.0,5.666666666666667,5.67515923566879,5.0,83.0,64.0,0,24.6,22.3,11.8,6.4,0.679,0.764
824483,2026-08-02,R,Pittsburgh Pirates,Cincinnati Reds,2,10,1,Mitch Keller,Chase Burns,5.0,5.0,3.5625,4.0,47.0,56.0,6.0,5.333333333333333,3.457317073170732,4.0,50.0,60.0,1,35.6,20.0,8.5,6.8,0.723,0.662
824648,2026-08-02,R,New York Yankees,Chicago Cubs,2,1,0,Gerrit Cole,Colin Rea,5.0,6.0,2.4923076923076923,2.6666666666666665,77.0,40.0,5.0,6.0,2.7818181818181817,2.6666666666666665,47.0,51.0,0,19.2,,6.6,,0.751,0.783
824807,2026-08-02,R,Philadelphia Phillies,Baltimore Orioles,8,0,0,Zack Wheeler,Kyle Bradish,6.0,4.666666666666667,3.24,2.6666666666666665,53.0,64.0,6.0,3.0,4.868852459016393,3.0,51.0,55.0,1,37.3,33.3,7.9,5.6,0.713,0.764
824891,2026-08-02,R,Washington Nationals,Atlanta Braves,2,4,1,Cade Cavalli,JR Ritchie,40.0,5.0,5.810126582278481,2.0,64.0,63.0,5.0,6.0,3.0759493670886076,2.0,65.0,59.0,1,,18.3,,6.8,0.721,0.715
824971,2026-08-02,R,Detroit Tigers,Athletics,11,0,0,Keider Montero,Gage Jump,5.0,6.0,6.550295857988166,3.6666666666666665,46.0,78.0,6.0,4.333333333333333,4.066265060240964,2.0,78.0,58.0,0,,18.5,,8.0,0.752,0.774
822867,2026-08-03,R,San Francisco Giants,Texas Rangers,5,1,0,Logan Webb,Cal Quantrill,6.0,5.333333333333333,4.993150684931507,2.6666666666666665,53.0,58.0,5.0,6.0,2.9562043795620436,3.3333333333333335,62.0,54.0,0,16.6,26.2,6.8,5.4,0.695,0.722
823431,2026-08-03,R,Washington Nationals,Philadelphia Phillies,3,6,1,Andrew Alvarez,Aaron Nola,6.0,5.666666666666667,4.887931034482759,3.0,58.0,49.0,14.0,4.333333333333333,2.9050632911392404,2.0,62.0,61.0,0,24.0,20.4,6.9,10.2,0.747,0.715
823520,2026-08-03,R,St. Louis Cardinals,New York Yankees,13,7,0,Michael McGreevy,Cam Schlittler,5.0,6.333333333333333,2.091549295774648,3.3333333333333335,45.0,43.0,6.0,1.6666666666666667,5.142857142857143,3.0,39.0,59.0,0,27.6,14.5,10.2,5.0,0.783,0.692
823757,2026-08-03,R,Pittsburgh Pirates,Milwaukee Brewers,4,3,0,Bubba Chandler,Brandon Sproat,7.0,6.0,4.536,1.0,53.0,49.0,6.0,4.0,3.6818181818181817,6.0,45.0,69.0,0,20.2,25.0,8.3,3.2,0.737,0.662
824160,2026-08-03,R,Toronto Blue Jays,Houston Astros,3,1,0,Shane Bieber,Cristian Javier,22.0,3.0,2.8993288590604025,3.3333333333333335,73.0,47.0,6.0,0.6666666666666666,3.8053691275167787,3.0,42.0,55.0,0,21.7,23.3,9.6,4.4,0.706,0.763
824324,2026-08-03,R,Tampa Bay Rays,Colorado Rockies,13,9,0,Ian Seymour,Michael Lorenzen,6.0,4.0,6.029126213592233,0.0,54.0,62.0,16.0,3.0,2.4387096774193546,4.0,49.0,32.0,0,21.0,26.4,6.4,7.9,0.679,0.735
824647,2026-08-03,R,Los Angeles Dodgers,Chicago Cubs,5,10,1,Justin Wrobleski,Matthew Boyd,5.0,7.0,2.2330827067669174,3.0,68.0,41.0,6.0,6.0,6.214285714285714,6.333333333333333,55.0,60.0,0,21.4,27.1,5.8,6.1,0.751,0.765
825095,2026-08-03,R,San Diego Padres,Arizona Diamondbacks,1,5,1,Michael King,Brandon Pfaadt,6.0,7.0,5.8125,3.0,75.0,62.0,6.0,6.0,3.443877551020408,6.0,67.0,47.0,0,19.2,24.7,4.8,8.4,0.764,0.72
822865,2026-08-04,R,San Francisco Giants,Texas Rangers,4,5,1,Blade Tidwell,MacKenzie Gore,6.0,7.0,4.563380281690141,3.0,51.0,53.0,410.0,3.6666666666666665,3.045112781954887,3.0,64.0,51.0,0,27.2,12.8,9.3,12.8,0.695,0.631
823108,2026-08-04,R,Detroit Tigers,Seattle Mariners,8,0,0,Troy Melton,Emerson Hancock,6.0,5.0,4.542056074766355,0.0,44.0,62.0,7.0,7.0,3.965034965034965,0.0,79.0,49.0,0,16.6,20.0,8.1,8.3,0.747,0.712
823432,2026-08-04,R,Washington Nationals,Philadelphia Phillies,0,5,1,Carson Palmquist,Jesús Luzardo,6.0,6.333333333333333,4.026315789473684,3.0,54.0,45.0,11.0,1.3333333333333333,3.8053691275167787,1.6666666666666667,58.0,64.0,1,28.5,15.4,7.5,14.3,0.747,0.639
823517,2026-08-04,R,St. Louis Cardinals,New York Yankees,0,2,1,Hunter Dobbins,Ryan Weathers,5.0,7.0,3.673469387755102,6.0,44.0,51.0,13.0,6.0,5.435064935064935,4.666666666666667,50.0,63.0,0,22.3,17.6,7.2,6.6,0.783,0.695
823756,2026-08-04,R,Pittsburgh Pirates,Milwaukee Brewers,2,4,1,Jared Jones,Logan Henderson,7.0,5.666666666666667,4.0078125,6.0,48.0,50.0,6.0,6.0,3.789473684210526,3.3333333333333335,44.0,64.0,0,33.3,,8.1,,0.737,0.662
824084,2026-08-04,R,Minnesota Twins,Kansas City Royals,2,8,1,Joe Ryan,Randy Dobnak,6.0,7.0,5.108108108108108,0.0,37.0,48.0,6.0,6.0,3.3503649635036497,0.0,49.0,45.0,0,5.3,28.2,10.5,5.7,0.721,0.708
824161,2026-08-04,R,Toronto Blue Jays,Houston Astros,2,7,1,Trey Yesavage,Hayden Wesneski,6.0,5.666666666666667,2.793103448275862,3.0,66.0,45.0,6.0,6.666666666666667,3.42,3.3333333333333335,44.0,49.0,0,22.1,25.8,4.6,11.3,0.706,0.763
824321,2026-08-04,R,Tampa Bay Rays,Colorado Rockies,9,7,0,Freddy Peralta,Gabriel Hughes,6.0,5.0,5.785714285714286,6.0,60.0,68.0,9.0,4.0,3.4838709677419355,3.0,55.0,40.0,0,,28.2,,9.1,0.679,0.735
824403,2026-08-04,R,New York Mets,Cleveland Guardians,6,2,0,Sean Manaea,Joey Cantillo,6.0,4.0,4.909090909090909,0.0,41.0,54.0,6.0,6.0,1.8837209302325582,0.0,45.0,36.0,0,26.9,28.5,10.5,4.6,0.647,0.696
824484,2026-08-04,R,Athletics,Cincinnati Reds,4,5,1,J.T. Ginn,Brady Singer,6.0,4.333333333333333,1.9565217391304348,0.0,48.0,44.0,17.0,6.333333333333333,7.30188679245283,0.0,39.0,82.0,0,22.8,25.3,8.4,7.9,0.723,0.752
824645,2026-08-04,R,Los Angeles Dodgers,Chicago Cubs,1,5,1,Tarik Skubal,Javier Assad,5.0,4.333333333333333,1.975609756097561,2.3333333333333335,72.0,38.0,6.0,6.666666666666667,5.8604651162790695,3.6666666666666665,53.0,60.0,1,15.0,32.2,7.8,4.4,0.751,0.77
824731,2026-08-04,R,Chicago White Sox,Boston Red Sox,2,14,1,Davis Martin,Patrick Sandoval,6.0,5.0,1.875,0.0,55.0,41.0,6.0,6.0,3.1666666666666665,0.0,52.0,49.0,0,,17.3,,8.0,0.745,0.699
824805,2026-08-04,R,Los Angeles Angels,Baltimore Orioles,1,3,1,Grayson Rodriguez,Cade Povich,89.0,3.0,3.9836065573770494,0.0,43.0,64.0,6.0,5.0,2.7194244604316546,0.0,33.0,46.0,0,24.2,,8.8,,0.713,0.701
824888,2026-08-04,R,Miami Marlins,Atlanta Braves,2,4,1,Ryan Gusto,Grant Holmes,5.0,4.666666666666667,5.684210526315789,0.0,57.0,58.0,6.0,5.0,4.084033613445378,0.0,44.0,47.0,0,25.0,21.4,11.0,7.9,0.721,0.729
825054,2026-08-04,R,San Diego Padres,Arizona Diamondbacks,9,4,0,Randy Vásquez,Eduardo Rodriguez,6.0,8.0,5.478260869565218,2.3333333333333335,78.0,58.0,10.0,2.6666666666666665,3.5816326530612246,3.0,66.0,49.0,1,20.6,13.7,8.6,9.1,0.764,0.691
822866,2026-08-05,R,San Francisco Giants,Texas Rangers,0,6,1,Carson Whisenhunt,Cody Bradford,,,5.133802816901408,3.0,46.0,57.0,5.0,3.3333333333333335,3.6,3.6666666666666665,66.0,53.0,0,,15.7,,11.8,0.653,0.631
823106,2026-08-05,R,Detroit Tigers,Seattle Mariners,2,4,1,Drew Anderson,Bryan Woo,6.0,5.0,5.154545454545454,3.0,42.0,66.0,51.0,2.6666666666666665,3.4015748031496065,2.0,85.0,38.0,0,27.1,,4.9,,0.747,0.712
823429,2026-08-05,R,Washington Nationals,Philadelphia Phillies,10,4,0,Jake Irvin,Andrew Painter,5.0,6.0,4.135135135135135,1.0,58.0,43.0,6.0,5.0,3.7058823529411766,7.666666666666667,51.0,61.0,1,,15.8,,7.9,0.764,0.715
823516,2026-08-05,R,St. Louis Cardinals,New York Yankees,3,1,0,Andre Pallante,Will Warren,5.0,6.666666666666667,3.4615384615384617,3.0,46.0,51.0,6.0,6.333333333333333,5.543046357615894,1.6666666666666667,49.0,60.0,0,24.1,15.5,9.1,8.7,0.783,0.692
823753,2026-08-05,R,Pittsburgh Pirates,Milwaukee Brewers,2,4,1,Paul Skenes,Kyle Harrison,28.0,4.0,3.7016129032258065,3.0,52.0,48.0,5.0,4.0,3.6885245901639343,4.0,46.0,68.0,0,24.4,29.5,9.0,5.7,0.737,0.635
824082,2026-08-05,R,Minnesota Twins,Kansas City Royals,1,2,1,Dean Kremer,Noah Cameron,6.0,8.0,5.165217391304348,4.0,42.0,48.0,8.0,4.0,3.5859375,2.6666666666666665,49.0,48.0,1,20.5,20.1,7.7,6.4,0.721,0.706
824158,2026-08-05,R,Toronto Blue Jays,Houston Astros,5,4,0,Jameson Taillon,Hunter Brown,5.0,5.666666666666667,2.420689655172414,3.0,68.0,44.0,10.0,4.0,3.3973509933774833,6.0,44.0,44.0,0,28.3,18.9,7.8,5.2,0.706,0.763
824322,2026-08-05,R,Tampa Bay Rays,Colorado Rockies,4,0,0,Nick Martinez,Tomoyuki Sugano,5.0,6.666666666666667,6.212389380530974,5.666666666666667,59.0,70.0,5.0,6.0,3.272727272727273,7.333333333333333,52.0,45.0,0,15.7,17.0,5.3,6.1,0.679,0.735
824402,2026-08-05,R,New York Mets,Cleveland Guardians,6,5,0,Christian Scott,Tanner Bibee,5.0,7.333333333333333,5.048780487804878,4.0,38.0,58.0,7.0,6.0,1.8837209302325582,3.0,47.0,38.0,0,21.3,,7.1,,0.679,0.777
824482,2026-08-05,R,Athletics,Cincinnati Reds,2,3,1,Jacob Lopez,Rhett Lowder,6.0,6.0,1.6,3.0,49.0,46.0,7.0,5.333333333333333,7.6381578947368425,2.0,38.0,81.0,1,,28.3,,9.3,0.653,0.752
824646,2026-08-05,R,Los Angeles Dodgers,Chicago Cubs,6,7,1,Eric Lauer,Shota Imanaga,5.0,6.666666666666667,1.5,3.3333333333333335,66.0,37.0,7.0,6.0,6.590551181102362,2.0,52.0,64.0,1,20.6,23.9,4.6,6.1,0.751,0.765
824728,2026-08-05,R,Chicago White Sox,Boston Red Sox,0,4,1,Sean Burke,Sonny Gray,6.0,7.0,1.7307692307692308,4.0,69.0,43.0,6.0,6.0,3.0759493670886076,3.0,54.0,53.0,1,26.7,22.3,5.0,10.6,0.745,0.666
824806,2026-08-05,R,Los Angeles Angels,Baltimore Orioles,2,5,1,Reid Detmers,Trevor Rogers,7.0,6.0,3.7099236641221376,3.0,46.0,65.0,8.0,5.0,3.045112781954887,1.0,29.0,48.0,1,24.3,30.1,6.9,9.4,0.661,0.701
824889,2026-08-05,R,Miami Marlins,Atlanta Braves,1,4,1,Eury Pérez,Bryce Elder,5.0,6.0,5.6938775510204085,3.0,58.0,52.0,6.0,6.0,4.7368421052631575,2.0,43.0,46.0,1,19.3,27.3,7.5,8.3,0.721,0.729
825052,2026-08-05,R,San Diego Padres,Arizona Diamondbacks,4,10,1,Casey Mize,Mitch Bratt,5.0,5.0,5.481203007518797,3.3333333333333335,76.0,62.0,11.0,6.0,4.015384615384615,3.0,67.0,50.0,1,,22.2,,5.7,0.764,0.691
823105,2026-08-06,R,Detroit Tigers,Seattle Mariners,11,0,0,Framber Valdez,Bryce Miller,6.0,5.333333333333333,5.046728971962617,2.0,43.0,63.0,5.0,7.0,4.186046511627907,4.333333333333333,82.0,41.0,0,18.9,23.3,8.7,8.5,0.727,0.712
823430,2026-08-06,R,Washington Nationals,Philadelphia Phillies,3,7,1,Miles Mikolas,Cristopher Sánchez,5.0,6.0,4.462809917355372,7.0,57.0,44.0,5.0,6.0,3.68944099378882,5.666666666666667,53.0,65.0,1,26.3,14.9,5.5,5.5,0.764,0.639
823754,2026-08-06,R,Pittsburgh Pirates,Milwaukee Brewers,2,5,1,Braxton Ashcraft,Dustin May,8.0,5.0,3.9193548387096775,4.0,52.0,47.0,5.0,5.0,3.296511627906977,3.0,43.0,67.0,0,21.1,24.3,9.6,8.2,0.737,0.662
824080,2026-08-06,R,Minnesota Twins,Kansas City Royals,4,3,0,Bailey Ober,Michael Wacha,6.0,6.0,5.0625,1.0,39.0,45.0,7.0,6.0,3.540983606557377,3.0,40.0,44.0,1,17.6,19.2,6.3,5.0,0.721,0.708
824401,2026-08-06,R,New York Mets,Cleveland Guardians,13,6,0,Nolan McLean,Foster Griffin,6.0,5.333333333333333,4.829268292682927,4.333333333333333,37.0,54.0,7.0,6.333333333333333,1.6488549618320612,5.0,50.0,39.0,0,,30.3,,8.5,0.679,0.696
824481,2026-08-06,R,Athletics,Cincinnati Reds,5,6,1,Mason Barnett,Andrew Abbott,5.0,5.0,1.5766423357664234,3.0,47.0,45.0,7.0,5.0,6.258278145695364,3.0,35.0,69.0,1,21.8,17.3,6.3,10.6,0.723,0.74
824664,2026-08-06,R,Toronto Blue Jays,Chicago Cubs,2,3,1,Dylan Cease,David Peterson,5.0,6.333333333333333,2.357142857142857,4.0,72.0,38.0,6.0,6.0,3.5136986301369864,6.0,47.0,44.0,0,20.7,29.8,9.0,9.8,0.751,0.755
824729,2026-08-06,R,Chicago White Sox,Boston Red Sox,11,12,1,Luis Castillo,Ranger Suarez,6.0,4.666666666666667,1.8692307692307693,3.0,66.0,35.0,9.0,5.0,3.267515923566879,3.6666666666666665,50.0,55.0,1,23.2,21.7,5.8,6.2,0.745,0.699
824804,2026-08-06,R,Los Angeles Angels,Baltimore Orioles,4,1,0,Ryan Johnson,Brandon Young,6.0,5.666666666666667,3.888,3.0,43.0,60.0,6.0,4.333333333333333,3.425373134328358,4.0,31.0,52.0,1,18.4,22.2,8.6,6.9,0.713,0.693
824885,2026-08-06,R,Miami Marlins,Atlanta Braves,3,11,1,Janson Junk,Martín Pérez,5.0,7.0,4.891304347826087,2.0,55.0,47.0,6.0,5.0,4.5,3.0,42.0,45.0,1,19.3,17.2,9.6,2.9,0.721,0.656
825053,2026-08-06,R,San Diego Padres,Arizona Diamondbacks,5,1,0,Walker Buehler,Kohl Drake,5.0,4.0,5.952755905511811,2.0,71.0,61.0,5.0,4.333333333333333,3.3251231527093594,4.666666666666667,65.0,53.0,1,,16.3,,10.6,0.764,0.691
822699,2026-08-07,R,Cincinnati Reds,Washington Nationals,3,5,1,Chase Petty,Cade Cavalli,5.0,6.0,3.652941176470588,3.0,56.0,72.0,76.0,5.0,1.875,2.3333333333333335,53.0,50.0,0,18.3,17.5,6.8,20.0,0.715,0.723
822863,2026-08-07,R,Baltimore Orioles,Texas Rangers,1,2,1,Shane Baz,Nathan Eovaldi,7.0,5.0,4.8,0.0,50.0,53.0,6.0,6.333333333333333,3.6906474820143886,4.666666666666667,44.0,64.0,0,26.0,24.8,4.2,9.0,0.695,0.713
823024,2026-08-07,R,Colorado Rockies,St. Louis Cardinals,2,3,1,Ryan Feltner,Kyle Leahy,7.0,6.0,4.655172413793103,0.0,45.0,51.0,6.0,6.0,5.017699115044247,0.0,59.0,66.0,0,22.0,18.5,7.7,8.9,0.692,0.679
823103,2026-08-07,R,Tampa Bay Rays,Seattle Mariners,2,1,0,Drew Rasmussen,Logan Gilbert,6.0,7.0,5.899159663865547,4.0,43.0,74.0,6.0,6.0,3.1013513513513513,0.0,51.0,40.0,0,32.3,21.7,5.8,6.3,0.747,0.735
823191,2026-08-07,R,Detroit Tigers,San Francisco Giants,2,5,1,Keider Montero,JT Brubaker,317.0,4.0,3.2097902097902096,0.0,62.0,54.0,5.0,6.0,4.170731707317073,2.0,89.0,38.0,0,18.8,18.5,10.3,8.0,0.722,0.712
823266,2026-08-07,R,Houston Astros,San Diego Padres,6,3,0,Ronel Blanco,Robbie Ray,8.0,6.0,2.7411167512690353,5.0,65.0,48.0,6.0,4.666666666666667,2.554054054054054,0.0,67.0,47.0,0,24.6,24.1,9.7,10.1,0.72,0.74
823349,2026-08-07,R,New York Mets,Pittsburgh Pirates,6,4,0,Zac Thornton,Carmen Mlodzinski,74.0,5.0,3.281767955801105,3.0,45.0,72.0,6.0,4.666666666666667,1.6993006993006994,4.0,63.0,45.0,0,21.2,,6.4,,0.635,0.777
823428,2026-08-07,R,Toronto Blue Jays,Philadelphia Phillies,5,4,0,José Soriano,Zack Wheeler,5.0,2.0,4.2631578947368425,4.0,64.0,47.0,12.0,5.0,3.78,3.3333333333333335,46.0,46.0,0,33.3,21.0,5.6,10.8,0.764,0.763
823515,2026-08-07,R,Atlanta Braves,New York Yankees,2,3,1,Tyler Mahle,Max Fried,6.0,5.333333333333333,3.5136986301369864,0.0,42.0,49.0,6.0,5.666666666666667,4.775510204081633,6.0,60.0,45.0,0,23.6,19.1,6.4,8.4,0.783,0.716
823750,2026-08-07,R,Minnesota Twins,Milwaukee Brewers,8,6,0,Zebby Matthews,Shane Drohan,7.0,6.0,3.654135338345865,3.0,57.0,49.0,7.0,5.0,3.7241379310344827,3.0,41.0,46.0,0,,24.9,,6.8,0.737,0.706
823836,2026-08-07,R,Los Angeles Angels,Miami Marlins,4,3,0,George Klassen,Tyler Phillips,6.0,5.0,5.2,5.0,45.0,56.0,118.0,2.0,3.122448979591837,4.333333333333333,35.0,53.0,0,16.6,,7.7,,0.729,0.693
824081,2026-08-07,R,Chicago Cubs,Kansas City Royals,6,4,0,Kevin Gausman,Daniel Lynch IV,437.0,2.6666666666666665,4.778761061946903,3.3333333333333335,39.0,45.0,6.0,5.666666666666667,2.25,6.0,75.0,40.0,0,15.6,24.4,9.0,6.5,0.721,0.751
824566,2026-08-07,R,Cleveland Guardians,Chicago White Sox,8,2,0,Parker Messick,Noah Schultz,11.0,3.3333333333333335,3.2637362637362637,8.333333333333334,61.0,67.0,6.0,4.333333333333333,6.146341463414634,5.0,42.0,64.0,0,,23.0,,3.6,0.699,0.647
824727,2026-08-07,R,Athletics,Boston Red Sox,1,13,1,Jack Perkins,Payton Tolle,6.0,6.0,2.025,10.0,78.0,46.0,6.0,5.333333333333333,6.0,3.6666666666666665,40.0,75.0,0,25.7,23.0,10.8,11.2,0.745,0.74
825051,2026-08-07,R,Los Angeles Dodgers,Arizona Diamondbacks,3,4,1,Roki Sasaki,Merrill Kelly,5.0,5.0,5.2388059701492535,5.333333333333333,62.0,60.0,8.0,5.333333333333333,6.328125,0.0,49.0,66.0,0,22.3,17.4,6.4,13.7,0.764,0.77
822701,2026-08-08,R,Cincinnati Reds,Washington Nationals,2,8,1,Chase Burns,Andrew Alvarez,5.0,6.333333333333333,3.8076923076923075,3.0,59.0,72.0,6.0,6.0,2.1456953642384105,6.333333333333333,52.0,53.0,1,20.4,35.6,10.2,8.5,0.715,0.653
822864,2026-08-08,R,Baltimore Orioles,Texas Rangers,1,5,1,Kyle Bradish,Jacob deGrom,7.0,3.3333333333333335,4.634328358208955,3.6666666666666665,47.0,50.0,6.0,3.0,3.7384615384615385,0.0,39.0,59.0,1,27.7,37.3,5.5,7.9,0.695,0.713
823021,2026-08-08,R,Colorado Rockies,St. Louis Cardinals,8,6,0,Kyle Freeland,Matthew Liberatore,6.0,6.0,4.013513513513513,4.0,46.0,49.0,6.0,9.0,5.154545454545454,2.6666666666666665,56.0,67.0,1,18.8,17.5,6.2,5.4,0.695,0.679
823102,2026-08-08,R,Tampa Bay Rays,Seattle Mariners,3,2,0,Casey Legumina,George Kirby,6.0,7.0,5.9491525423728815,2.3333333333333335,40.0,71.0,10.0,1.6666666666666667,3.0422535211267605,2.0,42.0,38.0,0,26.1,25.1,5.5,11.4,0.747,0.735
823188,2026-08-08,R,Detroit Tigers,San Francisco Giants,8,0,0,Jackson Jobe,Landen Roupp,6.0,4.666666666666667,2.7870967741935484,8.0,60.0,50.0,437.0,4.666666666666667,4.137096774193548,2.0,89.0,42.0,1,21.4,17.9,9.5,12.4,0.722,0.712
823267,2026-08-08,R,Houston Astros,San Diego Padres,2,3,1,Peter Lambert,Michael King,5.0,5.0,3.0,4.0,64.0,52.0,6.0,5.666666666666667,2.3649635036496353,4.333333333333333,64.0,45.0,0,24.7,,8.4,,0.72,0.706
823348,2026-08-08,R,New York Mets,Pittsburgh Pirates,0,9,1,Robert Stock,Bubba Chandler,5.0,5.666666666666667,3.176470588235294,6.0,47.0,75.0,6.0,5.0,1.8493150684931507,4.0,67.0,45.0,0,25.0,6.7,3.2,26.7,0.662,0.777
823426,2026-08-08,R,Toronto Blue Jays,Philadelphia Phillies,7,5,0,Max Scherzer,Aaron Nola,5.0,6.0,4.304347826086956,3.6666666666666665,68.0,51.0,6.0,6.0,3.3973509933774833,4.333333333333333,47.0,44.0,0,24.0,22.9,6.9,6.4,0.764,0.763
823514,2026-08-08,R,Atlanta Braves,New York Yankees,4,5,1,Chris Sale,Gerrit Cole,6.0,5.666666666666667,3.7302631578947367,3.6666666666666665,44.0,51.0,10.0,6.0,4.909090909090909,3.6666666666666665,55.0,42.0,1,,32.4,,6.3,0.797,0.721
823752,2026-08-08,R,Minnesota Twins,Milwaukee Brewers,3,4,1,Taj Bradley,Robert Gasser,7.0,5.0,3.9705882352941178,4.0,61.0,52.0,6.0,6.0,3.630252100840336,4.0,49.0,50.0,0,17.2,21.0,13.8,9.3,0.737,0.706
823834,2026-08-08,R,Los Angeles Angels,Miami Marlins,0,7,1,Walbert Ureña,Sandy Alcantara,6.0,6.0,4.669172932330827,5.0,46.0,56.0,6.0,6.0,3.328767123287671,5.0,33.0,49.0,0,19.1,,7.7,,0.729,0.693
824079,2026-08-08,R,Chicago Cubs,Kansas City Royals,3,6,1,Clay Holmes,Seth Lugo,6.0,5.0,5.2105263157894735,7.333333333333333,42.0,49.0,85.0,4.333333333333333,2.6808510638297873,2.0,78.0,42.0,0,20.5,18.2,9.0,9.3,0.721,0.751
824565,2026-08-08,R,Cleveland Guardians,Chicago White Sox,3,6,1,Gavin Williams,Anthony Kay,6.0,6.333333333333333,3.1683673469387754,8.666666666666666,58.0,66.0,6.0,5.666666666666667,5.120689655172414,2.0,47.0,55.0,0,,24.6,,11.8,0.666,0.647
824726,2026-08-08,R,Athletics,Boston Red Sox,7,3,0,Gage Jump,Jake Bennett,6.0,5.666666666666667,1.3846153846153846,3.0,85.0,43.0,6.0,3.6666666666666665,6.872727272727273,5.0,39.0,88.0,1,,,,,0.743,0.74
825049,2026-08-08,R,Los Angeles Dodgers,Arizona Diamondbacks,2,1,0,Yoshinobu Yamamoto,Brandon Pfaadt,5.0,6.666666666666667,5.6,3.3333333333333335,63.0,61.0,7.0,8.0,6.488372093023256,2.3333333333333335,48.0,68.0,1,19.2,29.4,4.8,8.6,0.764,0.77
822700,2026-08-09,R,Cincinnati Reds,Washington Nationals,1,7,1,Brady Singer,Brad Lord,39.0,2.3333333333333335,3.88125,3.6666666666666665,62.0,71.0,5.0,6.0,2.6821192052980134,2.6666666666666665,54.0,54.0,1,19.8,22.8,7.9,8.4,0.715,0.723
822862,2026-08-09,R,Baltimore Orioles,Texas Rangers,10,5,0,Cade Povich,Kumar Rocker,7.0,5.333333333333333,4.435714285714286,4.0,45.0,50.0,5.0,6.0,4.21875,2.0,37.0,62.0,1,19.5,24.2,8.0,8.8,0.653,0.713
823020,2026-08-09,R,Colorado Rockies,St. Louis Cardinals,4,7,1,Michael Lorenzen,Michael McGreevy,6.0,4.333333333333333,4.383116883116883,4.0,45.0,57.0,6.0,3.0,5.165217391304348,4.666666666666667,59.0,65.0,1,14.5,21.0,5.0,6.4,0.692,0.679
823104,2026-08-09,R,Tampa Bay Rays,Seattle Mariners,4,1,0,Ian Seymour,Emerson Hancock,5.0,6.0,5.355371900826446,4.0,41.0,67.0,6.0,6.0,3.1153846153846154,7.666666666666667,42.0,40.0,0,16.6,26.4,8.1,7.9,0.727,0.735
823190,2026-08-09,R,Detroit Tigers,San Francisco Giants,3,1,0,Troy Melton,Logan Webb,6.0,6.0,3.611464968152866,3.6666666666666665,51.0,56.0,5.0,7.0,3.6141732283464565,4.0,95.0,39.0,1,26.2,20.0,5.4,8.3,0.722,0.712
823268,2026-08-09,R,Houston Astros,San Diego Padres,2,7,1,Cristian Javier,Randy Vásquez,5.0,6.0,3.1675977653631286,3.0,60.0,52.0,6.0,6.0,2.3142857142857145,3.0,62.0,47.0,0,13.7,21.7,9.1,9.6,0.72,0.706
823345,2026-08-09,R,New York Mets,Pittsburgh Pirates,11,1,0,Sean Manaea,Jared Jones,5.0,4.0,2.3351351351351353,3.0,56.0,64.0,5.0,6.0,1.9539473684210527,5.0,64.0,50.0,0,,28.5,,4.6,0.635,0.777
823425,2026-08-09,R,Toronto Blue Jays,Philadelphia Phillies,6,7,1,Shane Bieber,Jesús Luzardo,5.0,8.0,4.4,6.0,72.0,55.0,6.0,5.666666666666667,3.375,5.666666666666667,48.0,49.0,0,28.5,23.3,7.5,4.4,0.764,0.755
823513,2026-08-09,R,Atlanta Braves,New York Yankees,2,1,0,Grant Holmes,Cam Schlittler,6.0,3.0,4.195945945945946,2.0,46.0,54.0,5.0,6.0,5.282608695652174,2.0,57.0,44.0,1,27.6,25.0,10.2,11.0,0.783,0.721
823751,2026-08-09,R,Minnesota Twins,Milwaukee Brewers,3,4,1,Connor Prielipp,Jacob Misiorowski,7.0,7.0,3.857142857142857,4.333333333333333,57.0,50.0,8.0,5.333333333333333,4.061946902654867,3.0,50.0,54.0,0,32.0,,11.0,,0.734,0.708
823835,2026-08-09,R,Los Angeles Angels,Miami Marlins,3,12,1,Grayson Rodriguez,Ryan Gusto,5.0,6.0,3.857142857142857,2.0,51.0,49.0,5.0,7.0,3.6241610738255035,5.666666666666667,31.0,47.0,0,21.4,,7.9,,0.729,0.693
824078,2026-08-09,R,Chicago Cubs,Kansas City Royals,10,2,0,Matthew Boyd,Randy Dobnak,5.0,5.0,5.076923076923077,3.0,45.0,50.0,6.0,6.666666666666667,3.0,4.0,70.0,48.0,0,5.3,21.4,10.5,5.8,0.659,0.751
824564,2026-08-09,R,Cleveland Guardians,Chicago White Sox,3,5,1,Joey Cantillo,Davis Martin,5.0,5.0,3.1683673469387754,3.0,63.0,65.0,5.0,5.0,6.0,2.3333333333333335,50.0,58.0,0,17.3,26.9,8.0,10.5,0.699,0.679
824724,2026-08-09,R,Athletics,Boston Red Sox,4,3,0,J.T. Ginn,Erik Miller,,,1.7419354838709677,3.6666666666666665,88.0,44.0,5.0,6.0,7.050955414012739,3.0,46.0,89.0,1,17.2,25.3,15.6,7.9,0.745,0.74
825050,2026-08-09,R,Los Angeles Dodgers,Arizona Diamondbacks,2,4,1,Justin Wrobleski,Eduardo Rodriguez,5.0,5.666666666666667,5.8,3.0,61.0,58.0,6.0,4.333333333333333,6.090225563909774,4.333333333333333,46.0,66.0,1,20.6,27.1,8.6,6.1,0.742,0.765
822780,2026-08-10,R,Boston Red Sox,Toronto Blue Jays,1,2,1,Sonny Gray,Jameson Taillon,5.0,4.0,2.8659217877094973,5.666666666666667,53.0,50.0,5.0,6.0,1.975609756097561,8.0,85.0,47.0,0,18.9,26.7,5.2,5.0,0.763,0.745
823018,2026-08-10,R,Philadelphia Phillies,St. Louis Cardinals,6,5,0,Andrew Painter,Hunter Dobbins,6.0,6.333333333333333,4.2631578947368425,3.3333333333333335,49.0,56.0,5.0,4.0,4.595744680851064,5.0,68.0,57.0,0,17.6,,6.6,,0.692,0.764
823189,2026-08-10,R,Houston Astros,San Francisco Giants,6,3,0,Hayden Wesneski,Blade Tidwell,6.0,5.0,3.933774834437086,2.0,49.0,55.0,6.0,6.0,1.5319148936170213,3.0,61.0,42.0,0,12.8,22.1,12.8,4.6,0.722,0.706
823265,2026-08-10,R,Milwaukee Brewers,San Diego Padres,2,3,1,Logan Henderson,Casey Mize,5.0,3.3333333333333335,3.15,4.0,62.0,51.0,6.0,6.0,3.664285714285714,4.0,50.0,51.0,0,22.2,33.3,5.7,8.1,0.72,0.737
823675,2026-08-10,R,Baltimore Orioles,Minnesota Twins,5,9,1,Trevor Rogers,Dean Kremer,5.0,5.0,2.3275862068965516,4.333333333333333,42.0,50.0,5.0,6.0,4.714285714285714,6.0,45.0,64.0,0,20.1,24.3,6.4,6.9,0.706,0.713
823918,2026-08-10,R,Kansas City Royals,Los Angeles Dodgers,5,6,1,Noah Cameron,Tarik Skubal,6.0,6.0,4.5,4.666666666666667,45.0,62.0,5.0,8.0,6.339130434782609,4.0,42.0,56.0,0,32.2,20.5,4.4,7.7,0.765,0.659
823998,2026-08-10,R,Texas Rangers,Los Angeles Angels,4,1,0,MacKenzie Gore,Reid Detmers,5.0,4.0,4.530201342281879,4.0,30.0,56.0,6.0,6.0,4.068493150684931,6.0,46.0,54.0,0,30.1,27.2,9.4,9.3,0.701,0.653
824887,2026-08-10,R,New York Mets,Atlanta Braves,8,5,0,Christian Scott,Bryce Elder,5.0,7.0,5.440298507462686,4.0,56.0,43.0,5.0,5.0,2.076923076923077,2.0,67.0,48.0,0,19.3,,7.5,,0.721,0.777
824969,2026-08-10,R,Tampa Bay Rays,Athletics,10,6,0,Freddy Peralta,Jacob Lopez,5.0,5.0,6.657534246575342,3.0,42.0,81.0,6.0,3.6666666666666665,3.056603773584906,3.0,45.0,41.0,0,28.3,28.2,9.3,9.1,0.752,0.667
825048,2026-08-10,R,Colorado Rockies,Arizona Diamondbacks,0,9,1,Gabriel Hughes,Michael Soroka,52.0,1.0,5.023255813953488,2.0,58.0,50.0,6.0,5.333333333333333,4.3474576271186445,3.6666666666666665,61.0,61.0,0,25.1,,7.7,,0.764,0.679
822697,2026-08-11,R,Chicago Cubs,Washington Nationals,8,6,0,Shota Imanaga,Jake Irvin,6.0,5.333333333333333,3.375,0.0,57.0,62.0,6.0,5.0,2.953125,0.0,66.0,39.0,0,15.8,20.6,7.9,4.6,0.639,0.751
822778,2026-08-11,R,Boston Red Sox,Toronto Blue Jays,3,5,1,Patrick Sandoval,Dylan Cease,5.0,7.0,2.9314285714285715,5.0,52.0,49.0,7.0,5.0,2.0377358490566038,2.0,82.0,47.0,1,29.8,,9.8,,0.755,0.745
823019,2026-08-11,R,Philadelphia Phillies,St. Louis Cardinals,0,2,1,Cristopher Sánchez,Andre Pallante,6.0,5.333333333333333,4.195945945945946,4.0,51.0,55.0,5.0,5.0,4.764705882352941,3.6666666666666665,67.0,54.0,0,15.5,26.3,8.7,5.5,0.695,0.764
823186,2026-08-11,R,Houston Astros,San Francisco Giants,1,4,1,Hunter Brown,Carson Whisenhunt,6.0,3.3333333333333335,4.529032258064516,4.333333333333333,49.0,61.0,6.0,6.0,1.512,3.0,61.0,41.0,0,15.7,28.3,11.8,7.8,0.722,0.74
823264,2026-08-11,R,Milwaukee Brewers,San Diego Padres,2,11,1,Kyle Harrison,Walker Buehler,5.0,4.0,3.0,3.0,65.0,53.0,6.0,5.0,3.6906474820143886,1.6666666666666667,52.0,51.0,1,16.3,24.4,10.6,9.0,0.691,0.737
823512,2026-08-11,R,Seattle Mariners,New York Yankees,1,4,1,Bryan Woo,Ryan Weathers,7.0,6.0,4.790322580645161,0.0,34.0,40.0,6.0,7.0,6.026785714285714,0.0,33.0,60.0,0,22.3,27.1,7.2,4.9,0.783,0.727
823673,2026-08-11,R,Baltimore Orioles,Minnesota Twins,5,2,0,Brandon Young,Bailey Ober,5.0,6.0,3.098360655737705,2.0,51.0,55.0,5.0,4.333333333333333,6.264,4.0,42.0,68.0,1,19.2,18.4,5.0,8.6,0.708,0.713
823832,2026-08-11,R,Pittsburgh Pirates,Miami Marlins,0,2,1,Paul Skenes,Eury Pérez,6.0,5.0,2.6341463414634148,0.0,52.0,40.0,6.0,5.0,2.4,0.0,46.0,66.0,0,27.3,29.5,8.3,5.7,0.729,0.662
823917,2026-08-11,R,Kansas City Royals,Los Angeles Dodgers,4,5,1,Michael Wacha,Blake Snell,94.0,3.0,4.5,4.0,51.0,67.0,5.0,5.666666666666667,6.418032786885246,2.3333333333333335,47.0,62.0,1,28.3,17.6,10.2,6.3,0.77,0.659
823997,2026-08-11,R,Texas Rangers,Los Angeles Angels,2,3,1,Cody Bradford,Ryan Johnson,5.0,4.666666666666667,4.618421052631579,4.0,27.0,54.0,6.0,4.333333333333333,3.7058823529411766,4.666666666666667,43.0,52.0,0,22.2,,6.9,,0.701,0.695
824240,2026-08-11,R,Cleveland Guardians,Detroit Tigers,4,6,1,Tanner Bibee,Drew Anderson,6.0,3.6666666666666665,3.106194690265487,0.0,89.0,27.0,6.0,5.666666666666667,5.912408759124087,0.0,53.0,62.0,0,,21.3,,7.1,0.712,0.679
824563,2026-08-11,R,Cincinnati Reds,Chicago White Sox,5,4,0,Nick Lodolo,Sean Burke,6.0,4.333333333333333,2.5714285714285716,0.0,51.0,56.0,31.0,5.0,3.537931034482759,0.0,50.0,58.0,0,22.3,24.3,10.6,4.8,0.699,0.723
824886,2026-08-11,R,New York Mets,Atlanta Braves,0,4,1,Nolan McLean,Martín Pérez,5.0,3.0,3.3503649635036497,4.0,58.0,37.0,5.0,5.0,2.16,5.0,61.0,50.0,0,19.3,30.3,9.6,8.5,0.721,0.696
824970,2026-08-11,R,Tampa Bay Rays,Athletics,12,4,0,Nick Martinez,Mason Barnett,5.0,4.333333333333333,7.985915492957746,2.0,46.0,87.0,6.0,5.666666666666667,3.375,3.0,55.0,47.0,0,17.3,17.0,10.6,6.1,0.752,0.735
825046,2026-08-11,R,Colorado Rockies,Arizona Diamondbacks,3,2,0,Tomoyuki Sugano,Mitch Bratt,6.0,7.0,4.704545454545454,4.666666666666667,65.0,47.0,6.0,5.0,4.361538461538461,4.0,61.0,70.0,1,,15.7,,5.3,0.764,0.679
822698,2026-08-12,R,Chicago Cubs,Washington Nationals,12,6,0,David Peterson,Jackson Kent,,,3.375,5.666666666666667,55.0,64.0,6.0,5.0,3.0681818181818183,4.333333333333333,64.0,43.0,0,,20.7,,9.0,0.639,0.751
822779,2026-08-12,R,Boston Red Sox,Toronto Blue Jays,4,6,1,Ranger Suarez,José Soriano,5.0,4.666666666666667,2.618181818181818,4.0,51.0,44.0,6.0,3.0,2.025,2.0,82.0,48.0,1,21.0,23.2,10.8,5.8,0.755,0.745
823017,2026-08-12,R,Philadelphia Phillies,St. Louis Cardinals,1,7,1,Zack Wheeler,Kyle Leahy,5.0,5.0,4.0,3.0,51.0,45.0,5.0,5.333333333333333,5.2,2.0,67.0,55.0,0,22.0,33.3,7.7,5.6,0.692,0.764
823187,2026-08-12,R,Houston Astros,San Francisco Giants,2,1,0,Bryan King,Adrian Houser,57.0,1.0,3.9865771812080535,3.3333333333333335,51.0,54.0,,,1.7704918032786885,3.0,59.0,43.0,0,17.8,25.1,7.3,4.0,0.631,0.706
823263,2026-08-12,R,Milwaukee Brewers,San Diego Padres,3,4,1,Dustin May,Robbie Ray,5.0,5.0,2.857142857142857,3.0,68.0,48.0,6.0,6.0,3.884892086330935,3.3333333333333335,46.0,60.0,1,24.6,21.1,9.7,9.6,0.72,0.734
823511,2026-08-12,R,Seattle Mariners,New York Yankees,5,10,1,Bryce Miller,Will Warren,7.0,5.333333333333333,4.32,3.3333333333333335,35.0,39.0,6.0,5.0,6.935779816513762,3.0,27.0,58.0,1,24.1,18.9,9.1,8.7,0.783,0.747
823672,2026-08-12,R,Baltimore Orioles,Minnesota Twins,5,7,1,Shane Baz,Zebby Matthews,5.0,5.0,3.098360655737705,3.0,50.0,58.0,5.0,8.0,5.311475409836065,3.0,47.0,56.0,1,24.9,24.8,6.8,9.0,0.708,0.713
823833,2026-08-12,R,Pittsburgh Pirates,Miami Marlins,2,8,1,Carmen Mlodzinski,Janson Junk,6.0,3.0,2.6341463414634148,2.0,53.0,40.0,5.0,3.0,2.4545454545454546,3.0,39.0,60.0,1,17.2,21.2,2.9,6.4,0.729,0.662
823916,2026-08-12,R,Kansas City Royals,Los Angeles Dodgers,2,4,1,Daniel Lynch IV,Eric Lauer,7.0,4.0,4.411764705882353,4.0,50.0,64.0,5.0,1.6666666666666667,6.19672131147541,2.6666666666666665,49.0,64.0,1,23.9,15.6,6.1,9.0,0.765,0.659
823994,2026-08-12,R,Texas Rangers,Los Angeles Angels,2,5,1,Cal Quantrill,George Klassen,5.0,4.0,4.558441558441558,4.666666666666667,28.0,53.0,9.0,6.0,3.910344827586207,1.0,41.0,54.0,0,,16.6,,6.8,0.693,0.695
824241,2026-08-12,R,Cleveland Guardians,Detroit Tigers,6,4,0,Foster Griffin,Framber Valdez,6.0,7.0,3.319672131147541,5.0,81.0,31.0,6.0,4.0,6.365853658536586,1.6666666666666667,51.0,61.0,1,23.3,,8.5,,0.774,0.647
824562,2026-08-12,R,Cincinnati Reds,Chicago White Sox,0,5,1,Rhett Lowder,Luis Castillo,6.0,4.0,3.0320855614973263,3.0,53.0,58.0,7.0,6.0,3.7674418604651163,6.0,48.0,56.0,0,21.7,,6.2,,0.666,0.723
824883,2026-08-12,R,New York Mets,Atlanta Braves,3,6,1,Zac Thornton,Tyler Mahle,5.0,6.0,3.143835616438356,3.0,62.0,37.0,5.0,5.0,2.5961538461538463,2.0,61.0,54.0,0,19.1,,8.4,,0.716,0.777
824967,2026-08-12,R,Tampa Bay Rays,Athletics,8,4,0,Drew Rasmussen,Jack Perkins,5.0,3.0,8.20945945945946,5.0,46.0,96.0,5.0,7.0,3.2468354430379747,0.0,66.0,47.0,0,23.0,21.7,11.2,6.3,0.752,0.735
825047,2026-08-12,R,Colorado Rockies,Arizona Diamondbacks,6,4,0,Ryan Feltner,Merrill Kelly,5.0,5.666666666666667,3.857142857142857,3.0,59.0,43.0,5.0,5.333333333333333,3.857142857142857,3.0,57.0,64.0,1,22.3,18.5,6.4,8.9,0.764,0.679
822696,2026-08-13,R,Chicago Cubs,Washington Nationals,0,7,1,Kevin Gausman,Cade Cavalli,6.0,6.0,3.331168831168831,5.0,59.0,71.0,6.0,7.0,2.9562043795620436,4.0,74.0,46.0,0,18.3,24.4,6.8,6.5,0.715,0.751
822776,2026-08-13,R,Boston Red Sox,Toronto Blue Jays,7,0,0,Payton Tolle,Max Scherzer,5.0,5.333333333333333,2.910179640718563,3.0,52.0,46.0,6.0,6.0,2.8051948051948052,3.0,82.0,52.0,1,22.9,25.7,6.4,10.8,0.755,0.745
823508,2026-08-13,R,Seattle Mariners,New York Yankees,1,0,0,Logan Gilbert,Max Fried,6.0,6.333333333333333,3.672,5.0,40.0,38.0,6.0,6.666666666666667,8.150943396226415,2.0,30.0,64.0,1,23.6,32.3,6.4,5.8,0.783,0.727
823669,2026-08-13,R,Philadelphia Phillies,Minnesota Twins,7,1,0,Aaron Nola,Taj Bradley,5.0,5.0,3.24,4.0,57.0,59.0,5.0,5.0,5.0503597122302155,3.0,62.0,54.0,0,21.0,24.0,9.3,6.9,0.708,0.764
823829,2026-08-13,R,Pittsburgh Pirates,Miami Marlins,13,1,0,Braxton Ashcraft,Tyler Phillips,6.0,4.0,2.7,3.0,53.0,36.0,7.0,5.0,2.9653179190751446,5.666666666666667,41.0,65.0,1,16.6,24.3,7.7,8.2,0.729,0.662
823915,2026-08-13,R,Milwaukee Brewers,Los Angeles Dodgers,5,4,0,Shane Drohan,Roki Sasaki,6.0,6.0,4.0855263157894735,2.6666666666666665,50.0,64.0,6.0,5.0,2.0,3.6666666666666665,46.0,48.0,0,17.4,,13.7,,0.765,0.737
823995,2026-08-13,R,Texas Rangers,Los Angeles Angels,0,7,1,Jacob deGrom,Walbert Ureña,5.0,2.3333333333333335,3.933774834437086,3.0,29.0,48.0,5.0,5.0,4.470198675496689,3.0,43.0,56.0,0,,27.7,,5.5,0.693,0.695
824238,2026-08-13,R,Cleveland Guardians,Detroit Tigers,0,3,1,Parker Messick,Keider Montero,6.0,6.0,2.793103448275862,3.3333333333333335,76.0,27.0,6.0,7.0,6.525,4.0,51.0,64.0,1,18.5,23.0,8.0,3.6,0.774,0.679
824561,2026-08-13,R,Cincinnati Reds,Chicago White Sox,9,8,0,Andrew Abbott,Davis Martin,4.0,1.0,3.24,2.0,52.0,53.0,7.0,6.666666666666667,4.170731707317073,2.6666666666666665,47.0,55.0,0,17.3,21.8,8.0,6.3,0.699,0.723
822777,2026-08-14,R,New York Yankees,Toronto Blue Jays,1,3,1,Gerrit Cole,Shane Bieber,5.0,5.666666666666667,3.6201117318435756,4.0,52.0,53.0,6.0,7.0,3.642857142857143,4.0,39.0,37.0,0,23.3,,4.4,,0.763,0.783
822942,2026-08-14,R,Baltimore Orioles,Tampa Bay Rays,6,5,0,Chris Bassitt,Steven Matz,73.0,1.6666666666666667,4.153846153846154,0.0,68.0,49.0,72.0,3.0,5.6722689075630255,0.0,42.0,54.0,0,19.1,22.6,3.6,7.1,0.735,0.661
823185,2026-08-14,R,Colorado Rockies,San Francisco Giants,5,2,0,Kyle Freeland,Landen Roupp,6.0,5.333333333333333,4.242857142857143,0.0,32.0,52.0,6.0,4.333333333333333,4.186046511627907,0.0,62.0,65.0,0,21.4,17.5,9.5,5.4,0.631,0.679
823346,2026-08-14,R,Boston Red Sox,Pittsburgh Pirates,4,8,1,Jake Bennett,Bubba Chandler,6.0,6.0,2.823529411764706,0.0,52.0,63.0,6.0,5.333333333333333,2.8609271523178808,1.0,84.0,48.0,0,25.0,,3.2,,0.635,0.745
823591,2026-08-14,R,Washington Nationals,New York Mets,1,4,1,Andrew Alvarez,Robert Stock,6.0,3.0,3.573529411764706,0.0,57.0,55.0,6.0,5.333333333333333,3.4662162162162162,1.0,62.0,66.0,0,6.7,20.4,26.7,10.2,0.696,0.715
823913,2026-08-14,R,Milwaukee Brewers,Los Angeles Dodgers,1,3,1,Robert Gasser,Yoshinobu Yamamoto,6.0,5.666666666666667,4.68,3.0,48.0,67.0,6.0,4.666666666666667,2.0342465753424657,3.6666666666666665,51.0,52.0,0,29.4,17.2,8.6,13.8,0.765,0.737
823993,2026-08-14,R,Kansas City Royals,Los Angeles Angels,7,6,0,Seth Lugo,Grayson Rodriguez,5.0,4.0,3.7125,3.0,36.0,48.0,6.0,6.0,5.152671755725191,0.0,44.0,64.0,0,,20.5,,9.0,0.693,0.721
824159,2026-08-14,R,Seattle Mariners,Houston Astros,7,10,1,George Kirby,Peter Lambert,6.0,5.0,1.3795620437956204,0.0,54.0,40.0,6.0,5.0,7.89622641509434,3.0,29.0,58.0,0,,26.1,,5.5,0.706,0.747
824237,2026-08-14,R,Chicago White Sox,Detroit Tigers,9,5,0,Sean Newcomb,Jackson Jobe,6.0,5.0,2.6129032258064515,2.6666666666666665,79.0,27.0,55.0,3.0,3.8784530386740332,7.0,58.0,61.0,0,17.9,23.3,12.4,7.9,0.774,0.666
824399,2026-08-14,R,San Diego Padres,Cleveland Guardians,7,5,0,Michael King,Gavin Williams,6.0,5.666666666666667,6.377952755905512,2.3333333333333335,51.0,67.0,6.0,6.0,2.777142857142857,0.0,68.0,46.0,0,24.6,24.7,11.8,8.4,0.679,0.72
824479,2026-08-14,R,Miami Marlins,Cincinnati Reds,0,1,1,Sandy Alcantara,Chase Burns,6.0,5.333333333333333,4.640625,4.666666666666667,53.0,61.0,6.0,7.0,4.104,3.6666666666666665,52.0,45.0,0,35.6,19.1,8.5,7.7,0.723,0.729
824643,2026-08-14,R,St. Louis Cardinals,Chicago Cubs,0,3,1,Matthew Liberatore,Clay Holmes,6.0,4.0,3.1153846153846154,3.3333333333333335,70.0,51.0,6.0,5.0,4.016528925619835,0.0,53.0,40.0,0,18.2,18.8,9.3,6.2,0.751,0.692
824882,2026-08-14,R,Arizona Diamondbacks,Atlanta Braves,2,0,0,Brandon Pfaadt,Chris Sale,6.0,6.0,3.762295081967213,0.0,60.0,33.0,6.0,7.0,3.6,0.0,60.0,49.0,0,32.4,19.2,6.3,4.8,0.721,0.742
824968,2026-08-14,R,Texas Rangers,Athletics,3,8,1,Kumar Rocker,Gage Jump,6.0,6.0,8.664179104477611,0.0,44.0,95.0,5.0,3.0,4.925675675675675,6.0,41.0,60.0,0,,19.5,,8.0,0.752,0.653
822775,2026-08-15,R,New York Yankees,Toronto Blue Jays,1,4,1,Cam Schlittler,Braydon Fisher,24.0,1.3333333333333333,3.6201117318435756,3.0,52.0,53.0,6.0,7.0,3.888,2.0,38.0,40.0,1,30.7,27.6,9.4,10.2,0.763,0.783
822941,2026-08-15,R,Baltimore Orioles,Tampa Bay Rays,4,3,0,Kyle Bradish,Ian Seymour,6.0,6.0,4.841379310344828,8.0,72.0,49.0,7.0,6.0,6.3,3.6666666666666665,42.0,55.0,0,26.4,37.3,7.9,7.9,0.735,0.661
823184,2026-08-15,R,Colorado Rockies,San Francisco Giants,1,7,1,Michael Lorenzen,Logan Webb,6.0,8.0,4.367647058823529,3.3333333333333335,34.0,50.0,6.0,4.333333333333333,4.536,1.0,64.0,66.0,0,26.2,21.0,5.4,6.4,0.722,0.679
823347,2026-08-15,R,Boston Red Sox,Pittsburgh Pirates,4,0,0,Sonny Gray,Jared Jones,6.0,3.0,2.823529411764706,4.0,53.0,59.0,5.0,6.0,3.24,4.0,79.0,52.0,1,,26.7,,5.0,0.662,0.745
823588,2026-08-15,R,Washington Nationals,New York Mets,4,5,1,Brad Lord,Sean Manaea,6.0,7.0,3.2,4.666666666666667,59.0,51.0,6.0,2.6666666666666665,3.857142857142857,2.3333333333333335,61.0,64.0,1,28.5,19.8,4.6,7.9,0.777,0.639
823671,2026-08-15,R,Philadelphia Phillies,Minnesota Twins,9,1,0,Jesús Luzardo,Connor Prielipp,6.0,5.0,3.857142857142857,0.0,49.0,60.0,6.0,7.0,4.096551724137931,0.0,65.0,49.0,0,,28.5,,7.5,0.706,0.747
823914,2026-08-15,R,Milwaukee Brewers,Los Angeles Dodgers,4,1,0,Jacob Misiorowski,Justin Wrobleski,6.0,3.3333333333333335,3.8,3.0,47.0,59.0,6.0,6.0,2.091549295774648,1.6666666666666667,46.0,53.0,0,27.1,32.0,6.1,11.0,0.77,0.734
823990,2026-08-15,R,Kansas City Royals,Los Angeles Angels,0,1,1,Randy Dobnak,Reid Detmers,5.0,6.0,4.192546583850931,5.0,40.0,49.0,6.0,5.0,5.086956521739131,4.333333333333333,50.0,67.0,0,30.1,5.3,9.4,10.5,0.693,0.659
824157,2026-08-15,R,Seattle Mariners,Houston Astros,10,5,0,Emerson Hancock,Hayden Wesneski,5.0,7.0,2.091549295774648,5.0,53.0,45.0,6.0,4.666666666666667,7.8545454545454545,5.0,33.0,63.0,1,22.1,16.6,4.6,8.1,0.706,0.747
824239,2026-08-15,R,Chicago White Sox,Detroit Tigers,4,3,0,Anthony Kay,Troy Melton,6.0,6.0,3.403361344537815,5.333333333333333,71.0,35.0,7.0,6.0,4.359375,7.666666666666667,61.0,65.0,0,20.0,,8.3,,0.774,0.666
824400,2026-08-15,R,San Diego Padres,Cleveland Guardians,1,6,1,Wandy Peralta,Joey Cantillo,6.0,1.0,6.154411764705882,4.666666666666667,55.0,70.0,42.0,1.0,3.20625,3.0,68.0,51.0,0,26.9,20.1,10.5,9.6,0.647,0.691
824480,2026-08-15,R,Miami Marlins,Cincinnati Reds,8,4,0,Ryan Gusto,Brady Singer,6.0,6.0,4.104,2.0,46.0,54.0,6.0,4.0,4.189655172413793,1.0,47.0,44.0,1,22.8,21.4,8.4,7.9,0.723,0.729
824644,2026-08-15,R,St. Louis Cardinals,Chicago Cubs,8,4,0,Michael McGreevy,Matthew Boyd,6.0,7.0,3.1153846153846154,2.3333333333333335,73.0,49.0,6.0,5.666666666666667,3.731707317073171,2.6666666666666665,52.0,40.0,1,21.4,14.5,5.8,5.0,0.751,0.695
824884,2026-08-15,R,Arizona Diamondbacks,Atlanta Braves,10,3,0,Eduardo Rodriguez,Grant Holmes,6.0,6.0,3.762295081967213,3.0,54.0,33.0,6.0,7.0,3.7674418604651163,2.0,58.0,48.0,0,25.0,20.6,11.0,8.6,0.716,0.764
824966,2026-08-15,R,Texas Rangers,Athletics,5,3,0,MacKenzie Gore,J.T. Ginn,6.0,6.0,6.8538461538461535,3.6666666666666665,51.0,85.0,5.0,5.333333333333333,4.743243243243243,3.0,42.0,57.0,1,25.3,27.2,7.9,9.3,0.74,0.695
822774,2026-08-16,R,New York Yankees,Toronto Blue Jays,4,3,0,Ryan Weathers,Dylan Cease,5.0,5.0,3.4974093264248705,8.0,51.0,53.0,5.0,5.666666666666667,3.672,2.6666666666666665,37.0,39.0,1,29.8,22.3,9.8,7.2,0.755,0.783
822940,2026-08-16,R,Baltimore Orioles,Tampa Bay Rays,10,2,0,Trevor Rogers,Freddy Peralta,6.0,6.0,4.743243243243243,4.0,74.0,53.0,6.0,4.0,5.443548387096774,4.0,46.0,53.0,0,28.2,24.3,9.1,6.9,0.667,0.713
823182,2026-08-16,R,Colorado Rockies,San Francisco Giants,13,7,0,Gabriel Hughes,Blade Tidwell,6.0,5.666666666666667,4.169117647058823,3.0,36.0,45.0,6.0,4.0,4.186046511627907,4.333333333333333,53.0,67.0,0,12.8,,12.8,,0.722,0.679
823344,2026-08-16,R,Boston Red Sox,Pittsburgh Pirates,3,8,1,Patrick Sandoval,Lake Bachar,58.0,1.3333333333333333,3.3529411764705883,4.0,49.0,62.0,5.0,6.0,3.306122448979592,2.0,80.0,50.0,1,25.3,,10.1,,0.635,0.745
823590,2026-08-16,R,Washington Nationals,New York Mets,3,4,1,Jake Irvin,Christian Scott,6.0,4.0,2.9076923076923076,2.6666666666666665,62.0,49.0,5.0,3.3333333333333335,3.951219512195122,7.666666666666667,62.0,61.0,1,,15.8,,7.9,0.777,0.715
823670,2026-08-16,R,Philadelphia Phillies,Minnesota Twins,7,5,0,Andrew Painter,Dean Kremer,6.0,7.0,3.793388429752066,4.0,47.0,65.0,6.0,5.333333333333333,4.153846153846154,2.3333333333333335,69.0,50.0,0,20.1,,6.4,,0.708,0.764
823912,2026-08-16,R,Milwaukee Brewers,Los Angeles Dodgers,6,2,0,Logan Henderson,Tarik Skubal,6.0,5.0,3.6382978723404253,3.0,46.0,60.0,6.0,6.333333333333333,2.1366906474820144,3.0,47.0,53.0,0,32.2,33.3,4.4,8.1,0.77,0.734
823991,2026-08-16,R,Kansas City Royals,Los Angeles Angels,3,0,0,Noah Cameron,Ryan Johnson,5.0,4.333333333333333,4.153846153846154,1.0,40.0,46.0,6.0,5.666666666666667,4.395348837209302,2.3333333333333335,44.0,56.0,0,22.2,20.5,6.9,7.7,0.701,0.721
824156,2026-08-16,R,Seattle Mariners,Houston Astros,3,2,0,Bryan Woo,Hunter Brown,5.0,5.0,2.8125,5.0,53.0,51.0,5.0,5.0,8.590909090909092,2.0,39.0,65.0,1,28.3,27.1,7.8,4.9,0.706,0.747
824236,2026-08-16,R,Chicago White Sox,Detroit Tigers,7,5,0,Sean Burke,Drew Anderson,5.0,4.0,2.5511811023622046,4.666666666666667,66.0,33.0,5.0,7.0,4.450549450549451,3.6666666666666665,65.0,67.0,0,,22.3,,10.6,0.712,0.666
824397,2026-08-16,R,San Diego Padres,Cleveland Guardians,5,0,0,Casey Mize,Tanner Bibee,5.0,6.333333333333333,4.32824427480916,3.0,53.0,59.0,6.0,6.0,3.55688622754491,7.0,63.0,52.0,0,21.3,22.2,7.1,5.7,0.679,0.72
824477,2026-08-16,R,Miami Marlins,Cincinnati Reds,7,1,0,Eury Pérez,Nick Lodolo,5.0,4.0,5.090163934426229,3.0,49.0,58.0,5.0,7.0,4.153846153846154,4.333333333333333,49.0,46.0,1,24.3,27.3,4.8,8.3,0.723,0.656
824642,2026-08-16,R,St. Louis Cardinals,Chicago Cubs,11,4,0,Hunter Dobbins,Edward Cabrera,54.0,5.0,3.2481203007518795,3.6666666666666665,72.0,55.0,6.0,5.0,3.292682926829268,3.0,59.0,39.0,1,25.8,17.6,8.3,6.6,0.751,0.692
824880,2026-08-16,R,Arizona Diamondbacks,Atlanta Braves,3,5,1,Michael Soroka,Bryce Elder,6.0,5.0,3.6818181818181817,5.333333333333333,49.0,40.0,6.0,4.333333333333333,2.8536585365853657,3.0,56.0,43.0,0,19.3,25.1,7.5,7.7,0.721,0.764
824965,2026-08-16,R,Texas Rangers,Athletics,2,5,1,Cody Bradford,Jacob Lopez,6.0,7.0,6.75,3.0,48.0,82.0,5.0,7.0,4.875,3.3333333333333335,43.0,55.0,1,28.3,,9.3,,0.74,0.653
822939,2026-08-17,R,Baltimore Orioles,Tampa Bay Rays,6,7,1,Brandon Young,Shane McClanahan,18.0,3.0,5.073825503355705,4.333333333333333,75.0,54.0,6.0,6.0,4.137096774193548,3.0,56.0,47.0,0,,18.4,,8.6,0.735,0.661
823343,2026-08-17,R,Detroit Tigers,Pittsburgh Pirates,8,5,0,Framber Valdez,Carmen Mlodzinski,5.0,2.3333333333333335,3.3529411764705883,6.0,55.0,55.0,5.0,5.666666666666667,3.3230769230769233,4.0,60.0,40.0,0,21.2,23.3,6.4,8.5,0.635,0.712
823427,2026-08-17,R,Miami Marlins,Philadelphia Phillies,5,6,1,Janson Junk,Cristopher Sánchez,6.0,6.0,4.068493150684931,4.0,68.0,55.0,5.0,6.0,4.384615384615385,3.0,54.0,47.0,0,26.3,17.2,5.5,2.9,0.764,0.656
823589,2026-08-17,R,San Diego Padres,New York Mets,1,2,1,Walker Buehler,Nolan McLean,6.0,6.0,2.7857142857142856,2.6666666666666665,66.0,50.0,6.0,6.0,3.0759493670886076,3.0,63.0,48.0,0,30.3,16.3,8.5,10.6,0.777,0.72
823668,2026-08-17,R,Atlanta Braves,Minnesota Twins,2,4,1,Martín Pérez,Bailey Ober,6.0,6.0,3.456,3.6666666666666665,46.0,65.0,6.0,6.0,4.285714285714286,3.0,50.0,41.0,0,19.2,19.3,5.0,9.6,0.706,0.721
824077,2026-08-17,R,Athletics,Kansas City Royals,5,9,1,Mason Barnett,Michael Wacha,6.0,6.666666666666667,4.05,0.0,46.0,48.0,6.0,4.0,6.024793388429752,3.0,53.0,73.0,0,17.6,17.3,6.3,10.6,0.721,0.752
824320,2026-08-17,R,Los Angeles Dodgers,Colorado Rockies,11,5,0,Blake Snell,Tomoyuki Sugano,6.0,6.0,3.75,5.0,58.0,73.0,6.0,6.0,3.9160305343511452,3.0,44.0,58.0,0,15.7,28.3,5.3,10.2,0.679,0.77
824514,2026-08-17,R,St. Louis Cardinals,Cincinnati Reds,2,1,0,Quinn Mathews,Kent Emanuel,,,6.048,4.0,40.0,63.0,16.0,5.0,3.4285714285714284,4.0,65.0,42.0,0,,,,,0.653,0.695
824641,2026-08-17,R,Chicago White Sox,Chicago Cubs,5,7,1,Luis Castillo,Shota Imanaga,6.0,4.666666666666667,3.857142857142857,5.333333333333333,75.0,64.0,5.0,7.0,4.308510638297872,4.666666666666667,63.0,71.0,0,20.6,21.7,4.6,6.2,0.751,0.699
824725,2026-08-17,R,Arizona Diamondbacks,Boston Red Sox,1,11,1,Mitch Bratt,Alec Gamboa,,,3.261744966442953,4.0,75.0,54.0,6.0,6.0,3.5702479338842976,2.3333333333333335,59.0,43.0,0,,,,,0.743,0.742
824478,2026-08-17,R,St. Louis Cardinals,Cincinnati Reds,5,6,1,Andre Pallante,Rhett Lowder,5.0,5.333333333333333,5.518248175182482,4.0,41.0,65.0,6.0,6.0,3.0638297872340425,4.0,67.0,43.0,0,,15.5,,8.7,0.723,0.692
822859,2026-08-18,R,Washington Nationals,Texas Rangers,0,5,1,Jackson Kent,Cal Quantrill,6.0,5.0,4.467625899280575,0.0,41.0,48.0,6.0,4.0,3.3962264150943398,0.0,60.0,55.0,0,16.6,,6.8,,0.653,0.715
822938,2026-08-18,R,Toronto Blue Jays,Tampa Bay Rays,10,5,0,José Soriano,Nick Martinez,7.0,9.0,4.2993630573248405,5.666666666666667,69.0,51.0,6.0,6.0,3.6486486486486487,0.0,50.0,51.0,0,17.0,21.0,6.1,10.8,0.735,0.763
823341,2026-08-18,R,Detroit Tigers,Pittsburgh Pirates,1,4,1,Keider Montero,Braxton Ashcraft,5.0,9.0,3.857142857142857,6.0,56.0,60.0,5.0,6.333333333333333,3.085714285714286,3.3333333333333335,68.0,45.0,0,24.3,18.5,8.2,8.0,0.662,0.712
823423,2026-08-18,R,Miami Marlins,Philadelphia Phillies,4,6,1,Cade Gibson,Zack Wheeler,6.0,5.0,4.808219178082192,3.0,68.0,57.0,430.0,1.0,4.714285714285714,3.0,59.0,53.0,1,33.3,18.7,5.6,9.1,0.747,0.729
823586,2026-08-18,R,San Diego Padres,New York Mets,5,2,0,Robbie Ray,Zac Thornton,6.0,6.0,2.6,3.0,68.0,51.0,6.0,4.0,2.7870967741935484,2.0,63.0,45.0,1,,24.6,,9.7,0.696,0.691
823667,2026-08-18,R,Atlanta Braves,Minnesota Twins,1,4,1,Tyler Mahle,Zebby Matthews,6.0,5.0,3.1079136690647484,4.666666666666667,50.0,67.0,6.0,6.0,4.0,3.0,52.0,45.0,1,24.9,19.1,6.8,8.4,0.708,0.721
823749,2026-08-18,R,Seattle Mariners,Milwaukee Brewers,0,22,1,Bryce Miller,Kyle Harrison,7.0,4.666666666666667,2.3951612903225805,0.0,50.0,48.0,6.0,6.0,7.168141592920354,0.0,35.0,61.0,0,24.4,18.9,9.0,8.7,0.737,0.727
824075,2026-08-18,R,Athletics,Kansas City Royals,3,4,1,Brady Basso,Daniel Lynch IV,6.0,2.3333333333333335,3.8863636363636362,4.0,55.0,53.0,24.0,2.3333333333333335,5.912408759124087,5.333333333333333,58.0,82.0,1,15.6,14.3,9.0,16.1,0.659,0.74
824154,2026-08-18,R,Los Angeles Angels,Houston Astros,3,1,0,George Klassen,Cristian Javier,9.0,5.0,2.9562043795620436,0.0,47.0,48.0,6.0,6.0,4.096551724137931,0.0,37.0,49.0,0,21.7,,9.6,,0.706,0.693
824319,2026-08-18,R,Los Angeles Dodgers,Colorado Rockies,7,6,0,Eric Lauer,Ryan Feltner,6.0,5.0,3.9130434782608696,4.0,54.0,71.0,6.0,6.333333333333333,3.9767441860465116,3.0,50.0,53.0,0,18.5,23.9,8.9,6.1,0.679,0.77
824398,2026-08-18,R,San Francisco Giants,Cleveland Guardians,1,8,1,Carson Whisenhunt,Foster Griffin,6.0,5.0,4.776923076923077,0.0,48.0,64.0,7.0,5.666666666666667,5.564885496183206,0.0,34.0,52.0,0,,15.7,,11.8,0.647,0.631
824475,2026-08-18,R,St. Louis Cardinals,Cincinnati Reds,3,0,0,Kyle Leahy,Andrew Abbott,5.0,4.333333333333333,5.326530612244898,7.333333333333333,47.0,70.0,6.0,5.0,2.3823529411764706,8.0,59.0,42.0,0,21.8,22.0,6.3,7.7,0.723,0.695
824639,2026-08-18,R,Chicago White Sox,Chicago Cubs,3,4,1,Bryan Hudson,Kevin Gausman,5.0,4.666666666666667,4.096551724137931,4.0,72.0,64.0,38.0,1.0,4.298507462686567,4.333333333333333,68.0,78.0,1,24.4,25.3,6.5,17.3,0.751,0.666
824723,2026-08-18,R,Arizona Diamondbacks,Boston Red Sox,4,9,1,Merrill Kelly,Ranger Suarez,6.0,5.0,2.9825581395348837,7.666666666666667,86.0,55.0,6.0,5.0,4.604651162790698,5.0,55.0,53.0,1,23.2,22.3,5.8,6.4,0.745,0.742
824803,2026-08-18,R,New York Yankees,Baltimore Orioles,3,1,0,Carlos Rodón,Shane Baz,6.0,3.0,4.367647058823529,4.0,62.0,54.0,51.0,5.0,2.057142857142857,0.0,32.0,28.0,0,24.8,25.7,9.0,9.3,0.661,0.783
822860,2026-08-19,R,Washington Nationals,Texas Rangers,6,0,0,Cade Cavalli,Kumar Rocker,5.0,5.0,3.9705882352941178,2.0,41.0,44.0,6.0,8.0,2.8993288590604025,4.333333333333333,60.0,55.0,1,19.5,18.3,8.0,6.8,0.695,0.715
822937,2026-08-19,R,Toronto Blue Jays,Tampa Bay Rays,6,7,1,Max Scherzer,Drew Rasmussen,7.0,5.0,5.185430463576159,5.333333333333333,65.0,54.0,6.0,5.0,3.0508474576271185,3.3333333333333335,58.0,49.0,0,21.7,22.9,6.3,6.4,0.735,0.763
823342,2026-08-19,R,Detroit Tigers,Pittsburgh Pirates,3,4,1,Jackson Jobe,Paul Skenes,8.0,5.0,3.9078947368421053,1.0,58.0,57.0,5.0,3.6666666666666665,3.2097902097902096,3.0,61.0,49.0,0,29.5,17.9,5.7,12.4,0.662,0.712
823424,2026-08-19,R,Miami Marlins,Philadelphia Phillies,1,4,1,Sandy Alcantara,Aaron Nola,6.0,5.0,4.529032258064516,4.0,69.0,61.0,5.0,7.0,4.821428571428571,6.666666666666667,61.0,55.0,1,24.0,19.1,6.9,7.7,0.764,0.729
823587,2026-08-19,R,San Diego Padres,New York Mets,2,4,1,Michael King,Robert Stock,5.0,4.333333333333333,2.9347826086956523,4.0,64.0,54.0,5.0,6.0,2.264516129032258,3.0,59.0,43.0,1,6.7,24.7,26.7,8.4,0.777,0.72
823664,2026-08-19,R,Atlanta Braves,Minnesota Twins,4,6,1,AJ Smith-Shawver,Taj Bradley,6.0,4.0,2.4893617021276597,3.3333333333333335,52.0,60.0,21.0,4.333333333333333,4.153846153846154,1.3333333333333333,49.0,47.0,1,21.0,22.0,9.3,10.5,0.708,0.721
823748,2026-08-19,R,Seattle Mariners,Milwaukee Brewers,7,5,0,Logan Gilbert,Dustin May,7.0,7.0,2.338582677165354,4.0,68.0,46.0,6.0,6.0,9.236842105263158,3.3333333333333335,35.0,75.0,1,21.1,32.3,9.6,5.8,0.737,0.747
824076,2026-08-19,R,Athletics,Kansas City Royals,7,9,1,Jeffrey Springs,Seth Lugo,5.0,4.666666666666667,4.0,5.0,51.0,54.0,19.0,4.0,5.58,6.333333333333333,57.0,81.0,1,20.5,19.4,9.0,7.6,0.659,0.752
824155,2026-08-19,R,Los Angeles Angels,Houston Astros,2,3,1,Walbert Ureña,Ethan Pecko,,,3.020979020979021,5.0,41.0,49.0,6.0,6.0,4.013513513513513,2.0,39.0,47.0,0,,,,,0.706,0.693
824318,2026-08-19,R,Los Angeles Dodgers,Colorado Rockies,6,4,0,Roki Sasaki,Kyle Freeland,5.0,8.0,3.4511278195488724,4.0,53.0,69.0,6.0,6.0,3.6,4.0,56.0,54.0,0,17.5,17.4,5.4,13.7,0.679,0.765
824394,2026-08-19,R,San Francisco Giants,Cleveland Guardians,1,0,0,Matt Wilkinson,Parker Messick,6.0,5.666666666666667,4.677165354330708,3.0,54.0,59.0,,,4.909090909090909,4.0,31.0,55.0,1,23.0,,3.6,,0.647,0.631
824476,2026-08-19,R,St. Louis Cardinals,Cincinnati Reds,4,5,1,Matthew Liberatore,Chase Burns,5.0,7.0,5.5479452054794525,2.6666666666666665,42.0,69.0,5.0,5.333333333333333,2.265734265734266,4.0,62.0,40.0,0,35.6,18.8,8.5,6.2,0.653,0.692
824640,2026-08-19,R,Chicago White Sox,Chicago Cubs,3,0,0,Sean Newcomb,Clay Holmes,5.0,6.666666666666667,3.9865771812080535,4.666666666666667,71.0,66.0,5.0,1.3333333333333333,3.7674418604651163,7.666666666666667,69.0,68.0,1,18.2,23.3,9.3,7.9,0.751,0.666
824722,2026-08-19,R,Arizona Diamondbacks,Boston Red Sox,7,6,0,Brandon Pfaadt,Payton Tolle,6.0,8.0,3.0,3.6666666666666665,81.0,57.0,5.0,7.0,4.740458015267175,4.0,55.0,53.0,1,25.7,19.2,10.8,4.8,0.745,0.742
824801,2026-08-19,R,New York Yankees,Baltimore Orioles,5,3,0,Will Warren,Chris Bassitt,5.0,5.333333333333333,4.4,2.6666666666666665,60.0,56.0,7.0,4.0,1.945945945945946,5.0,33.0,29.0,0,22.6,24.1,7.1,9.1,0.713,0.783
822861,2026-08-20,R,Washington Nationals,Texas Rangers,0,2,1,Andrew Alvarez,Jacob deGrom,7.0,2.0,4.634328358208955,4.0,35.0,50.0,6.0,5.666666666666667,2.872340425531915,3.0,56.0,51.0,1,27.7,20.4,5.5,10.2,0.653,0.715
822934,2026-08-20,R,Toronto Blue Jays,Tampa Bay Rays,5,1,0,Shane Bieber,Ian Seymour,5.0,6.0,5.294117647058823,4.0,68.0,60.0,6.0,6.0,3.1578947368421053,4.0,59.0,52.0,0,26.4,23.3,7.9,4.4,0.735,0.755
823747,2026-08-20,R,Seattle Mariners,Milwaukee Brewers,4,7,1,George Kirby,Robert Gasser,6.0,6.333333333333333,1.786764705882353,7.0,69.0,51.0,6.0,4.666666666666667,8.775,4.0,38.0,78.0,1,17.2,26.1,13.8,5.5,0.737,0.727
824074,2026-08-20,R,Athletics,Kansas City Royals,2,6,1,Gage Jump,Randy Dobnak,5.0,5.666666666666667,4.212765957446808,3.0,58.0,60.0,6.0,5.333333333333333,6.75,2.3333333333333335,62.0,87.0,1,5.3,,10.5,,0.659,0.752
824153,2026-08-20,R,Los Angeles Angels,Houston Astros,18,3,0,Grayson Rodriguez,Peter Lambert,6.0,5.0,2.7551020408163267,5.333333333333333,40.0,46.0,6.0,4.0,3.7241379310344827,3.0,39.0,45.0,0,,,,,0.706,0.693
824395,2026-08-20,R,San Francisco Giants,Cleveland Guardians,2,5,1,Landen Roupp,Gavin Williams,6.0,4.333333333333333,4.909090909090909,2.3333333333333335,49.0,54.0,6.0,5.666666666666667,4.273381294964029,7.0,32.0,49.0,1,24.6,21.4,11.8,9.5,0.679,0.722
824474,2026-08-20,R,St. Louis Cardinals,Cincinnati Reds,10,9,0,Michael McGreevy,Brady Singer,5.0,6.0,5.798657718120805,4.0,44.0,71.0,5.0,6.0,2.739130434782609,2.0,63.0,44.0,0,22.8,14.5,8.4,5.0,0.723,0.692
824589,2026-08-20,R,Atlanta Braves,Chicago White Sox,2,0,0,Grant Holmes,Anthony Kay,5.0,5.333333333333333,3.48,7.0,72.0,64.0,5.0,3.6666666666666665,4.4,3.6666666666666665,49.0,52.0,0,,25.0,,11.0,0.666,0.716
824802,2026-08-20,R,New York Yankees,Baltimore Orioles,6,1,0,Gerrit Cole,Kyle Bradish,5.0,6.0,4.764705882352941,3.3333333333333335,58.0,59.0,6.0,6.0,2.1130434782608694,5.0,37.0,29.0,0,37.3,,7.9,,0.713,0.783
822857,2026-08-21,R,Los Angeles Angels,Texas Rangers,1,2,1,Reid Detmers,MacKenzie Gore,6.0,5.666666666666667,4.3426573426573425,3.0,37.0,50.0,6.0,8.0,4.108695652173913,2.0,53.0,47.0,0,27.2,30.1,9.3,9.4,0.653,0.701
823101,2026-08-21,R,Chicago Cubs,Seattle Mariners,5,6,1,Matthew Boyd,Emerson Hancock,6.0,7.0,7.524590163934426,4.666666666666667,42.0,74.0,6.0,5.333333333333333,3.7384615384615385,0.0,61.0,61.0,0,16.6,21.4,8.1,5.8,0.727,0.751
823262,2026-08-21,R,Minnesota Twins,San Diego Padres,2,6,1,Connor Prielipp,Randy Vásquez,12.0,5.0,2.4923076923076923,0.0,52.0,36.0,6.0,5.0,3.0,0.0,53.0,59.0,0,13.7,,9.1,,0.691,0.708
823420,2026-08-21,R,St. Louis Cardinals,Philadelphia Phillies,6,7,1,Hunter Dobbins,Jesús Luzardo,6.0,6.666666666666667,3.796875,0.0,62.0,49.0,5.0,5.0,3.6241610738255035,3.6666666666666665,73.0,53.0,0,28.5,17.6,7.5,6.6,0.764,0.695
823510,2026-08-21,R,Toronto Blue Jays,New York Yankees,1,3,1,Mason Fluharty,Cam Schlittler,6.0,5.333333333333333,1.9596774193548387,3.0,43.0,30.0,78.0,1.3333333333333333,2.910179640718563,2.0,62.0,50.0,0,27.6,26.0,10.2,11.2,0.797,0.763
823746,2026-08-21,R,Atlanta Braves,Milwaukee Brewers,1,2,1,Chris Sale,Jacob Misiorowski,6.0,6.0,1.6993006993006994,5.333333333333333,71.0,53.0,7.0,6.0,4.071428571428571,3.0,40.0,49.0,0,32.0,32.4,11.0,6.3,0.734,0.721
823830,2026-08-21,R,Washington Nationals,Miami Marlins,2,3,1,Brad Lord,Ryan Gusto,6.0,4.666666666666667,4.426229508196721,0.0,58.0,44.0,6.0,0.6666666666666666,2.872340425531915,3.0,53.0,46.0,0,21.4,19.8,7.9,7.9,0.729,0.715
823911,2026-08-21,R,Pittsburgh Pirates,Los Angeles Dodgers,4,5,1,Bubba Chandler,Yoshinobu Yamamoto,7.0,6.0,3.717391304347826,0.0,56.0,51.0,7.0,5.0,3.6486486486486487,0.0,58.0,51.0,0,29.4,25.0,8.6,3.2,0.77,0.662
824072,2026-08-21,R,Detroit Tigers,Kansas City Royals,2,5,1,Troy Melton,Noah Cameron,5.0,9.0,3.8835616438356166,5.0,61.0,58.0,6.0,4.333333333333333,3.2238805970149254,0.0,51.0,49.0,0,20.5,20.0,7.7,8.3,0.721,0.774
824152,2026-08-21,R,Athletics,Houston Astros,0,4,1,J.T. Ginn,Hayden Wesneski,6.0,4.0,3.9754601226993866,5.333333333333333,43.0,64.0,6.0,6.0,6.704697986577181,4.0,59.0,87.0,0,22.1,25.3,4.6,7.9,0.706,0.752
824317,2026-08-21,R,Cleveland Guardians,Colorado Rockies,9,1,0,Joey Cantillo,Tanner Gordon,42.0,5.0,3.2785714285714285,0.0,57.0,71.0,6.0,6.0,3.2586206896551726,3.3333333333333335,48.0,43.0,0,18.4,26.9,5.0,10.5,0.679,0.679
824559,2026-08-21,R,New York Mets,Chicago White Sox,4,6,1,Sean Manaea,Sean Burke,5.0,4.333333333333333,3.3588516746411483,3.0,61.0,54.0,6.0,6.333333333333333,3.24,0.0,49.0,45.0,0,22.3,28.5,10.6,4.6,0.699,0.777
824721,2026-08-21,R,San Francisco Giants,Boston Red Sox,4,6,1,Logan Webb,Sonny Gray,6.0,7.0,3.489795918367347,0.0,71.0,53.0,6.0,6.0,4.040816326530612,2.6666666666666665,34.0,54.0,0,26.7,26.2,5.0,5.4,0.745,0.722
824800,2026-08-21,R,Tampa Bay Rays,Baltimore Orioles,3,5,1,Freddy Peralta,Trevor Rogers,5.0,6.0,4.909090909090909,3.3333333333333335,58.0,61.0,5.0,4.666666666666667,5.236363636363636,4.0,69.0,65.0,0,24.3,28.2,6.9,9.1,0.713,0.667
825045,2026-08-21,R,Cincinnati Reds,Arizona Diamondbacks,0,9,1,Nick Lodolo,Eduardo Rodriguez,6.0,6.0,3.762295081967213,0.0,51.0,50.0,5.0,5.0,5.364238410596027,3.0,47.0,76.0,0,20.6,24.3,8.6,4.8,0.742,0.653
822858,2026-08-22,R,Los Angeles Angels,Texas Rangers,3,0,0,Ryan Johnson,Cody Bradford,6.0,4.0,4.3125,4.0,37.0,50.0,6.0,5.333333333333333,3.828358208955224,3.6666666666666665,50.0,46.0,1,,22.2,,6.9,0.695,0.701
823100,2026-08-22,R,Chicago Cubs,Seattle Mariners,4,5,1,David Peterson,Kade Anderson,,,7.59375,4.333333333333333,47.0,77.0,10.0,5.0,3.2,3.6666666666666665,60.0,63.0,1,,20.7,,9.0,0.727,0.751
823261,2026-08-22,R,Minnesota Twins,San Diego Padres,5,7,1,Dean Kremer,Casey Mize,6.0,6.0,2.1774193548387095,2.0,55.0,32.0,6.0,5.333333333333333,3.13953488372093,2.0,47.0,59.0,1,22.2,20.1,5.7,6.4,0.72,0.708
823422,2026-08-22,R,St. Louis Cardinals,Philadelphia Phillies,3,12,1,Quinn Mathews,Andrew Painter,6.0,5.0,3.5307692307692307,4.333333333333333,65.0,50.0,5.0,4.0,4.0855263157894735,5.0,76.0,58.0,1,,,,,0.747,0.692
823509,2026-08-22,R,Toronto Blue Jays,New York Yankees,4,3,0,Dylan Cease,Ryan Weathers,6.0,7.333333333333333,1.5491803278688525,3.0,43.0,29.0,6.0,6.333333333333333,3.0681818181818183,7.333333333333333,58.0,49.0,1,22.3,29.8,7.2,9.8,0.783,0.755
823743,2026-08-22,R,Atlanta Braves,Milwaukee Brewers,1,4,1,Martín Pérez,Logan Henderson,6.0,7.0,1.542857142857143,3.0,67.0,46.0,5.0,5.0,3.793388429752066,2.0,39.0,48.0,1,33.3,19.3,8.1,9.6,0.734,0.721
823831,2026-08-22,R,Washington Nationals,Miami Marlins,2,4,1,Jake Irvin,Eury Pérez,6.0,6.0,4.868852459016393,5.0,58.0,42.0,6.0,6.0,3.2837837837837838,5.333333333333333,50.0,46.0,1,27.3,15.8,8.3,7.9,0.729,0.715
823910,2026-08-22,R,Pittsburgh Pirates,Los Angeles Dodgers,3,4,1,Jared Jones,Tarik Skubal,6.0,6.0,3.612676056338028,3.6666666666666665,58.0,51.0,7.0,5.0,3.489795918367347,5.666666666666667,58.0,50.0,1,32.2,,4.4,,0.77,0.635
824073,2026-08-22,R,Detroit Tigers,Kansas City Royals,1,3,1,Drew Anderson,Michael Wacha,5.0,5.0,4.169117647058823,4.0,62.0,54.0,6.0,5.0,3.6,2.3333333333333335,51.0,49.0,1,17.6,,6.3,,0.721,0.712
824151,2026-08-22,R,Athletics,Houston Astros,4,3,0,Jacob Lopez,Hunter Brown,6.0,5.0,4.0,4.0,41.0,61.0,6.0,6.0,6.041958041958042,3.0,58.0,78.0,1,28.3,28.3,7.8,9.3,0.74,0.752
824316,2026-08-22,R,Cleveland Guardians,Colorado Rockies,4,3,0,Tanner Bibee,Gabriel Hughes,6.0,4.0,3.965034965034965,3.6666666666666665,56.0,77.0,6.0,6.0,3.073170731707317,4.333333333333333,49.0,42.0,0,,21.3,,7.1,0.679,0.679
824560,2026-08-22,R,New York Mets,Chicago White Sox,10,5,0,Christian Scott,Luis Castillo,5.0,4.666666666666667,2.8125,3.0,65.0,50.0,6.0,6.333333333333333,2.9008264462809916,2.6666666666666665,47.0,47.0,1,21.7,,6.2,,0.666,0.777
824718,2026-08-22,R,San Francisco Giants,Boston Red Sox,2,3,1,Blade Tidwell,Patrick Sandoval,6.0,4.0,3.489795918367347,3.0,64.0,56.0,6.0,4.333333333333333,4.273381294964029,5.333333333333333,33.0,58.0,1,,12.8,,12.8,0.745,0.631
824798,2026-08-22,R,Tampa Bay Rays,Baltimore Orioles,2,3,1,Shane McClanahan,Brandon Young,5.0,4.0,4.695652173913044,2.0,62.0,62.0,5.0,3.3333333333333335,5.166666666666667,1.0,70.0,69.0,1,18.4,,8.6,,0.661,0.735
825044,2026-08-22,R,Cincinnati Reds,Arizona Diamondbacks,11,5,0,Rhett Lowder,Michael Soroka,6.0,5.666666666666667,3.319672131147541,3.3333333333333335,56.0,47.0,5.0,6.666666666666667,5.732876712328767,4.666666666666667,44.0,80.0,1,25.1,,7.7,,0.764,0.723
822856,2026-08-23,R,Los Angeles Angels,Texas Rangers,3,5,1,Yusei Kikuchi,Cal Quantrill,5.0,7.0,4.531468531468532,3.6666666666666665,32.0,52.0,116.0,2.0,3.5121951219512195,2.0,53.0,39.0,1,16.6,22.5,6.8,9.6,0.653,0.693
823099,2026-08-23,R,Chicago Cubs,Seattle Mariners,19,2,0,Shota Imanaga,Bryce Miller,5.0,4.666666666666667,7.928571428571429,3.3333333333333335,50.0,78.0,6.0,6.0,3.50381679389313,2.6666666666666665,61.0,62.0,1,18.9,20.6,8.7,4.6,0.727,0.751
823258,2026-08-23,R,Minnesota Twins,San Diego Padres,1,8,1,Bailey Ober,Walker Buehler,6.0,6.0,2.014925373134328,6.333333333333333,59.0,35.0,6.0,4.333333333333333,3.375,2.6666666666666665,49.0,62.0,1,16.3,19.2,10.6,5.0,0.72,0.708
823421,2026-08-23,R,St. Louis Cardinals,Philadelphia Phillies,4,6,1,Kyle Leahy,Cristopher Sánchez,6.0,6.0,3.6610169491525424,2.0,72.0,46.0,5.0,5.0,4.530201342281879,3.0,73.0,62.0,1,26.3,22.0,5.5,7.7,0.764,0.695
823507,2026-08-23,R,Toronto Blue Jays,New York Yankees,3,8,1,José Soriano,Carlos Rodón,5.0,4.0,1.4210526315789473,5.666666666666667,41.0,29.0,5.0,5.666666666666667,3.253012048192771,2.3333333333333335,55.0,47.0,1,25.7,21.0,9.3,10.8,0.783,0.755
823745,2026-08-23,R,Atlanta Braves,Milwaukee Brewers,4,2,0,Tyler Mahle,Shane Drohan,10.0,5.333333333333333,1.588235294117647,3.0,67.0,44.0,5.0,6.666666666666667,3.188976377952756,4.0,36.0,47.0,1,,19.1,,8.4,0.737,0.716
823827,2026-08-23,R,Washington Nationals,Miami Marlins,2,6,1,Jackson Kent,Janson Junk,6.0,5.0,4.640625,4.0,55.0,44.0,5.0,3.6666666666666665,3.2097902097902096,2.0,44.0,48.0,1,17.2,,2.9,,0.656,0.715
823909,2026-08-23,R,Pittsburgh Pirates,Los Angeles Dodgers,0,4,1,Lake Bachar,Blake Snell,6.0,6.0,3.6,2.0,60.0,53.0,7.0,3.0,3.78,4.0,52.0,54.0,1,28.3,25.3,10.2,10.1,0.77,0.635
824071,2026-08-23,R,Detroit Tigers,Kansas City Royals,7,11,1,Jacob Waguespack,Daniel Lynch IV,5.0,4.0,4.2631578947368425,2.0,59.0,52.0,,,3.6818181818181817,3.0,44.0,52.0,1,15.6,,9.0,,0.721,0.774
824150,2026-08-23,R,Athletics,Houston Astros,7,6,0,Brady Basso,Cristian Javier,5.0,4.0,4.47239263803681,3.3333333333333335,42.0,62.0,5.0,2.3333333333333335,6.230769230769231,3.0,55.0,78.0,1,21.7,14.3,9.6,16.1,0.74,0.752
824315,2026-08-23,R,Cleveland Guardians,Colorado Rockies,7,2,0,Foster Griffin,Tomoyuki Sugano,6.0,5.0,3.6382978723404253,4.0,51.0,75.0,5.0,6.0,2.376,3.0,50.0,39.0,0,15.7,,5.3,,0.679,0.679
824558,2026-08-23,R,New York Mets,Chicago White Sox,1,2,1,Nolan McLean,Sean Newcomb,4.0,2.0,3.3415841584158414,6.333333333333333,64.0,57.0,6.0,6.0,2.9495798319327733,4.333333333333333,57.0,43.0,1,23.3,30.3,7.9,8.5,0.666,0.696
824720,2026-08-23,R,San Francisco Giants,Boston Red Sox,4,5,1,Matt Wilkinson,Jake Bennett,9.0,4.0,2.958904109589041,3.3333333333333335,64.0,51.0,4.0,2.0,3.573529411764706,2.6666666666666665,35.0,53.0,1,,,,,0.743,0.631
824799,2026-08-23,R,Tampa Bay Rays,Baltimore Orioles,3,1,0,Nick Martinez,Shane Baz,5.0,6.333333333333333,3.910344827586207,4.333333333333333,64.0,59.0,5.0,3.6666666666666665,5.543046357615894,4.0,69.0,70.0,1,24.8,17.0,9.0,6.1,0.713,0.735
825043,2026-08-23,R,Cincinnati Reds,Arizona Diamondbacks,3,5,1,Andrew Abbott,Mitch Bratt,6.0,3.0,3.9461538461538463,5.666666666666667,60.0,56.0,5.0,6.333333333333333,5.326530612244898,3.0,53.0,77.0,1,,21.8,,6.3,0.742,0.653
822695,2026-08-24,R,Colorado Rockies,Washington Nationals,3,13,1,Ryan Feltner,Cade Cavalli,5.0,6.0,4.029850746268656,3.3333333333333335,39.0,53.0,6.0,5.0,3.2837837837837838,6.0,49.0,75.0,0,18.3,18.5,6.8,8.9,0.715,0.679
823097,2026-08-24,R,Philadelphia Phillies,Seattle Mariners,2,9,1,Zack Wheeler,Logan Gilbert,5.0,5.0,10.204724409448819,4.666666666666667,51.0,93.0,6.0,5.0,3.190909090909091,2.3333333333333335,71.0,44.0,0,32.3,33.3,5.8,5.6,0.747,0.764
823183,2026-08-24,R,Cincinnati Reds,San Francisco Giants,0,5,1,Chase Burns,Carson Whisenhunt,6.0,4.0,3.3986013986013988,4.333333333333333,38.0,55.0,5.0,5.0,4.775510204081633,2.0,55.0,75.0,0,15.7,35.6,11.8,8.5,0.722,0.653
823260,2026-08-24,R,Pittsburgh Pirates,San Diego Padres,3,2,0,Braxton Ashcraft,Robbie Ray,6.0,6.0,2.0610687022900764,3.0,60.0,34.0,6.0,8.0,3.78,6.0,51.0,47.0,0,24.6,24.3,9.7,8.2,0.72,0.635
823828,2026-08-24,R,Boston Red Sox,Miami Marlins,4,2,0,Ranger Suarez,Sandy Alcantara,5.0,6.0,4.714285714285714,4.333333333333333,49.0,43.0,6.0,5.333333333333333,2.7421875,2.0,66.0,51.0,0,19.1,23.2,7.7,5.8,0.656,0.745
823992,2026-08-24,R,Cleveland Guardians,Los Angeles Angels,4,2,0,Parker Messick,George Klassen,6.0,7.0,2.025,3.0,53.0,32.0,5.0,6.666666666666667,1.6293103448275863,4.0,54.0,36.0,0,,23.0,,3.6,0.701,0.679
824235,2026-08-24,R,Tampa Bay Rays,Detroit Tigers,4,1,0,Drew Rasmussen,Framber Valdez,7.0,5.666666666666667,5.207142857142857,6.666666666666667,48.0,62.0,5.0,5.0,5.7218543046357615,3.0,68.0,70.0,0,23.3,21.7,8.5,6.3,0.712,0.667
824557,2026-08-24,R,Texas Rangers,Chicago White Sox,11,2,0,Kumar Rocker,José Urquidy,,,3.391959798994975,7.0,61.0,55.0,5.0,5.0,4.634328358208955,3.0,32.0,45.0,0,21.4,19.5,21.4,8.0,0.666,0.695
824964,2026-08-24,R,Minnesota Twins,Athletics,9,6,0,Zebby Matthews,Jeffrey Springs,5.0,5.666666666666667,5.810126582278481,8.0,58.0,81.0,6.0,5.666666666666667,5.008064516129032,3.0,47.0,66.0,0,19.4,24.9,7.6,6.8,0.752,0.706
825041,2026-08-24,R,Chicago Cubs,Arizona Diamondbacks,7,0,0,Kevin Gausman,Merrill Kelly,6.0,4.0,3.612676056338028,6.0,61.0,57.0,6.0,4.333333333333333,3.143835616438356,7.0,70.0,62.0,0,22.3,24.4,6.4,6.5,0.764,0.751
822693,2026-08-25,R,Colorado Rockies,Washington Nationals,3,1,0,Mason Adams,Andrew Alvarez,5.0,5.0,3.965034965034965,3.0,52.0,56.0,,,4.153846153846154,2.3333333333333335,52.0,79.0,1,20.4,,10.2,,0.715,0.679
822773,2026-08-25,R,Kansas City Royals,Toronto Blue Jays,5,3,0,Seth Lugo,Max Scherzer,6.0,4.0,3.965034965034965,0.0,50.0,47.0,6.0,6.0,3.5859375,0.0,63.0,43.0,0,22.9,20.5,6.4,9.0,0.763,0.721
823016,2026-08-25,R,Baltimore Orioles,St. Louis Cardinals,13,1,0,Chris Bassitt,Matthew Liberatore,6.0,6.0,5.170212765957447,0.0,65.0,58.0,6.0,5.666666666666667,2.592,0.0,50.0,48.0,0,18.8,22.6,6.2,7.1,0.692,0.661
823098,2026-08-25,R,Philadelphia Phillies,Seattle Mariners,1,4,1,Aaron Nola,George Kirby,5.0,3.3333333333333335,9.323741007194245,4.0,60.0,95.0,6.0,7.0,2.675675675675676,4.0,67.0,48.0,1,26.1,24.0,5.5,6.9,0.747,0.764
823181,2026-08-25,R,Cincinnati Reds,San Francisco Giants,1,3,1,Brady Singer,Adrian Houser,13.0,6.0,2.5369127516778525,6.333333333333333,40.0,49.0,5.0,6.0,4.3875,4.333333333333333,55.0,80.0,1,17.8,22.8,7.3,8.4,0.722,0.723
823259,2026-08-25,R,Pittsburgh Pirates,San Diego Padres,1,0,0,Paul Skenes,Michael King,6.0,6.666666666666667,1.9014084507042253,6.666666666666667,59.0,35.0,6.0,4.333333333333333,3.5357142857142856,6.0,54.0,49.0,0,24.7,29.5,8.4,5.7,0.72,0.662
823505,2026-08-25,R,Houston Astros,New York Yankees,9,7,0,Ethan Pecko,Will Warren,6.0,4.0,1.5539568345323742,0.0,48.0,30.0,6.0,3.6666666666666665,4.725,0.0,40.0,59.0,0,24.1,,9.1,,0.783,0.706
823585,2026-08-25,R,Milwaukee Brewers,New York Mets,2,3,1,Kyle Harrison,Zac Thornton,7.0,5.0,3.6,0.0,39.0,39.0,7.0,5.0,1.8549618320610688,0.0,63.0,42.0,0,,24.4,,9.0,0.696,0.734
823826,2026-08-25,R,Boston Red Sox,Miami Marlins,7,3,0,Payton Tolle,Tyler Phillips,12.0,5.333333333333333,5.113636363636363,2.0,51.0,47.0,6.0,5.0,2.8208955223880596,4.0,69.0,51.0,0,16.6,25.7,7.7,10.8,0.656,0.745
823989,2026-08-25,R,Cleveland Guardians,Los Angeles Angels,8,6,0,Gavin Williams,Walbert Ureña,6.0,5.0,1.815126050420168,3.6666666666666665,54.0,32.0,5.0,5.666666666666667,1.728,3.0,58.0,38.0,0,,24.6,,11.8,0.693,0.679
824233,2026-08-25,R,Tampa Bay Rays,Detroit Tigers,1,4,1,Casey Legumina,Jackson Jobe,6.0,5.333333333333333,4.89261744966443,3.0,49.0,66.0,17.0,1.3333333333333333,5.185430463576159,3.0,62.0,65.0,0,17.9,25.1,12.4,11.4,0.712,0.735
824556,2026-08-25,R,Texas Rangers,Chicago White Sox,7,11,1,Jacob deGrom,Anthony Kay,5.0,6.0,3.857142857142857,6.0,63.0,66.0,5.0,6.0,4.776923076923077,3.3333333333333335,39.0,46.0,0,,27.7,,5.5,0.666,0.653
824881,2026-08-25,R,Los Angeles Dodgers,Atlanta Braves,3,4,1,Tyler Glasnow,Bryce Elder,9.0,6.0,3.2869565217391306,0.0,33.0,40.0,111.0,1.0,3.6610169491525424,0.0,56.0,44.0,0,19.3,29.0,7.5,11.7,0.721,0.77
824962,2026-08-25,R,Minnesota Twins,Athletics,2,4,1,Taj Bradley,Gage Jump,5.0,4.0,5.072727272727272,4.333333333333333,58.0,80.0,6.0,5.0,5.225806451612903,2.0,47.0,67.0,0,,21.0,,9.3,0.752,0.706
825042,2026-08-25,R,Chicago Cubs,Arizona Diamondbacks,4,5,1,Clay Holmes,Brandon Pfaadt,6.0,5.666666666666667,4.5,3.3333333333333335,52.0,64.0,6.0,5.333333333333333,3.0197368421052633,2.0,77.0,62.0,0,19.2,18.2,4.8,9.3,0.764,0.751
822692,2026-08-26,R,Colorado Rockies,Washington Nationals,13,1,0,Tanner Gordon,Matt Waldron,119.0,5.0,3.4964028776978417,4.333333333333333,47.0,51.0,5.0,5.333333333333333,3.9865771812080535,5.0,52.0,78.0,1,12.0,18.4,24.0,5.0,0.715,0.679
822772,2026-08-26,R,Kansas City Royals,Toronto Blue Jays,0,3,1,Randy Dobnak,Spencer Miles,40.0,4.0,4.153846153846154,4.0,48.0,49.0,6.0,4.0,3.6818181818181817,4.0,64.0,41.0,0,,5.3,,10.5,0.763,0.721
823015,2026-08-26,R,Baltimore Orioles,St. Louis Cardinals,8,7,0,Kyle Bradish,Michael McGreevy,6.0,5.333333333333333,5.877551020408164,5.0,64.0,71.0,6.0,5.666666666666667,2.6341463414634148,2.3333333333333335,58.0,47.0,0,14.5,37.3,5.0,7.9,0.692,0.713
823096,2026-08-26,R,Philadelphia Phillies,Seattle Mariners,6,0,0,Jesús Luzardo,Bryan Woo,10.0,6.0,8.865671641791044,1.3333333333333333,63.0,92.0,5.0,5.666666666666667,2.675675675675676,2.0,68.0,50.0,1,27.1,28.5,4.9,7.5,0.727,0.764
823180,2026-08-26,R,Cincinnati Reds,San Francisco Giants,10,9,0,Nick Lodolo,Logan Webb,5.0,2.6666666666666665,2.515527950310559,7.333333333333333,39.0,49.0,5.0,3.3333333333333335,4.7114093959731544,2.3333333333333335,51.0,79.0,1,26.2,24.3,5.4,4.8,0.631,0.723
823255,2026-08-26,R,Pittsburgh Pirates,San Diego Padres,0,3,1,Bubba Chandler,Randy Vásquez,5.0,7.0,1.9424460431654675,2.0,48.0,34.0,5.0,4.0,3.5357142857142856,3.0,55.0,47.0,0,13.7,25.0,9.1,3.2,0.72,0.662
823506,2026-08-26,R,Houston Astros,New York Yankees,3,9,1,Peter Lambert,Elmer Rodríguez,66.0,4.0,2.6808510638297873,4.0,51.0,38.0,6.0,3.6666666666666665,4.745454545454545,4.666666666666667,48.0,62.0,0,,,,,0.783,0.706
823584,2026-08-26,R,Milwaukee Brewers,New York Mets,8,1,0,Dustin May,Robert Stock,7.0,4.333333333333333,2.918918918918919,4.0,42.0,37.0,7.0,2.0,1.4104477611940298,4.333333333333333,63.0,34.0,1,6.7,21.1,26.7,9.6,0.777,0.737
823825,2026-08-26,R,Boston Red Sox,Miami Marlins,0,4,1,Sonny Gray,Ryan Gusto,5.0,4.0,5.4,6.333333333333333,52.0,54.0,5.0,6.0,2.420689655172414,5.666666666666667,73.0,49.0,0,21.4,26.7,7.9,5.0,0.729,0.745
823988,2026-08-26,R,Cleveland Guardians,Los Angeles Angels,4,3,0,Joey Cantillo,Grayson Rodriguez,6.0,7.0,2.3951612903225805,6.333333333333333,57.0,38.0,5.0,4.666666666666667,1.6643835616438356,8.666666666666666,62.0,38.0,0,,26.9,,10.5,0.701,0.679
824234,2026-08-26,R,Tampa Bay Rays,Detroit Tigers,3,0,0,Freddy Peralta,Troy Melton,5.0,5.666666666666667,4.5608108108108105,4.666666666666667,47.0,63.0,5.0,7.0,5.142857142857143,5.666666666666667,51.0,65.0,0,20.0,28.2,8.3,9.1,0.712,0.735
824555,2026-08-26,R,Texas Rangers,Chicago White Sox,4,10,1,MacKenzie Gore,Sean Burke,5.0,6.0,3.7873303167420813,4.333333333333333,70.0,68.0,5.0,6.0,5.014285714285714,4.333333333333333,44.0,54.0,0,22.3,27.2,10.6,9.3,0.699,0.695
824878,2026-08-26,R,Los Angeles Dodgers,Atlanta Braves,5,6,1,Roki Sasaki,AJ Smith-Shawver,7.0,4.333333333333333,3.2869565217391306,3.0,33.0,43.0,7.0,5.0,3.5217391304347827,3.0,54.0,44.0,1,22.0,17.4,10.5,13.7,0.721,0.77
824963,2026-08-26,R,Minnesota Twins,Athletics,4,7,1,Connor Prielipp,J.T. Ginn,5.0,5.0,4.272151898734177,2.6666666666666665,58.0,70.0,5.0,6.0,5.445378151260504,1.3333333333333333,47.0,66.0,0,25.3,,7.9,,0.74,0.708
825039,2026-08-26,R,Chicago Cubs,Arizona Diamondbacks,0,2,1,Matthew Boyd,Eduardo Rodriguez,5.0,5.666666666666667,4.367647058823529,2.3333333333333335,55.0,65.0,5.0,6.0,3.75,1.6666666666666667,73.0,61.0,0,20.6,21.4,8.6,5.8,0.742,0.751
822694,2026-08-27,R,Colorado Rockies,Washington Nationals,1,7,1,Gabriel Hughes,Jake Irvin,5.0,6.0,4.841379310344828,7.0,42.0,52.0,5.0,5.0,3.7762237762237763,2.0,59.0,75.0,1,15.8,,7.9,,0.715,0.679
822771,2026-08-27,R,Kansas City Royals,Toronto Blue Jays,13,2,0,Noah Cameron,Spencer Arrighetti,34.0,1.0,3.3096774193548386,7.0,45.0,45.0,6.0,5.0,3.793388429752066,2.0,62.0,40.0,0,19.9,20.5,12.8,7.7,0.755,0.721
823014,2026-08-27,R,Baltimore Orioles,St. Louis Cardinals,5,7,1,Trevor Rogers,Gordon Graceffo,,,6.061224489795919,4.0,64.0,78.0,6.0,7.0,2.2131147540983607,4.666666666666667,61.0,47.0,0,20.7,24.3,6.7,6.9,0.695,0.713
823179,2026-08-27,R,Arizona Diamondbacks,San Francisco Giants,1,6,1,Jose Cabrera,Landen Roupp,7.0,5.333333333333333,3.5217391304347827,3.0,47.0,57.0,50.0,4.333333333333333,4.569230769230769,2.0,53.0,59.0,0,21.4,,9.5,,0.722,0.764
823503,2026-08-27,R,Houston Astros,New York Yankees,5,1,0,Hayden Wesneski,Gerrit Cole,7.0,6.0,2.8,3.0,50.0,36.0,6.0,5.0,6.428571428571429,2.3333333333333335,49.0,70.0,0,,22.1,,4.6,0.783,0.706
823581,2026-08-27,R,Milwaukee Brewers,New York Mets,8,2,0,Jacob Misiorowski,Sean Manaea,6.0,6.0,2.25,5.0,40.0,39.0,6.0,6.0,1.087248322147651,8.666666666666666,68.0,31.0,1,28.5,32.0,4.6,11.0,0.777,0.734
824879,2026-08-27,R,Los Angeles Dodgers,Atlanta Braves,0,1,1,Yoshinobu Yamamoto,Chris Sale,6.0,6.0,3.2033898305084745,4.0,33.0,45.0,6.0,6.333333333333333,3.731707317073171,5.333333333333333,55.0,48.0,1,32.4,29.4,6.3,8.6,0.721,0.765
822691,2026-08-28,R,Miami Marlins,Washington Nationals,2,9,1,Eury Pérez,Jackson Kent,5.0,4.666666666666667,4.5,4.666666666666667,42.0,53.0,6.0,5.0,4.0,0.0,47.0,39.0,0,,27.3,,8.3,0.715,0.656
822769,2026-08-28,R,Seattle Mariners,Toronto Blue Jays,1,8,1,Emerson Hancock,Dylan Cease,6.0,6.666666666666667,3.759493670886076,5.0,47.0,51.0,7.0,5.666666666666667,7.858208955223881,0.0,57.0,88.0,0,29.8,16.6,9.8,8.1,0.763,0.747
822935,2026-08-28,R,San Diego Padres,Tampa Bay Rays,4,9,1,Casey Mize,Shane McClanahan,6.0,5.0,4.909090909090909,0.0,46.0,61.0,6.0,2.6666666666666665,2.076923076923077,0.0,47.0,31.0,0,,22.2,,5.7,0.735,0.691
823013,2026-08-28,R,Pittsburgh Pirates,St. Louis Cardinals,1,4,1,Jared Jones,Quinn Mathews,6.0,5.0,6.218181818181818,6.0,71.0,83.0,6.0,4.0,3.2468354430379747,0.0,40.0,41.0,0,,,,,0.692,0.635
823178,2026-08-28,R,Arizona Diamondbacks,San Francisco Giants,10,6,0,Kohl Drake,Blade Tidwell,6.0,5.666666666666667,3.277456647398844,4.0,53.0,58.0,22.0,3.6666666666666665,4.9787234042553195,3.6666666666666665,54.0,65.0,1,12.8,,12.8,,0.631,0.764
823504,2026-08-28,R,Boston Red Sox,New York Yankees,0,1,1,Patrick Sandoval,Cam Schlittler,7.0,6.0,3.0681818181818183,3.0,51.0,40.0,6.0,5.666666666666667,1.7112676056338028,0.0,62.0,47.0,0,27.6,,10.2,,0.797,0.745
823583,2026-08-28,R,Houston Astros,New York Mets,3,1,0,Hunter Brown,Christian Scott,6.0,4.666666666666667,2.4923076923076923,3.3333333333333335,42.0,47.0,6.0,5.666666666666667,5.943396226415095,4.0,54.0,71.0,0,,28.3,,7.8,0.777,0.706
823666,2026-08-28,R,Chicago White Sox,Minnesota Twins,7,4,0,Luis Castillo,Dean Kremer,6.0,5.333333333333333,6.75,0.0,43.0,61.0,6.0,2.6666666666666665,3.5660377358490565,0.0,67.0,63.0,0,20.1,21.7,6.4,6.2,0.708,0.666
823744,2026-08-28,R,Texas Rangers,Milwaukee Brewers,1,6,1,Cody Bradford,Logan Henderson,6.0,6.0,0.9183673469387755,3.0,71.0,29.0,6.0,5.333333333333333,4.928571428571429,0.0,46.0,52.0,0,33.3,,8.1,,0.734,0.695
823985,2026-08-28,R,Philadelphia Phillies,Los Angeles Angels,5,3,0,Andrew Painter,Reid Detmers,7.0,6.0,3.2586206896551726,0.0,48.0,40.0,6.0,7.0,2.53125,0.0,66.0,42.0,0,30.1,,9.4,,0.693,0.747
824231,2026-08-28,R,Los Angeles Dodgers,Detroit Tigers,2,1,0,Tarik Skubal,Drew Anderson,6.0,5.0,4.5661764705882355,0.0,40.0,60.0,6.0,7.0,3.176470588235294,1.6666666666666667,51.0,44.0,0,,32.2,,4.4,0.774,0.77
824396,2026-08-28,R,Kansas City Royals,Cleveland Guardians,3,0,0,Michael Wacha,Tanner Bibee,6.0,6.0,1.3897058823529411,0.0,60.0,34.0,6.0,7.0,3.5307692307692307,3.0,75.0,42.0,0,21.3,17.6,7.1,6.3,0.679,0.721
824638,2026-08-28,R,Cincinnati Reds,Chicago Cubs,10,8,0,Rhett Lowder,David Peterson,6.0,6.0,3.796875,0.0,61.0,50.0,6.0,6.0,4.753521126760563,0.0,52.0,75.0,0,20.7,,9.0,,0.751,0.653
824877,2026-08-28,R,Colorado Rockies,Atlanta Braves,4,6,1,Tomoyuki Sugano,Grant Holmes,8.0,6.0,3.2033898305084745,0.0,34.0,45.0,5.0,3.0,4.0855263157894735,3.0,60.0,82.0,0,25.0,15.7,11.0,5.3,0.721,0.679
824960,2026-08-28,R,Baltimore Orioles,Athletics,4,3,0,Brandon Young,Jacob Lopez,6.0,6.0,4.180645161290323,0.0,61.0,66.0,6.0,5.666666666666667,2.267175572519084,3.0,66.0,54.0,0,28.3,18.4,9.3,8.6,0.752,0.661
822690,2026-08-29,R,Miami Marlins,Washington Nationals,4,5,1,Sandy Alcantara,Cade Cavalli,5.0,6.0,4.354838709677419,2.0,50.0,51.0,5.0,7.0,4.408163265306122,5.0,49.0,47.0,1,18.3,19.1,6.8,7.7,0.715,0.729
822770,2026-08-29,R,Seattle Mariners,Toronto Blue Jays,3,4,1,Kade Anderson,José Soriano,6.0,5.0,3.759493670886076,3.0,52.0,51.0,7.0,5.666666666666667,8.015625,3.0,51.0,86.0,1,21.0,,10.8,,0.755,0.747
822936,2026-08-29,R,San Diego Padres,Tampa Bay Rays,6,7,1,Walker Buehler,Nick Martinez,6.0,6.0,4.291390728476821,3.3333333333333335,50.0,59.0,6.0,6.0,2.2846153846153845,3.0,44.0,35.0,1,17.0,16.3,6.1,10.6,0.735,0.72
823011,2026-08-29,R,Pittsburgh Pirates,St. Louis Cardinals,6,2,0,Lake Bachar,Kyle Leahy,6.0,4.0,5.982035928143713,3.3333333333333335,75.0,81.0,6.0,2.0,2.9423076923076925,3.3333333333333335,33.0,41.0,1,22.0,25.3,7.7,10.1,0.692,0.662
823177,2026-08-29,R,Arizona Diamondbacks,San Francisco Giants,7,1,0,Merrill Kelly,Matt Wilkinson,6.0,3.6666666666666665,3.702857142857143,4.0,57.0,63.0,5.0,5.666666666666667,4.68,5.0,62.0,71.0,1,,22.3,,6.4,0.722,0.742
823539,2026-08-29,R,Boston Red Sox,New York Yankees,6,0,0,Jake Bennett,Carlos Rodón,6.0,4.0,2.7794117647058822,3.3333333333333335,51.0,37.0,6.0,7.0,1.173913043478261,2.6666666666666665,58.0,40.0,1,25.7,,9.3,,0.797,0.743
823582,2026-08-29,R,Houston Astros,New York Mets,2,6,1,Bennett Sousa,Nolan McLean,6.0,6.0,2.5511811023622046,3.6666666666666665,39.0,49.0,,,5.543046357615894,2.3333333333333335,47.0,65.0,0,30.3,29.6,8.5,7.5,0.696,0.706
823665,2026-08-29,R,Chicago White Sox,Minnesota Twins,3,2,0,Erick Fedde,Bailey Ober,6.0,5.0,6.104347826086957,5.0,47.0,68.0,29.0,5.0,3.0441176470588234,5.0,65.0,62.0,0,19.2,13.3,5.0,10.8,0.708,0.666
823741,2026-08-29,R,Texas Rangers,Milwaukee Brewers,3,5,1,Cal Quantrill,Shane Drohan,6.0,5.0,0.9121621621621622,2.0,76.0,27.0,6.0,6.0,4.790322580645161,2.3333333333333335,44.0,50.0,1,,16.6,,6.8,0.737,0.653
823986,2026-08-29,R,Philadelphia Phillies,Los Angeles Angels,4,2,0,Cristopher Sánchez,Ryan Johnson,7.0,7.0,3.4363636363636365,3.0,45.0,38.0,6.0,6.666666666666667,2.3142857142857145,3.0,71.0,45.0,0,22.2,26.3,6.9,5.5,0.701,0.764
824230,2026-08-29,R,Los Angeles Dodgers,Detroit Tigers,1,2,1,Blake Snell,Keider Montero,11.0,5.0,4.466165413533835,4.333333333333333,36.0,53.0,6.0,6.0,3.176470588235294,3.0,50.0,44.0,0,18.5,28.3,8.0,10.2,0.774,0.77
824392,2026-08-29,R,Kansas City Royals,Cleveland Guardians,8,3,0,Daniel Lynch IV,Foster Griffin,6.0,5.0,1.4427480916030535,3.0,55.0,30.0,6.0,4.333333333333333,3.6,1.0,71.0,36.0,0,,15.6,,9.0,0.647,0.659
824637,2026-08-29,R,Cincinnati Reds,Chicago Cubs,5,17,1,Andrew Abbott,Kevin Gausman,5.0,7.0,4.87218045112782,4.0,66.0,60.0,6.0,6.0,5.472972972972973,4.0,61.0,83.0,0,24.4,21.8,6.5,6.3,0.751,0.723
824874,2026-08-29,R,Colorado Rockies,Atlanta Braves,1,2,1,Zach Agnos,Martín Pérez,7.0,4.0,3.12396694214876,4.0,40.0,47.0,84.0,3.0,3.68944099378882,4.0,59.0,86.0,1,19.3,13.9,9.6,11.7,0.721,0.679
824961,2026-08-29,R,Baltimore Orioles,Athletics,5,3,0,Shane Baz,Jack Perkins,17.0,5.0,4.245283018867925,5.0,56.0,67.0,6.0,5.666666666666667,1.8837209302325582,3.0,64.0,52.0,0,23.0,24.8,11.2,9.0,0.752,0.713
823176,2026-08-29,R,Arizona Diamondbacks,San Francisco Giants,2,7,1,Mitch Bratt,Yunior Marte,,,4.108695652173913,4.0,58.0,70.0,6.0,3.0,4.673076923076923,5.0,69.0,72.0,1,,,,,0.631,0.764
823501,2026-08-29,R,Boston Red Sox,New York Yankees,2,9,1,Alec Gamboa,Max Fried,16.0,5.0,3.261744966442953,3.3333333333333335,51.0,43.0,12.0,1.3333333333333333,1.1020408163265305,2.6666666666666665,64.0,40.0,1,23.6,,6.4,,0.797,0.743
822688,2026-08-30,R,Miami Marlins,Washington Nationals,6,2,0,Janson Junk,Andrew Alvarez,5.0,4.666666666666667,4.68,6.0,51.0,50.0,7.0,4.666666666666667,4.468965517241379,3.6666666666666665,45.0,48.0,1,20.4,17.2,10.2,2.9,0.715,0.656
822766,2026-08-30,R,Seattle Mariners,Toronto Blue Jays,0,7,1,Logan Gilbert,Max Scherzer,5.0,5.0,4.05,2.0,52.0,53.0,6.0,5.0,7.511278195488722,3.6666666666666665,44.0,85.0,1,22.9,32.3,6.4,5.8,0.763,0.747
822933,2026-08-30,R,San Diego Padres,Tampa Bay Rays,4,5,1,Robbie Ray,Drew Rasmussen,6.0,6.0,4.925675675675675,3.0,54.0,61.0,6.0,5.333333333333333,1.6016949152542372,3.0,49.0,36.0,1,21.7,24.6,6.3,9.7,0.667,0.72
823010,2026-08-30,R,Pittsburgh Pirates,St. Louis Cardinals,5,4,0,Braxton Ashcraft,Matthew Liberatore,5.0,4.0,6.2897727272727275,6.0,69.0,83.0,6.0,6.0,2.3048780487804876,6.666666666666667,39.0,39.0,1,18.8,24.3,6.2,8.2,0.692,0.635
823502,2026-08-30,R,Boston Red Sox,New York Yankees,1,16,1,Ranger Suarez,Will Warren,5.0,5.0,2.751592356687898,9.666666666666666,59.0,41.0,6.0,5.0,2.515527950310559,9.666666666666666,62.0,49.0,1,24.1,23.2,9.1,5.8,0.797,0.745
823580,2026-08-30,R,Houston Astros,New York Mets,6,3,0,Ethan Pecko,Zac Thornton,5.0,6.0,2.808,2.0,40.0,47.0,5.0,4.333333333333333,5.2974683544303796,7.333333333333333,44.0,61.0,0,,,,,0.777,0.74
823662,2026-08-30,R,Chicago White Sox,Minnesota Twins,1,5,1,Jordan Hicks,Zebby Matthews,6.0,7.0,6.104347826086957,4.0,48.0,62.0,29.0,1.0,3.029268292682927,4.0,64.0,61.0,0,24.9,18.5,6.8,10.2,0.708,0.666
823740,2026-08-30,R,Texas Rangers,Milwaukee Brewers,7,4,0,Kumar Rocker,Dustin May,4.0,0.3333333333333333,1.2516556291390728,4.0,77.0,29.0,6.0,5.666666666666667,5.175,2.0,42.0,52.0,1,21.1,19.5,9.6,8.0,0.737,0.695
823987,2026-08-30,R,Philadelphia Phillies,Los Angeles Angels,5,2,0,Zack Wheeler,Yusei Kikuchi,7.0,5.0,3.540983606557377,5.0,46.0,42.0,6.0,4.0,2.5233644859813085,3.0,66.0,46.0,0,22.5,33.3,9.6,5.6,0.693,0.747
824232,2026-08-30,R,Los Angeles Dodgers,Detroit Tigers,6,1,0,Tyler Glasnow,Framber Valdez,6.0,6.0,4.361538461538461,3.6666666666666665,35.0,50.0,5.0,5.0,3.375,3.3333333333333335,50.0,42.0,0,23.3,29.0,8.5,11.7,0.712,0.765
824393,2026-08-30,R,Kansas City Royals,Cleveland Guardians,1,11,1,Seth Lugo,Parker Messick,6.0,6.0,2.417910447761194,4.0,52.0,37.0,5.0,5.0,3.3230769230769233,5.666666666666667,79.0,38.0,0,23.0,20.5,3.6,9.0,0.679,0.659
824636,2026-08-30,R,Cincinnati Reds,Chicago Cubs,7,5,0,Chase Burns,Shota Imanaga,7.0,2.0,4.634328358208955,4.0,79.0,57.0,6.0,3.6666666666666665,6.136363636363637,5.0,62.0,92.0,0,20.6,35.6,4.6,8.5,0.751,0.653
824876,2026-08-30,R,Colorado Rockies,Atlanta Braves,2,3,1,Mason Adams,Tyler Mahle,7.0,5.0,2.347826086956522,3.3333333333333335,39.0,38.0,5.0,4.0,3.7865853658536586,5.333333333333333,59.0,81.0,1,19.1,,8.4,,0.721,0.679
824959,2026-08-30,R,Baltimore Orioles,Athletics,8,5,0,Chris Bassitt,Jeffrey Springs,6.0,4.666666666666667,4.333333333333333,4.0,56.0,67.0,5.0,6.666666666666667,1.9133858267716535,3.3333333333333335,65.0,52.0,0,19.4,22.6,7.6,7.1,0.752,0.661
822689,2026-08-31,R,Miami Marlins,Washington Nationals,3,6,1,Ryan Gusto,Will Dion,,,5.647058823529412,3.0,50.0,52.0,5.0,5.666666666666667,4.348993288590604,4.333333333333333,44.0,49.0,1,,21.4,,7.9,0.715,0.656
822855,2026-08-31,R,Athletics,Texas Rangers,1,8,1,Gage Jump,Jacob deGrom,6.0,3.6666666666666665,4.714285714285714,6.0,47.0,51.0,6.0,6.333333333333333,4.391566265060241,4.333333333333333,56.0,73.0,0,27.7,,5.5,,0.653,0.752
822932,2026-08-31,R,New York Mets,Tampa Bay Rays,3,2,0,Robert Stock,Ian Seymour,11.0,5.0,3.42,5.0,57.0,55.0,5.0,4.0,3.3488372093023258,4.0,39.0,50.0,0,26.4,6.7,7.9,26.7,0.735,0.696
823663,2026-08-31,R,Detroit Tigers,Minnesota Twins,1,11,1,Jackson Jobe,Taj Bradley,6.0,6.666666666666667,5.8584905660377355,0.6666666666666666,48.0,56.0,6.0,4.333333333333333,4.251968503937008,3.0,31.0,49.0,0,21.0,17.9,9.3,12.4,0.708,0.712
823982,2026-08-31,R,New York Yankees,Los Angeles Angels,1,10,1,Elmer Rodríguez,Walbert Ureña,6.0,3.6666666666666665,4.384615384615385,2.0,48.0,44.0,5.0,6.0,2.7870967741935484,2.0,71.0,39.0,0,,,,,0.693,0.783
824149,2026-08-31,R,Chicago White Sox,Houston Astros,3,6,1,Anthony Kay,Peter Lambert,5.0,5.666666666666667,5.1265822784810124,4.0,48.0,61.0,6.0,4.666666666666667,3.0422535211267605,7.333333333333333,58.0,61.0,0,,,,,0.74,0.666
824314,2026-08-31,R,Baltimore Orioles,Colorado Rockies,2,1,0,Cade Povich,Tanner Gordon,5.0,7.0,3.857142857142857,4.0,48.0,77.0,22.0,3.0,1.8984375,3.3333333333333335,63.0,55.0,0,18.4,24.2,5.0,8.8,0.679,0.713
824473,2026-08-31,R,San Diego Padres,Cincinnati Reds,5,0,0,Michael King,Brady Singer,6.0,5.666666666666667,5.506578947368421,3.3333333333333335,68.0,90.0,6.0,7.0,2.2131147540983607,4.333333333333333,48.0,41.0,0,22.8,24.7,8.4,8.4,0.723,0.72
824635,2026-08-31,R,Milwaukee Brewers,Chicago Cubs,3,17,1,Kyle Harrison,Clay Holmes,6.0,7.0,4.153846153846154,4.0,80.0,53.0,6.0,5.0,1.1886792452830188,4.666666666666667,75.0,34.0,0,18.2,24.4,9.3,9.0,0.751,0.737
824719,2026-08-31,R,Seattle Mariners,Boston Red Sox,8,9,1,George Kirby,Payton Tolle,6.0,5.333333333333333,4.127388535031847,2.6666666666666665,60.0,57.0,6.0,7.666666666666667,8.323308270676693,3.0,41.0,90.0,0,25.7,26.1,10.8,5.5,0.745,0.727
824911,2026-08-31,R,San Francisco Giants,Atlanta Braves,7,3,0,Anthony Molina,Bryce Elder,6.0,6.0,2.0948275862068964,3.3333333333333335,37.0,37.0,391.0,5.0,3.413793103448276,0.0,51.0,58.0,0,19.3,15.0,7.5,3.8,0.721,0.722
825040,2026-08-31,R,Philadelphia Phillies,Arizona Diamondbacks,2,1,0,Aaron Nola,Brandon Pfaadt,6.0,6.666666666666667,4.470198675496689,0.0,58.0,71.0,6.0,6.0,2.855769230769231,3.0,64.0,43.0,0,19.2,24.0,4.8,6.9,0.764,0.764
822687,2026-09-01,R,Atlanta Braves,Washington Nationals,5,9,1,AJ Smith-Shawver,Jake Irvin,5.0,4.333333333333333,5.526315789473684,6.0,56.0,55.0,6.0,5.0,2.516949152542373,3.6666666666666665,38.0,40.0,0,15.8,22.0,7.9,10.5,0.715,0.721
822854,2026-09-01,R,Athletics,Texas Rangers,5,8,1,Brady Basso,MacKenzie Gore,6.0,3.6666666666666665,4.704545454545454,2.0,55.0,52.0,9.0,1.0,4.192546583850931,3.6666666666666665,52.0,72.0,1,27.2,14.3,9.3,16.1,0.653,0.74
822929,2026-09-01,R,New York Mets,Tampa Bay Rays,2,6,1,Sean Manaea,Freddy Peralta,6.0,6.0,3.0638297872340425,2.6666666666666665,52.0,52.0,5.0,5.666666666666667,3.7099236641221376,3.6666666666666665,40.0,51.0,0,28.2,28.5,9.1,4.6,0.667,0.777
823340,2026-09-01,R,San Francisco Giants,Pittsburgh Pirates,12,13,1,Logan Webb,Paul Skenes,7.0,6.0,1.7357142857142858,0.0,31.0,32.0,6.0,6.0,3.193548387096774,4.0,58.0,61.0,0,29.5,26.2,5.7,5.4,0.662,0.722
823661,2026-09-01,R,Detroit Tigers,Minnesota Twins,2,15,1,Troy Melton,Andrew Morris,89.0,2.0,6.336734693877551,2.0,55.0,55.0,6.0,7.0,5.571428571428571,3.0,24.0,55.0,1,,20.0,,8.3,0.708,0.712
823908,2026-09-01,R,St. Louis Cardinals,Los Angeles Dodgers,13,8,0,Michael McGreevy,Eric Lauer,14.0,5.0,2.5,0.0,43.0,32.0,6.0,5.0,7.02,0.0,55.0,77.0,0,23.9,14.5,6.1,5.0,0.77,0.695
823984,2026-09-01,R,New York Yankees,Los Angeles Angels,7,3,0,Gerrit Cole,Grayson Rodriguez,6.0,5.666666666666667,4.170731707317073,2.0,58.0,45.0,5.0,6.0,3.375,4.333333333333333,72.0,49.0,1,,,,,0.693,0.783
824070,2026-09-01,R,Miami Marlins,Kansas City Royals,6,3,0,Tyler Phillips,Randy Dobnak,6.0,6.0,3.50381679389313,0.0,68.0,44.0,7.0,4.666666666666667,4.6490066225165565,3.6666666666666665,42.0,49.0,0,5.3,16.6,10.5,7.7,0.721,0.729
824148,2026-09-01,R,Chicago White Sox,Houston Astros,5,1,0,Sean Burke,Ronel Blanco,25.0,4.666666666666667,4.894736842105263,4.333333333333333,54.0,64.0,6.0,3.0,2.8285714285714287,3.3333333333333335,56.0,60.0,1,24.1,22.3,10.1,10.6,0.706,0.666
824313,2026-09-01,R,Baltimore Orioles,Colorado Rockies,2,4,1,Kyle Bradish,Gabriel Hughes,5.0,5.0,3.3540372670807455,4.0,44.0,68.0,6.0,4.333333333333333,1.265625,4.0,59.0,49.0,0,,37.3,,7.9,0.679,0.713
824391,2026-09-01,R,Toronto Blue Jays,Cleveland Guardians,1,6,1,Spencer Miles,Gavin Williams,7.0,1.3333333333333333,2.014925373134328,0.0,63.0,33.0,6.0,2.0,4.0,0.0,56.0,49.0,0,24.6,,11.8,,0.679,0.763
824472,2026-09-01,R,San Diego Padres,Cincinnati Reds,3,4,1,Randy Vásquez,Nick Lodolo,6.0,4.0,5.8125,4.666666666666667,61.0,88.0,6.0,5.0,2.16,3.0,52.0,39.0,0,24.3,13.7,4.8,9.1,0.723,0.691
824633,2026-09-01,R,Milwaukee Brewers,Chicago Cubs,9,4,0,Robert Gasser,Matthew Boyd,6.0,6.0,4.464566929133858,3.0,90.0,51.0,12.0,3.6666666666666665,2.354651162790698,4.333333333333333,78.0,51.0,1,21.4,17.2,5.8,13.8,0.751,0.734
824716,2026-09-01,R,Seattle Mariners,Boston Red Sox,9,6,0,Bryan Woo,Jedixson Paez,,,4.959183673469388,4.333333333333333,58.0,64.0,6.0,4.0,8.136986301369863,4.333333333333333,49.0,99.0,1,,27.1,,4.9,0.745,0.747
825038,2026-09-01,R,Philadelphia Phillies,Arizona Diamondbacks,7,1,0,Jesús Luzardo,Eduardo Rodriguez,6.0,7.0,3.537931034482759,3.0,58.0,62.0,6.0,7.0,1.766355140186916,4.0,60.0,39.0,0,20.6,28.5,8.6,7.5,0.742,0.747
822686,2026-09-02,R,Atlanta Braves,Washington Nationals,9,0,0,Grant Holmes,Brad Lord,12.0,2.6666666666666665,5.930635838150289,5.0,65.0,55.0,5.0,5.0,2.5714285714285716,4.0,42.0,45.0,1,19.8,25.0,7.9,11.0,0.715,0.721
822851,2026-09-02,R,Athletics,Texas Rangers,9,2,0,Jacob Lopez,Cody Bradford,5.0,5.666666666666667,5.321167883211679,3.6666666666666665,58.0,57.0,5.0,5.0,4.754716981132075,5.666666666666667,54.0,76.0,1,,28.3,,9.3,0.653,0.74
822931,2026-09-02,R,New York Mets,Tampa Bay Rays,10,4,0,Justin Hagenman,Griffin Jax,31.0,5.0,2.6194029850746268,3.0,53.0,44.0,425.0,4.333333333333333,3.642857142857143,2.3333333333333335,40.0,52.0,0,35.0,23.2,7.4,2.0,0.735,0.777
823339,2026-09-02,R,San Francisco Giants,Pittsburgh Pirates,5,4,0,Landen Roupp,Bubba Chandler,7.0,5.666666666666667,2.88,4.333333333333333,40.0,43.0,6.0,5.0,3.479381443298969,6.666666666666667,69.0,66.0,1,25.0,21.4,3.2,9.5,0.662,0.722
823660,2026-09-02,R,Detroit Tigers,Minnesota Twins,11,6,0,Drew Anderson,Dean Kremer,5.0,4.0,5.785714285714286,8.0,66.0,56.0,5.0,4.666666666666667,7.128,2.6666666666666665,25.0,66.0,1,20.1,,6.4,,0.708,0.712
823906,2026-09-02,R,St. Louis Cardinals,Los Angeles Dodgers,8,6,0,Brycen Mautz,Yoshinobu Yamamoto,6.0,6.333333333333333,3.0789473684210527,6.0,44.0,39.0,,,7.38,4.0,65.0,85.0,0,29.4,,8.6,,0.765,0.692
823983,2026-09-02,R,New York Yankees,Los Angeles Angels,6,3,0,Cam Schlittler,Reid Detmers,5.0,6.0,4.5,3.0,58.0,51.0,5.0,5.666666666666667,3.457317073170732,3.6666666666666665,76.0,51.0,1,30.1,27.6,9.4,10.2,0.693,0.797
824068,2026-09-02,R,Miami Marlins,Kansas City Royals,9,6,0,Eury Pérez,Noah Cameron,6.0,6.0,3.24,3.0,67.0,47.0,5.0,3.0,4.531468531468532,4.0,44.0,46.0,0,20.5,27.3,7.7,8.3,0.721,0.656
824147,2026-09-02,R,Chicago White Sox,Houston Astros,0,2,1,Davis Martin,Hayden Wesneski,6.0,5.0,5.526315789473684,5.0,54.0,66.0,20.0,2.0,2.8781725888324874,3.3333333333333335,58.0,57.0,1,22.1,17.3,4.6,8.0,0.706,0.666
824312,2026-09-02,R,Baltimore Orioles,Colorado Rockies,5,6,1,Trevor Rogers,Tomoyuki Sugano,5.0,4.0,3.5,4.333333333333333,42.0,63.0,6.0,5.0,1.4651162790697674,3.0,60.0,50.0,0,15.7,24.3,5.3,6.9,0.679,0.713
824390,2026-09-02,R,Toronto Blue Jays,Cleveland Guardians,11,0,0,Dylan Cease,Joey Cantillo,7.0,6.0,2.0610687022900764,2.0,61.0,33.0,5.0,6.0,4.438356164383562,7.0,47.0,50.0,1,26.9,29.8,10.5,9.8,0.679,0.755
824470,2026-09-02,R,San Diego Padres,Cincinnati Reds,3,7,1,Casey Mize,Brandon Williamson,126.0,3.0,5.772413793103448,3.0,65.0,88.0,5.0,5.0,2.357142857142857,3.3333333333333335,50.0,41.0,0,,22.2,,5.7,0.723,0.691
824634,2026-09-02,R,Milwaukee Brewers,Chicago Cubs,9,5,0,Jacob Misiorowski,David Peterson,5.0,5.0,5.879032258064516,3.6666666666666665,90.0,57.0,6.0,6.0,2.4827586206896552,4.666666666666667,65.0,55.0,1,20.7,32.0,9.0,11.0,0.751,0.734
824717,2026-09-02,R,Seattle Mariners,Boston Red Sox,8,3,0,Bryce Miller,Patrick Sandoval,5.0,5.333333333333333,4.973684210526316,5.333333333333333,55.0,69.0,10.0,4.333333333333333,6.517241379310345,3.0,58.0,83.0,1,,18.9,,8.7,0.745,0.727
825037,2026-09-02,R,Philadelphia Phillies,Arizona Diamondbacks,0,1,1,Andrew Painter,Taylor Clarke,,,3.7241379310344827,4.0,55.0,60.0,5.0,6.0,1.8529411764705883,2.3333333333333335,61.0,36.0,0,21.4,,4.4,,0.764,0.764
822853,2026-09-03,R,Tampa Bay Rays,Texas Rangers,0,6,1,Shane McClanahan,Cal Quantrill,5.0,6.0,5.4,5.0,60.0,60.0,6.0,5.666666666666667,3.0638297872340425,6.333333333333333,50.0,48.0,0,16.6,,6.8,,0.653,0.735
823095,2026-09-03,R,Athletics,Seattle Mariners,7,4,0,Jack Perkins,Kade Anderson,5.0,4.333333333333333,6.472602739726027,4.333333333333333,59.0,81.0,5.0,5.0,3.5217391304347827,3.0,56.0,69.0,0,,23.0,,11.2,0.747,0.74
823337,2026-09-03,R,San Francisco Giants,Pittsburgh Pirates,2,5,1,Blade Tidwell,Lake Bachar,5.0,2.3333333333333335,3.0397350993377485,5.0,40.0,45.0,6.0,5.0,3.877659574468085,5.0,73.0,70.0,1,25.3,12.8,10.1,12.8,0.662,0.722
823907,2026-09-03,R,St. Louis Cardinals,Los Angeles Dodgers,2,3,1,Quinn Mathews,Tarik Skubal,6.0,6.0,3.5,3.0,44.0,43.0,6.0,5.666666666666667,6.473684210526316,9.0,69.0,86.0,0,32.2,,4.4,,0.765,0.695
824069,2026-09-03,R,Miami Marlins,Kansas City Royals,3,7,1,Sandy Alcantara,Michael Wacha,6.0,8.0,3.5859375,4.0,64.0,49.0,5.0,6.0,4.14,4.333333333333333,52.0,48.0,0,17.6,19.1,6.3,7.7,0.721,0.729
824144,2026-09-03,R,Chicago White Sox,Houston Astros,2,6,1,Luis Castillo,Hunter Brown,6.0,6.666666666666667,5.869565217391305,2.0,53.0,64.0,6.0,4.0,3.3934426229508197,2.3333333333333335,55.0,59.0,1,28.3,21.7,7.8,6.2,0.706,0.666
824388,2026-09-03,R,Toronto Blue Jays,Cleveland Guardians,6,3,0,José Soriano,Tanner Bibee,6.0,6.0,2.4,3.6666666666666665,61.0,43.0,5.0,7.0,4.531468531468532,3.0,52.0,43.0,1,21.3,21.0,7.1,10.8,0.679,0.763
824632,2026-09-03,R,Milwaukee Brewers,Chicago Cubs,1,2,1,Logan Henderson,Kevin Gausman,5.0,5.0,5.8604651162790695,5.333333333333333,95.0,63.0,6.0,7.0,2.5714285714285716,5.0,69.0,53.0,1,24.4,33.3,6.5,8.1,0.751,0.737
824796,2026-09-03,R,Boston Red Sox,Baltimore Orioles,6,5,0,Jake Bennett,Brandon Young,6.0,7.0,1.6488549618320612,4.0,62.0,51.0,5.0,6.0,5.151315789473684,5.0,52.0,70.0,0,18.4,,8.6,,0.661,0.745
822852,2026-09-04,R,Tampa Bay Rays,Texas Rangers,7,6,0,Nick Martinez,Trevor Williams,429.0,3.0,5.518248175182482,2.0,64.0,60.0,6.0,6.0,3.130434782608696,3.0,49.0,49.0,1,17.4,17.0,5.6,6.1,0.695,0.735
823093,2026-09-04,R,Athletics,Seattle Mariners,7,6,0,Kade Morris,Logan Gilbert,5.0,5.0,6.9375,4.0,59.0,81.0,90.0,4.0,3.395209580838323,6.0,61.0,67.0,0,32.3,,5.8,,0.747,0.752
823256,2026-09-04,R,New York Yankees,San Diego Padres,2,3,1,Max Fried,Walker Buehler,6.0,5.0,2.6194029850746268,0.0,51.0,44.0,6.0,3.6666666666666665,3.8835616438356166,0.0,71.0,50.0,0,16.3,23.6,10.6,6.4,0.691,0.783
823338,2026-09-04,R,Los Angeles Angels,Pittsburgh Pirates,0,1,1,Ryan Johnson,Jared Jones,7.0,4.666666666666667,3.0,6.666666666666667,45.0,47.0,6.0,5.0,5.4,0.0,41.0,51.0,0,,22.2,,6.9,0.662,0.693
823418,2026-09-04,R,Atlanta Braves,Philadelphia Phillies,5,2,0,Chris Sale,Cristopher Sánchez,6.0,7.0,2.1818181818181817,0.0,57.0,36.0,8.0,9.0,2.1774193548387095,0.0,45.0,39.0,0,26.3,32.4,5.5,6.3,0.747,0.716
823579,2026-09-04,R,San Francisco Giants,New York Mets,6,10,1,Matt Wilkinson,Nolan McLean,6.0,7.0,3.9461538461538463,0.0,46.0,54.0,6.0,6.0,4.142857142857143,3.0,73.0,70.0,0,30.3,,8.5,,0.696,0.722
823824,2026-09-04,R,Chicago Cubs,Miami Marlins,6,1,0,Shota Imanaga,Janson Junk,5.0,4.666666666666667,4.5,2.0,55.0,55.0,5.0,5.0,5.6,2.0,97.0,64.0,0,17.2,20.6,2.9,4.6,0.656,0.751
823905,2026-09-04,R,Washington Nationals,Los Angeles Dodgers,3,5,1,Jackson Kent,Blake Snell,6.0,5.0,3.2033898305084745,3.3333333333333335,47.0,45.0,7.0,7.0,7.22093023255814,0.0,59.0,62.0,0,28.3,,10.2,,0.765,0.639
824067,2026-09-04,R,Toronto Blue Jays,Kansas City Royals,9,2,0,Jameson Taillon,Daniel Lynch IV,6.0,3.3333333333333335,3.319672131147541,3.0,65.0,50.0,25.0,4.0,4.32,4.333333333333333,53.0,45.0,0,15.6,18.9,9.0,5.2,0.721,0.755
824146,2026-09-04,R,Arizona Diamondbacks,Houston Astros,1,3,1,Merrill Kelly,Cristian Javier,12.0,4.0,4.558441558441558,3.0,56.0,48.0,6.0,7.0,3.5064935064935066,0.0,49.0,54.0,0,21.7,22.3,9.6,6.4,0.706,0.764
824311,2026-09-04,R,St. Louis Cardinals,Colorado Rockies,7,6,0,Andre Pallante,Ryan Feltner,11.0,5.666666666666667,3.588607594936709,0.0,44.0,62.0,18.0,6.0,5.876470588235295,3.3333333333333335,61.0,80.0,0,18.5,15.5,8.9,8.7,0.679,0.692
824424,2026-09-04,R,Detroit Tigers,Cleveland Guardians,6,7,1,Keider Montero,Logan Allen,48.0,3.3333333333333335,2.507142857142857,5.0,59.0,47.0,6.0,5.333333333333333,6.649253731343284,0.0,33.0,68.0,0,18.0,18.5,9.2,8.0,0.679,0.774
824471,2026-09-04,R,Milwaukee Brewers,Cincinnati Reds,10,7,0,Shane Drohan,Rhett Lowder,7.0,5.0,5.8,0.0,58.0,77.0,6.0,5.0,2.7870967741935484,1.0,63.0,51.0,0,,,,,0.653,0.737
824554,2026-09-04,R,Minnesota Twins,Chicago White Sox,1,4,1,Zebby Matthews,Erick Fedde,6.0,5.0,3.338709677419355,4.0,57.0,63.0,5.0,8.333333333333334,5.661290322580645,0.0,66.0,63.0,0,13.3,24.9,10.8,6.8,0.666,0.708
824797,2026-09-04,R,Boston Red Sox,Baltimore Orioles,1,0,0,Ranger Suarez,Shane Baz,6.0,5.666666666666667,2.109375,2.3333333333333335,66.0,51.0,5.0,5.333333333333333,5.198757763975156,3.0,58.0,75.0,0,24.8,23.2,9.0,5.8,0.661,0.745
824387,2026-09-04,R,Detroit Tigers,Cleveland Guardians,3,4,1,Andrew Sears,Foster Griffin,6.0,5.0,2.3625,5.0,66.0,53.0,,,6.287671232876712,0.0,39.0,75.0,1,,,,,0.647,0.774
822850,2026-09-05,R,Tampa Bay Rays,Texas Rangers,6,3,0,Drew Rasmussen,Jacob deGrom,5.0,7.0,6.1610738255033555,8.0,68.0,66.0,6.0,6.0,3.5874125874125875,2.6666666666666665,53.0,50.0,1,27.7,21.7,5.5,6.3,0.695,0.735
823094,2026-09-05,R,Athletics,Seattle Mariners,6,2,0,Jeffrey Springs,George Kirby,5.0,5.0,6.5625,4.333333333333333,59.0,83.0,6.0,4.666666666666667,3.2033898305084745,6.333333333333333,68.0,69.0,0,26.1,19.4,5.5,7.6,0.727,0.752
823257,2026-09-05,R,New York Yankees,San Diego Padres,5,1,0,Carlos Rodón,Robbie Ray,6.0,6.0,2.4545454545454546,5.0,48.0,44.0,7.0,4.666666666666667,4.013513513513513,3.6666666666666665,70.0,52.0,1,24.6,25.7,9.7,9.3,0.691,0.797
823335,2026-09-05,R,Los Angeles Angels,Pittsburgh Pirates,6,1,0,Yusei Kikuchi,Braxton Ashcraft,6.0,5.0,3.147239263803681,3.0,42.0,42.0,6.0,7.0,5.6347826086956525,2.0,40.0,50.0,1,24.3,22.5,8.2,9.6,0.635,0.693
823419,2026-09-05,R,Atlanta Braves,Philadelphia Phillies,2,4,1,Martín Pérez,Zack Wheeler,6.0,6.0,2.8421052631578947,3.0,52.0,35.0,7.0,5.666666666666667,2.125984251968504,3.0,49.0,39.0,0,33.3,19.3,5.6,9.6,0.747,0.721
823577,2026-09-05,R,San Francisco Giants,New York Mets,9,5,0,Anthony Molina,Zac Thornton,6.0,5.0,4.32824427480916,3.0,52.0,54.0,5.0,5.0,4.452127659574468,5.0,75.0,74.0,1,,15.0,,3.8,0.777,0.631
823823,2026-09-05,R,Chicago Cubs,Miami Marlins,6,5,0,Javier Assad,Ryan Gusto,5.0,4.333333333333333,5.117647058823529,4.0,53.0,59.0,32.0,5.666666666666667,5.684210526315789,3.0,98.0,59.0,0,21.4,15.0,7.9,7.8,0.729,0.751
823904,2026-09-05,R,Washington Nationals,Los Angeles Dodgers,5,6,1,Cade Cavalli,Tyler Glasnow,6.0,7.0,3.4913793103448274,3.0,47.0,44.0,7.0,4.0,7.2,3.0,60.0,64.0,1,29.0,18.3,11.7,6.8,0.77,0.715
824066,2026-09-05,R,Toronto Blue Jays,Kansas City Royals,4,3,0,Max Scherzer,Seth Lugo,6.0,3.6666666666666665,3.762295081967213,4.0,62.0,57.0,6.0,7.0,3.9865771812080535,7.0,61.0,44.0,0,20.5,22.9,9.0,6.4,0.721,0.763
824145,2026-09-05,R,Arizona Diamondbacks,Houston Astros,4,3,0,Brandon Pfaadt,Ethan Pecko,6.0,5.0,4.558441558441558,4.0,55.0,49.0,5.0,6.0,3.6,2.0,41.0,57.0,1,,19.2,,4.8,0.706,0.764
824310,2026-09-05,R,St. Louis Cardinals,Colorado Rockies,7,10,1,Matthew Liberatore,Mason Adams,6.0,5.0,3.2264150943396226,4.0,49.0,60.0,6.0,5.666666666666667,6.3053892215568865,4.0,62.0,79.0,0,,18.8,,6.2,0.679,0.692
824389,2026-09-05,R,Detroit Tigers,Cleveland Guardians,6,0,0,Framber Valdez,Parker Messick,6.0,6.0,2.3773584905660377,10.666666666666666,61.0,55.0,6.0,6.0,6.079470198675497,8.0,40.0,74.0,1,23.0,23.3,3.6,8.5,0.647,0.774
824468,2026-09-05,R,Milwaukee Brewers,Cincinnati Reds,3,5,1,Dustin May,Andrew Abbott,7.0,3.0,5.757352941176471,5.0,65.0,78.0,6.0,4.333333333333333,2.6832298136645965,5.0,71.0,57.0,0,21.8,21.1,6.3,9.6,0.723,0.734
824553,2026-09-05,R,Minnesota Twins,Chicago White Sox,6,4,0,Taj Bradley,Anthony Kay,5.0,4.666666666666667,3.4285714285714284,4.0,55.0,60.0,5.0,7.0,5.52755905511811,3.0,65.0,61.0,1,,21.0,,9.3,0.666,0.706
824795,2026-09-05,R,Boston Red Sox,Baltimore Orioles,5,0,0,Sonny Gray,Chris Bassitt,6.0,5.666666666666667,2.076923076923077,2.6666666666666665,61.0,49.0,10.0,5.0,5.2974683544303796,2.0,53.0,71.0,0,22.6,26.7,7.1,5.0,0.713,0.745
822848,2026-09-06,R,Tampa Bay Rays,Texas Rangers,6,8,1,Ian Seymour,MacKenzie Gore,5.0,5.333333333333333,6.48,4.0,71.0,69.0,6.0,6.333333333333333,3.664285714285714,3.0,57.0,50.0,1,27.2,26.4,9.3,7.9,0.653,0.667
823091,2026-09-06,R,Athletics,Seattle Mariners,0,2,1,Gage Jump,Bryan Woo,5.0,6.0,6.8936170212765955,2.3333333333333335,56.0,85.0,6.0,4.333333333333333,3.2586206896551726,2.0,70.0,68.0,0,27.1,,4.9,,0.727,0.752
823253,2026-09-06,R,New York Yankees,San Diego Padres,3,4,1,Gerrit Cole,Michael King,6.0,6.0,2.25,6.666666666666667,42.0,44.0,5.0,5.333333333333333,3.7762237762237763,4.0,72.0,49.0,1,24.7,,8.4,,0.72,0.783
823336,2026-09-06,R,Los Angeles Angels,Pittsburgh Pirates,0,1,1,Walbert Ureña,Paul Skenes,5.0,4.666666666666667,3.312883435582822,4.0,40.0,44.0,6.0,7.0,5.720338983050848,3.0,43.0,51.0,1,29.5,,5.7,,0.662,0.693
823417,2026-09-06,R,Atlanta Braves,Philadelphia Phillies,5,4,0,Tyler Mahle,Aaron Nola,6.0,5.0,2.479591836734694,3.0,44.0,34.0,7.0,6.666666666666667,2.109375,4.333333333333333,50.0,39.0,0,24.0,19.1,6.9,8.4,0.764,0.721
823578,2026-09-06,R,San Francisco Giants,New York Mets,2,4,1,Cesar Perdomo,Christian Scott,9.0,5.333333333333333,4.776923076923077,4.0,47.0,58.0,,,4.359375,4.0,82.0,76.0,1,,,,,0.696,0.722
823822,2026-09-06,R,Chicago Cubs,Miami Marlins,3,10,1,Clay Holmes,Tyler Phillips,5.0,5.0,5.259740259740259,4.333333333333333,54.0,63.0,6.0,6.0,5.282608695652174,4.333333333333333,100.0,59.0,0,16.6,18.2,7.7,9.3,0.729,0.751
823903,2026-09-06,R,Washington Nationals,Los Angeles Dodgers,5,7,1,Andrew Alvarez,Justin Wrobleski,22.0,6.0,3.403361344537815,3.0,49.0,46.0,7.0,6.0,7.8545454545454545,2.0,63.0,66.0,1,27.1,20.4,6.1,10.2,0.765,0.639
824065,2026-09-06,R,Toronto Blue Jays,Kansas City Royals,1,6,1,Spencer Arrighetti,Randy Dobnak,5.0,6.0,3.5859375,4.0,62.0,60.0,10.0,4.0,3.5526315789473686,3.3333333333333335,61.0,44.0,0,5.3,19.9,10.5,12.8,0.721,0.763
824142,2026-09-06,R,Arizona Diamondbacks,Houston Astros,3,2,0,Eduardo Rodriguez,Peter Lambert,6.0,4.666666666666667,4.192546583850931,5.666666666666667,55.0,49.0,5.0,5.0,2.8125,3.6666666666666665,40.0,49.0,1,,20.6,,8.6,0.74,0.764
824309,2026-09-06,R,St. Louis Cardinals,Colorado Rockies,10,8,0,Kyle Leahy,Tanner Gordon,6.0,5.0,3.7125,4.333333333333333,56.0,63.0,8.0,3.0,6.230769230769231,3.6666666666666665,66.0,77.0,0,18.4,22.0,5.0,7.7,0.679,0.692
824385,2026-09-06,R,Detroit Tigers,Cleveland Guardians,2,3,1,Jackson Jobe,Gavin Williams,5.0,7.0,2.7169811320754715,3.0,57.0,58.0,6.0,5.0,6.202702702702703,2.0,45.0,71.0,1,24.6,17.9,11.8,12.4,0.679,0.712
824469,2026-09-06,R,Milwaukee Brewers,Cincinnati Reds,8,12,1,Kyle Harrison,Brady Singer,6.0,4.333333333333333,5.514084507042254,5.0,59.0,76.0,6.0,3.6666666666666665,3.109090909090909,4.333333333333333,70.0,61.0,0,22.8,24.4,8.4,9.0,0.653,0.737
824552,2026-09-06,R,Minnesota Twins,Chicago White Sox,1,10,1,Bailey Ober,Bryan Hudson,19.0,1.0,2.7880434782608696,4.666666666666667,54.0,56.0,8.0,5.0,4.9465648854961835,4.0,66.0,58.0,1,25.3,19.2,17.3,5.0,0.666,0.706
824794,2026-09-06,R,Boston Red Sox,Baltimore Orioles,3,1,0,Payton Tolle,Kyle Bradish,5.0,5.0,2.5511811023622046,3.3333333333333335,58.0,52.0,6.0,5.666666666666667,5.435064935064935,2.0,55.0,69.0,0,37.3,25.7,7.9,10.8,0.661,0.745
823175,2026-09-07,R,St. Louis Cardinals,San Francisco Giants,4,5,1,Michael McGreevy,Logan Webb,6.0,2.0,4.962162162162162,2.0,80.0,75.0,6.0,5.0,5.586206896551724,6.333333333333333,72.0,79.0,0,26.2,14.5,5.4,5.0,0.722,0.692
823254,2026-09-07,R,Washington Nationals,San Diego Padres,2,3,1,Jake Irvin,Nick Pivetta,148.0,3.0,2.625,3.0,38.0,46.0,6.0,4.0,7.969879518072289,3.6666666666666665,66.0,67.0,0,26.4,15.8,6.9,7.9,0.72,0.715
823415,2026-09-07,R,Atlanta Braves,Philadelphia Phillies,0,1,1,Grant Holmes,Jesús Luzardo,6.0,6.666666666666667,3.618556701030928,2.0,42.0,35.0,5.0,3.0,2.376,3.0,51.0,41.0,0,28.5,25.0,7.5,11.0,0.764,0.716
823742,2026-09-07,R,Chicago Cubs,Milwaukee Brewers,3,4,1,Matthew Boyd,Robert Gasser,6.0,4.333333333333333,3.9036144578313254,4.333333333333333,76.0,69.0,6.0,5.333333333333333,6.1171875,3.6666666666666665,84.0,67.0,0,17.2,21.4,13.8,5.8,0.734,0.751
823820,2026-09-07,R,New York Mets,Miami Marlins,9,4,0,Jonah Tong,Eury Pérez,5.0,4.666666666666667,5.117647058823529,4.0,58.0,64.0,348.0,2.0,4.169117647058823,4.333333333333333,50.0,58.0,0,27.3,25.3,8.3,10.3,0.729,0.777
823902,2026-09-07,R,Cincinnati Reds,Los Angeles Dodgers,3,6,1,Chase Burns,Emmet Sheehan,36.0,2.6666666666666665,3.375,6.0,52.0,51.0,8.0,5.666666666666667,5.472972972972973,4.0,68.0,79.0,0,30.6,35.6,7.6,8.5,0.77,0.723
824062,2026-09-07,R,Arizona Diamondbacks,Kansas City Royals,5,4,0,Derek Law,Noah Cameron,5.0,5.0,2.8536585365853657,3.0,57.0,54.0,,,3.2,3.0,38.0,48.0,0,20.5,,7.7,,0.721,0.742
824229,2026-09-07,R,Minnesota Twins,Detroit Tigers,4,5,1,Joe Ryan,Troy Melton,6.0,5.333333333333333,4.821428571428571,4.0,40.0,63.0,34.0,5.333333333333333,5.2781954887218046,3.6666666666666665,66.0,60.0,0,20.0,28.2,8.3,5.7,0.712,0.708
824715,2026-09-07,R,Los Angeles Angels,Boston Red Sox,2,5,1,Grayson Rodriguez,Brayan Bello,95.0,5.0,5.3312101910828025,3.0,53.0,66.0,6.0,6.0,6.192660550458716,0.0,40.0,47.0,0,17.7,,8.4,,0.745,0.693
824793,2026-09-07,R,Cleveland Guardians,Baltimore Orioles,4,6,1,Joey Cantillo,Trevor Rogers,5.0,6.666666666666667,2.4545454545454546,5.0,58.0,52.0,5.0,5.333333333333333,2.7169811320754715,4.0,53.0,58.0,0,24.3,26.9,6.9,10.5,0.661,0.647
824958,2026-09-07,R,Toronto Blue Jays,Athletics,5,6,1,Dylan Cease,Jacob Lopez,5.0,6.0,3.3333333333333335,4.0,63.0,64.0,5.0,6.0,3.0,3.3333333333333335,59.0,42.0,0,28.3,29.8,9.3,9.8,0.752,0.755
823092,2026-09-08,R,Texas Rangers,Seattle Mariners,10,5,0,Cal Quantrill,Bryce Miller,6.0,4.666666666666667,5.262711864406779,0.0,47.0,64.0,5.0,7.0,6.1610738255033555,0.0,63.0,70.0,0,18.9,16.6,8.7,6.8,0.747,0.695
823174,2026-09-08,R,St. Louis Cardinals,San Francisco Giants,1,2,1,Quinn Mathews,Landen Roupp,6.0,5.0,5.220994475138122,5.0,80.0,79.0,5.0,5.0,5.254054054054054,3.6666666666666665,76.0,84.0,1,21.4,,9.5,,0.631,0.692
823250,2026-09-08,R,Washington Nationals,San Diego Padres,4,5,1,Riley Cornelio,Casey Mize,6.0,4.0,3.176470588235294,4.0,39.0,45.0,,,7.902439024390244,2.3333333333333335,55.0,67.0,1,22.2,,5.7,,0.72,0.715
823414,2026-09-08,R,Houston Astros,Philadelphia Phillies,6,5,0,Hayden Wesneski,Andrew Painter,6.0,7.0,3.8117647058823527,0.0,41.0,26.0,6.0,7.0,3.7302631578947367,0.0,51.0,45.0,0,,22.1,,4.6,0.764,0.706
823500,2026-09-08,R,Colorado Rockies,New York Yankees,3,5,1,Gabriel Hughes,Cam Schlittler,6.0,8.0,3.9160305343511452,0.0,67.0,50.0,7.0,4.666666666666667,3.4662162162162162,0.0,59.0,53.0,0,27.6,,10.2,,0.783,0.679
823738,2026-09-08,R,Chicago Cubs,Milwaukee Brewers,3,4,1,David Peterson,Jacob Misiorowski,6.0,4.0,3.921787709497207,4.333333333333333,80.0,72.0,6.0,3.6666666666666665,6.48,1.0,80.0,71.0,1,32.0,20.7,11.0,9.0,0.734,0.751
823821,2026-09-08,R,New York Mets,Miami Marlins,7,5,0,Sean Manaea,Sandy Alcantara,5.0,6.0,4.666666666666667,5.0,60.0,69.0,7.0,5.666666666666667,3.831081081081081,4.0,59.0,62.0,0,19.1,28.5,7.7,4.6,0.656,0.777
823901,2026-09-08,R,Cincinnati Reds,Los Angeles Dodgers,2,3,1,Nick Lodolo,Tarik Skubal,5.0,5.666666666666667,3.5217391304347827,3.3333333333333335,58.0,54.0,7.0,6.0,5.94,5.0,71.0,80.0,1,32.2,24.3,4.4,4.8,0.765,0.653
824063,2026-09-08,R,Arizona Diamondbacks,Kansas City Royals,5,3,0,Corbin Burnes,Michael Wacha,5.0,6.0,3.4,4.0,61.0,59.0,464.0,4.666666666666667,2.7181208053691277,8.0,43.0,45.0,0,17.6,23.8,6.3,9.8,0.721,0.764
824228,2026-09-08,R,Minnesota Twins,Detroit Tigers,3,2,0,Dean Kremer,Drew Anderson,6.0,5.666666666666667,4.787234042553192,3.3333333333333335,44.0,63.0,6.0,4.0,4.467625899280575,4.0,61.0,59.0,1,,20.1,,6.4,0.712,0.708
824551,2026-09-08,R,Pittsburgh Pirates,Chicago White Sox,9,3,0,Bubba Chandler,Sean Burke,7.0,5.666666666666667,2.1017964071856285,0.0,60.0,45.0,6.0,5.0,3.130434782608696,0.0,38.0,38.0,0,22.3,25.0,10.6,3.2,0.666,0.662
824714,2026-09-08,R,Los Angeles Angels,Boston Red Sox,6,1,0,Reid Detmers,Patrick Sandoval,6.0,4.0,5.503184713375796,4.0,54.0,66.0,6.0,7.0,5.890909090909091,4.0,40.0,48.0,1,,30.1,,9.4,0.743,0.701
824792,2026-09-08,R,Cleveland Guardians,Baltimore Orioles,9,5,0,Tanner Bibee,Brandon Young,5.0,6.666666666666667,2.9562043795620436,1.6666666666666667,64.0,56.0,5.0,4.0,2.748502994011976,5.666666666666667,53.0,62.0,1,18.4,21.3,8.6,7.1,0.713,0.679
824875,2026-09-08,R,Tampa Bay Rays,Atlanta Braves,7,1,0,Freddy Peralta,AJ Smith-Shawver,7.0,4.0,2.4732824427480917,2.0,51.0,42.0,7.0,6.0,4.138686131386861,0.0,56.0,56.0,0,22.0,28.2,10.5,9.1,0.721,0.735
824957,2026-09-08,R,Toronto Blue Jays,Athletics,4,2,0,José Soriano,Jack Perkins,5.0,3.0,2.7341772151898733,3.0,63.0,60.0,5.0,4.666666666666667,2.9634146341463414,3.6666666666666665,64.0,48.0,1,23.0,21.0,11.2,10.8,0.752,0.763
823090,2026-09-09,R,Texas Rangers,Seattle Mariners,2,3,1,Cody Bradford,Kade Anderson,6.0,5.0,6.023076923076923,5.333333333333333,48.0,73.0,7.0,4.0,5.958620689655173,3.0,66.0,64.0,0,,,,,0.727,0.653
823172,2026-09-09,R,St. Louis Cardinals,San Francisco Giants,6,7,1,Andre Pallante,Blade Tidwell,6.0,5.0,5.625,3.0,79.0,79.0,5.0,5.0,4.755681818181818,2.0,76.0,73.0,1,12.8,15.5,12.8,8.7,0.722,0.692
823251,2026-09-09,R,Washington Nationals,San Diego Padres,2,9,1,Jackson Kent,Walker Buehler,5.0,5.0,3.085714285714286,3.3333333333333335,44.0,48.0,5.0,5.0,8.620481927710843,5.0,58.0,69.0,1,16.3,,10.6,,0.691,0.715
823416,2026-09-09,R,Houston Astros,Philadelphia Phillies,7,11,1,Hunter Brown,Cristopher Sánchez,5.0,6.0,3.2637362637362637,4.0,45.0,28.0,6.0,6.0,3.857142857142857,3.0,48.0,43.0,0,26.3,28.3,5.5,7.8,0.764,0.74
823497,2026-09-09,R,Colorado Rockies,New York Yankees,1,6,1,Tomoyuki Sugano,Will Warren,10.0,7.0,3.24,2.0,65.0,44.0,7.0,6.0,4.183098591549296,3.0,59.0,57.0,1,24.1,15.7,9.1,5.3,0.783,0.679
823739,2026-09-09,R,Chicago Cubs,Milwaukee Brewers,6,8,1,Kevin Gausman,Logan Henderson,6.0,7.0,4.11864406779661,3.6666666666666665,82.0,72.0,6.0,7.0,5.4,5.0,79.0,70.0,1,33.3,24.4,8.1,6.5,0.737,0.751
823818,2026-09-09,R,New York Mets,Miami Marlins,15,14,0,Robert Stock,Janson Junk,5.0,5.0,4.127388535031847,4.666666666666667,62.0,69.0,9.0,5.333333333333333,3.831081081081081,4.0,63.0,65.0,0,17.2,6.7,2.9,26.7,0.729,0.777
823900,2026-09-09,R,Cincinnati Reds,Los Angeles Dodgers,1,14,1,Rhett Lowder,Yoshinobu Yamamoto,7.0,7.0,3.425373134328358,1.6666666666666667,58.0,52.0,5.0,4.0,5.823529411764706,3.3333333333333335,72.0,80.0,1,29.4,,8.6,,0.77,0.723
824064,2026-09-09,R,Arizona Diamondbacks,Kansas City Royals,2,5,1,Zac Gallen,Daniel Lynch IV,5.0,5.0,3.3260869565217392,5.0,59.0,61.0,64.0,6.0,2.7650602409638556,8.0,43.0,44.0,0,15.6,21.5,9.0,8.1,0.721,0.742
824226,2026-09-09,R,Minnesota Twins,Detroit Tigers,2,7,1,Zebby Matthews,Keider Montero,5.0,4.0,4.891304347826087,3.6666666666666665,42.0,65.0,5.0,5.0,4.224489795918367,4.0,62.0,57.0,1,18.5,24.9,8.0,6.8,0.712,0.708
824549,2026-09-09,R,Pittsburgh Pirates,Chicago White Sox,4,2,0,Lake Bachar,Davis Martin,7.0,5.666666666666667,1.8305084745762712,7.666666666666667,52.0,47.0,6.0,2.3333333333333335,3.3260869565217392,3.0,46.0,41.0,0,17.3,25.3,8.0,10.1,0.666,0.662
824713,2026-09-09,R,Los Angeles Angels,Boston Red Sox,6,4,0,Ryan Johnson,Jake Bennett,6.0,6.0,6.1610738255033555,3.0,48.0,69.0,5.0,6.0,5.67,3.0,40.0,41.0,1,,22.2,,6.9,0.745,0.701
824791,2026-09-09,R,Cleveland Guardians,Baltimore Orioles,5,9,1,Foster Griffin,Shane Baz,5.0,6.333333333333333,2.7739726027397262,5.333333333333333,56.0,64.0,5.0,6.0,2.7870967741935484,4.666666666666667,54.0,61.0,1,24.8,,9.0,,0.661,0.679
824871,2026-09-09,R,Tampa Bay Rays,Atlanta Braves,7,2,0,Griffin Jax,Reynaldo López,45.0,5.666666666666667,2.7194244604316546,5.666666666666667,48.0,46.0,7.0,2.6666666666666665,3.7674418604651163,3.0,62.0,53.0,0,4.0,35.0,8.0,7.4,0.721,0.735
824956,2026-09-09,R,Toronto Blue Jays,Athletics,0,2,1,Braydon Fisher,Brady Basso,8.0,2.3333333333333335,2.6666666666666665,4.0,61.0,62.0,25.0,1.0,2.9050632911392404,2.0,65.0,45.0,1,14.3,30.7,16.1,9.4,0.752,0.755
823088,2026-09-10,R,Texas Rangers,Seattle Mariners,3,4,1,Jacob deGrom,Logan Gilbert,6.0,4.666666666666667,6.532258064516129,3.0,51.0,69.0,5.0,6.0,4.875,4.0,64.0,57.0,0,32.3,27.7,5.8,5.5,0.747,0.695
823413,2026-09-10,R,Houston Astros,Philadelphia Phillies,2,1,0,Cristian Javier,Zack Wheeler,5.0,6.0,3.4468085106382977,3.0,50.0,35.0,6.0,5.0,3.6241610738255035,3.0,52.0,45.0,0,33.3,21.7,5.6,9.6,0.764,0.706
823499,2026-09-10,R,Colorado Rockies,New York Yankees,3,10,1,Ryan Feltner,Max Fried,6.0,5.666666666666667,3.24,3.0,62.0,42.0,6.0,5.0,4.373239436619718,2.0,47.0,62.0,1,23.6,18.5,6.4,8.9,0.783,0.679
824550,2026-09-10,R,Pittsburgh Pirates,Chicago White Sox,2,0,0,Jared Jones,Hagen Smith,,,2.0526315789473686,4.0,44.0,47.0,6.0,6.0,3.176470588235294,7.333333333333333,50.0,40.0,0,,,,,0.666,0.635
824872,2026-09-10,R,Tampa Bay Rays,Atlanta Braves,1,3,1,Nick Martinez,Martín Pérez,5.0,3.6666666666666665,2.507142857142857,4.333333333333333,44.0,48.0,6.0,6.333333333333333,3.8863636363636362,4.0,66.0,55.0,0,19.3,17.0,9.6,6.1,0.721,0.667
822684,2026-09-11,R,Los Angeles Angels,Washington Nationals,3,4,1,Yusei Kikuchi,Cade Cavalli,6.0,6.0,8.136986301369863,0.0,52.0,64.0,6.0,6.0,5.181818181818182,0.0,43.0,41.0,0,18.3,22.5,6.8,9.6,0.639,0.693
822767,2026-09-11,R,Baltimore Orioles,Toronto Blue Jays,7,4,0,Chris Bassitt,Max Scherzer,6.0,5.666666666666667,1.8881118881118881,0.0,60.0,34.0,6.0,5.666666666666667,2.8421052631578947,0.0,52.0,55.0,0,22.9,22.6,6.4,7.1,0.763,0.713
822930,2026-09-11,R,Houston Astros,Tampa Bay Rays,1,3,1,Miguel Ullola,Drew Rasmussen,6.0,7.0,4.335766423357664,1.6666666666666667,67.0,58.0,,,3.6986301369863015,3.0,49.0,45.0,0,21.7,,6.3,,0.735,0.706
823012,2026-09-11,R,Chicago White Sox,St. Louis Cardinals,3,7,1,Anthony Kay,Matthew Liberatore,6.0,4.333333333333333,5.4,0.0,68.0,67.0,6.0,4.333333333333333,2.109375,7.0,44.0,49.0,0,18.8,,6.2,,0.695,0.699
823173,2026-09-11,R,San Diego Padres,San Francisco Giants,7,5,0,Robbie Ray,Anthony Molina,6.0,5.0,4.666666666666667,0.0,71.0,74.0,6.0,2.3333333333333335,2.918918918918919,0.0,50.0,50.0,0,15.0,24.6,3.8,9.7,0.631,0.72
823498,2026-09-11,R,New York Mets,New York Yankees,4,6,1,Nolan McLean,Carlos Rodón,6.0,5.0,3.045112781954887,5.666666666666667,71.0,40.0,7.0,6.0,5.673913043478261,0.0,75.0,63.0,0,25.7,30.3,9.3,8.5,0.783,0.696
823659,2026-09-11,R,Cleveland Guardians,Minnesota Twins,5,2,0,Parker Messick,Taj Bradley,6.0,5.0,3.6346153846153846,0.0,60.0,57.0,6.0,6.0,2.6503067484662575,0.0,55.0,67.0,0,21.0,23.0,9.3,3.6,0.706,0.679
823736,2026-09-11,R,Cincinnati Reds,Milwaukee Brewers,0,20,1,Andrew Abbott,Dustin May,6.0,3.6666666666666665,5.435064935064935,0.0,74.0,75.0,6.0,4.0,6.217105263157895,0.0,63.0,85.0,0,21.1,21.8,9.6,6.3,0.734,0.723
823817,2026-09-11,R,Los Angeles Dodgers,Miami Marlins,6,2,0,Blake Snell,Ryan Gusto,6.0,4.666666666666667,5.072727272727272,0.0,72.0,84.0,7.0,6.0,3.403361344537815,0.0,67.0,46.0,0,21.4,28.3,7.9,10.2,0.656,0.77
824227,2026-09-11,R,Colorado Rockies,Detroit Tigers,2,6,1,Mason Adams,Framber Valdez,6.0,7.0,4.591836734693878,0.0,49.0,64.0,6.0,4.666666666666667,4.943661971830986,3.0,49.0,65.0,0,23.3,,8.5,,0.712,0.679
824631,2026-09-11,R,Pittsburgh Pirates,Chicago Cubs,2,12,1,Wilber Dotel,Shota Imanaga,7.0,6.0,4.9787234042553195,0.0,85.0,76.0,,,3.056603773584906,2.0,52.0,40.0,0,20.6,,4.6,,0.751,0.635
824711,2026-09-11,R,Kansas City Royals,Boston Red Sox,3,2,0,Seth Lugo,Sonny Gray,6.0,7.0,6.079470198675497,0.0,52.0,71.0,6.0,5.0,3.4,0.0,51.0,58.0,0,26.7,20.5,5.0,9.0,0.745,0.721
824873,2026-09-11,R,Philadelphia Phillies,Atlanta Braves,5,6,1,Aaron Nola,Chris Sale,7.0,6.0,2.589041095890411,2.0,46.0,49.0,5.0,7.0,3.51,2.0,51.0,37.0,0,32.4,24.0,6.3,6.9,0.721,0.747
824954,2026-09-11,R,Seattle Mariners,Athletics,5,6,1,George Kirby,Jeffrey Springs,6.0,7.0,2.5714285714285716,0.0,56.0,58.0,6.0,6.666666666666667,6.230769230769231,2.0,55.0,72.0,0,19.4,26.1,7.6,5.5,0.752,0.727
825036,2026-09-11,R,Texas Rangers,Arizona Diamondbacks,1,9,1,MacKenzie Gore,Merrill Kelly,7.0,6.0,2.6503067484662575,0.0,42.0,43.0,5.0,3.0,5.4,2.0,67.0,61.0,0,22.3,27.2,6.4,9.3,0.742,0.695
822685,2026-09-12,R,Los Angeles Angels,Washington Nationals,5,6,1,Walbert Ureña,Andrew Alvarez,6.0,4.333333333333333,7.973154362416107,3.0,47.0,65.0,6.0,8.0,4.764705882352941,4.0,43.0,40.0,1,20.4,,10.2,,0.715,0.701
822768,2026-09-12,R,Baltimore Orioles,Toronto Blue Jays,3,7,1,Kyle Bradish,Spencer Miles,11.0,1.0,2.0342465753424657,4.0,56.0,40.0,6.0,4.0,2.9779411764705883,4.0,55.0,56.0,0,,37.3,,7.9,0.763,0.713
822927,2026-09-12,R,Houston Astros,Tampa Bay Rays,2,3,1,Peter Lambert,Ian Seymour,6.0,3.0,4.466165413533835,2.0,61.0,55.0,6.0,7.0,3.857142857142857,7.333333333333333,47.0,47.0,1,26.4,,7.9,,0.735,0.74
823009,2026-09-12,R,Chicago White Sox,St. Louis Cardinals,6,5,0,Sean Newcomb,Kyle Leahy,6.0,2.6666666666666665,5.433962264150943,4.666666666666667,71.0,69.0,20.0,2.0,2.7142857142857144,4.0,40.0,52.0,1,22.0,23.3,7.7,7.9,0.695,0.666
823170,2026-09-12,R,San Diego Padres,San Francisco Giants,7,6,0,Michael King,Cesar Perdomo,6.0,6.0,3.857142857142857,6.0,70.0,71.0,6.0,6.0,2.5033112582781456,4.0,53.0,46.0,0,,24.7,,8.4,0.722,0.691
823496,2026-09-12,R,New York Mets,New York Yankees,12,2,0,Zac Thornton,Gerrit Cole,6.0,7.0,3.50381679389313,2.6666666666666665,76.0,44.0,7.0,5.0,5.955882352941177,3.0,78.0,66.0,1,,,,,0.797,0.777
823657,2026-09-12,R,Cleveland Guardians,Minnesota Twins,3,4,1,Daniel Espino,Connor Prielipp,17.0,5.333333333333333,4.5,3.0,58.0,55.0,,,2.4545454545454546,3.6666666666666665,60.0,66.0,0,,,,,0.708,0.647
823737,2026-09-12,R,Cincinnati Reds,Milwaukee Brewers,9,13,1,Brady Singer,Shane Drohan,8.0,4.0,5.3312101910828025,3.0,88.0,74.0,6.0,5.0,7.177215189873418,6.0,53.0,97.0,1,,22.8,,8.4,0.737,0.653
823819,2026-09-12,R,Los Angeles Dodgers,Miami Marlins,3,4,1,Tyler Glasnow,Tyler Phillips,6.0,5.0,5.264150943396227,3.0,72.0,81.0,7.0,6.0,3.6,3.3333333333333335,71.0,47.0,0,16.6,29.0,7.7,11.7,0.729,0.77
824224,2026-09-12,R,Colorado Rockies,Detroit Tigers,7,11,1,Tanner Gordon,Andrew Sears,8.0,5.666666666666667,4.531468531468532,3.0,54.0,64.0,6.0,4.666666666666667,6.0215827338129495,3.0,47.0,65.0,1,,18.4,,5.0,0.712,0.679
824630,2026-09-12,R,Pittsburgh Pirates,Chicago Cubs,3,4,1,Paul Skenes,Clay Holmes,6.0,4.333333333333333,3.9130434782608696,3.0,89.0,68.0,6.0,5.333333333333333,4.365269461077844,6.0,53.0,48.0,1,18.2,29.5,9.3,5.7,0.751,0.662
824712,2026-09-12,R,Kansas City Royals,Boston Red Sox,1,5,1,Randy Dobnak,Ranger Suarez,8.0,7.0,6.0394736842105265,3.0,54.0,73.0,6.0,6.0,3.1875,4.0,51.0,60.0,0,23.2,5.3,5.8,10.5,0.745,0.659
824870,2026-09-12,R,Philadelphia Phillies,Atlanta Braves,2,12,1,Tim Mayza,Tyler Mahle,6.0,6.0,2.404109589041096,4.0,46.0,50.0,49.0,2.0,3.894230769230769,4.333333333333333,51.0,40.0,1,19.1,20.3,8.4,6.8,0.716,0.764
824955,2026-09-12,R,Seattle Mariners,Athletics,19,1,0,Bryan Woo,Gage Jump,6.0,4.0,2.5714285714285716,5.0,59.0,59.0,6.0,8.0,5.815384615384615,3.0,59.0,70.0,1,,27.1,,4.9,0.752,0.727
825035,2026-09-12,R,Texas Rangers,Arizona Diamondbacks,6,2,0,Kumar Rocker,Brandon Pfaadt,7.0,6.333333333333333,2.6666666666666665,4.666666666666667,41.0,38.0,13.0,3.0,5.574193548387097,4.0,67.0,64.0,1,19.2,19.5,4.8,8.0,0.764,0.695
822682,2026-09-13,R,Los Angeles Angels,Washington Nationals,5,6,1,Grayson Rodriguez,Riley Cornelio,5.0,3.0,8.678571428571429,3.0,48.0,66.0,6.0,4.0,4.731958762886598,3.3333333333333335,46.0,42.0,1,,,,,0.715,0.693
822764,2026-09-13,R,Baltimore Orioles,Toronto Blue Jays,1,8,1,Trevor Rogers,Dylan Cease,6.0,5.0,2.1801242236024843,7.0,59.0,40.0,6.0,7.333333333333333,3.0638297872340425,5.0,53.0,60.0,0,29.8,24.3,9.8,6.9,0.755,0.713
822928,2026-09-13,R,Houston Astros,Tampa Bay Rays,4,14,1,Hayden Wesneski,Freddy Peralta,5.0,6.0,3.857142857142857,3.0,57.0,51.0,5.0,6.0,3.3517241379310345,2.0,47.0,44.0,1,28.2,22.1,9.1,4.6,0.735,0.706
823008,2026-09-13,R,Chicago White Sox,St. Louis Cardinals,1,3,1,David Sandlin,Michael McGreevy,6.0,6.666666666666667,5.60377358490566,6.0,74.0,69.0,79.0,6.0,3.105,7.666666666666667,43.0,55.0,1,14.5,,5.0,,0.692,0.666
823171,2026-09-13,R,San Diego Padres,San Francisco Giants,6,4,0,Nick Pivetta,Logan Webb,6.0,6.0,3.3962264150943398,4.333333333333333,68.0,69.0,6.0,5.0,2.918918918918919,2.0,54.0,45.0,0,26.2,26.4,5.4,6.9,0.722,0.72
823495,2026-09-13,R,New York Mets,New York Yankees,0,2,1,Christian Scott,Cam Schlittler,5.0,7.0,4.422413793103448,4.666666666666667,69.0,48.0,7.0,4.666666666666667,5.757352941176471,2.0,84.0,66.0,1,27.6,,10.2,,0.783,0.777
823658,2026-09-13,R,Cleveland Guardians,Minnesota Twins,9,2,0,Tanner Bibee,Joe Ryan,6.0,4.0,4.348993288590604,3.6666666666666665,60.0,55.0,5.0,4.333333333333333,2.210526315789474,6.0,60.0,62.0,0,28.2,21.3,5.7,7.1,0.708,0.679
823734,2026-09-13,R,Cincinnati Reds,Milwaukee Brewers,4,3,0,Chase Burns,Robert Gasser,6.0,4.666666666666667,5.53416149068323,5.333333333333333,96.0,80.0,6.0,3.0,6.445161290322581,4.0,57.0,93.0,1,17.2,35.6,13.8,8.5,0.737,0.653
823815,2026-09-13,R,Los Angeles Dodgers,Miami Marlins,4,6,1,Emmet Sheehan,Eury Pérez,6.0,4.0,5.2682926829268295,5.333333333333333,72.0,79.0,6.0,5.666666666666667,3.319672131147541,4.0,73.0,49.0,0,27.3,30.6,8.3,7.6,0.729,0.77
824225,2026-09-13,R,Colorado Rockies,Detroit Tigers,1,8,1,Gabriel Hughes,Jackson Jobe,7.0,5.0,4.993150684931507,4.666666666666667,63.0,70.0,5.0,5.0,7.2,4.0,53.0,74.0,1,17.9,,12.4,,0.712,0.679
824628,2026-09-13,R,Pittsburgh Pirates,Chicago Cubs,4,3,0,Bubba Chandler,Matthew Boyd,6.0,7.0,3.9705882352941178,3.3333333333333335,76.0,66.0,5.0,6.0,5.22,1.0,50.0,50.0,1,21.4,25.0,5.8,3.2,0.751,0.635
824708,2026-09-13,R,Kansas City Royals,Boston Red Sox,1,4,1,Noah Cameron,Payton Tolle,7.0,6.0,5.232558139534884,2.0,51.0,65.0,6.0,6.0,3.626865671641791,2.3333333333333335,44.0,62.0,0,25.7,20.5,10.8,7.7,0.743,0.659
824869,2026-09-13,R,Philadelphia Phillies,Atlanta Braves,9,4,0,Andrew Painter,Grant Holmes,6.0,6.0,2.6619718309859155,2.0,56.0,51.0,5.0,5.0,4.909090909090909,5.0,49.0,50.0,1,25.0,,11.0,,0.721,0.764
824952,2026-09-13,R,Seattle Mariners,Athletics,7,8,1,Bryce Miller,Jacob Lopez,6.0,6.0,3.9661016949152543,7.0,57.0,73.0,5.0,3.6666666666666665,5.484375,3.0,75.0,67.0,1,28.3,18.9,9.3,8.7,0.752,0.727
825033,2026-09-13,R,Texas Rangers,Arizona Diamondbacks,7,6,0,Cal Quantrill,Eduardo Rodriguez,7.0,6.0,2.3092105263157894,2.3333333333333335,34.0,36.0,5.0,6.0,5.2682926829268295,5.0,70.0,61.0,1,20.6,16.6,8.6,6.8,0.764,0.653
822765,2026-09-14,R,Detroit Tigers,Toronto Blue Jays,6,5,0,Troy Melton,José Soriano,6.0,7.0,2.1017964071856285,4.0,60.0,41.0,7.0,5.666666666666667,4.468965517241379,2.6666666666666665,70.0,65.0,0,21.0,20.0,10.8,8.3,0.763,0.712
823006,2026-09-14,R,San Francisco Giants,St. Louis Cardinals,1,2,1,Landen Roupp,Quinn Mathews,6.0,6.0,5.468354430379747,3.0,73.0,65.0,6.0,6.0,3.1578947368421053,4.0,72.0,75.0,0,,21.4,,9.5,0.692,0.631
823575,2026-09-14,R,Baltimore Orioles,New York Mets,2,1,0,Brandon Young,Jonah Tong,7.0,5.0,5.4,2.0,81.0,62.0,6.0,3.6666666666666665,3.9416058394160585,2.0,46.0,63.0,0,25.3,18.4,10.3,8.6,0.777,0.713
823656,2026-09-14,R,New York Yankees,Minnesota Twins,8,3,0,Will Warren,Dean Kremer,6.0,5.0,4.833333333333333,5.0,57.0,63.0,5.0,6.0,4.310924369747899,3.0,55.0,47.0,0,20.1,24.1,6.4,9.1,0.708,0.783
823981,2026-09-14,R,Seattle Mariners,Los Angeles Angels,4,6,1,Kade Anderson,Reid Detmers,6.0,6.0,4.909090909090909,2.6666666666666665,49.0,43.0,5.0,6.0,5.90625,3.0,82.0,68.0,0,30.1,,9.4,,0.701,0.727
824308,2026-09-14,R,San Diego Padres,Colorado Rockies,8,7,0,Casey Mize,Tomoyuki Sugano,5.0,6.0,7.468085106382978,6.0,52.0,79.0,6.0,5.666666666666667,2.7,5.0,56.0,44.0,0,15.7,22.2,5.3,5.7,0.679,0.72
824386,2026-09-14,R,Chicago White Sox,Cleveland Guardians,7,3,0,Sean Newcomb,Gavin Williams,8.0,6.0,2.2366863905325443,2.3333333333333335,58.0,63.0,2.0,1.3333333333333333,3.0648648648648646,2.3333333333333335,43.0,53.0,0,24.6,23.3,11.8,7.9,0.647,0.666
824465,2026-09-14,R,Los Angeles Dodgers,Cincinnati Reds,4,1,0,Tarik Skubal,Nick Lodolo,6.0,4.666666666666667,5.96319018404908,6.0,54.0,91.0,6.0,7.333333333333333,4.647540983606557,2.0,71.0,54.0,0,24.3,32.2,4.8,4.4,0.653,0.765
824629,2026-09-14,R,Atlanta Braves,Chicago Cubs,3,7,1,Reynaldo López,David Peterson,6.0,4.333333333333333,3.8,3.6666666666666665,74.0,63.0,5.0,4.666666666666667,3.673469387755102,5.0,57.0,58.0,0,20.7,4.0,9.0,8.0,0.751,0.716
825034,2026-09-14,R,Miami Marlins,Arizona Diamondbacks,7,8,1,Sandy Alcantara,Corbin Burnes,6.0,3.0,2.3190184049079754,3.6666666666666665,40.0,43.0,6.0,4.333333333333333,5.300613496932515,4.0,72.0,81.0,0,23.8,19.1,9.8,7.7,0.764,0.729
822683,2026-09-15,R,Philadelphia Phillies,Washington Nationals,3,6,1,Cristopher Sánchez,Jackson Kent,6.0,3.0,8.059701492537313,0.0,46.0,62.0,6.0,6.0,5.881188118811881,0.0,51.0,51.0,0,,26.3,,5.5,0.639,0.747
822762,2026-09-15,R,Detroit Tigers,Toronto Blue Jays,10,1,0,Drew Anderson,Braydon Fisher,6.0,1.0,2.3142857142857145,2.6666666666666665,65.0,47.0,7.0,5.333333333333333,3.6580645161290324,6.333333333333333,75.0,59.0,0,30.7,,9.4,,0.763,0.712
822849,2026-09-15,R,Boston Red Sox,Texas Rangers,2,4,1,Patrick Sandoval,Jacob deGrom,5.0,6.0,5.97986577181208,0.0,62.0,62.0,7.0,6.0,2.769230769230769,0.0,45.0,42.0,0,27.7,,5.5,,0.653,0.745
822925,2026-09-15,R,Athletics,Tampa Bay Rays,1,2,1,Jack Perkins,Griffin Jax,6.0,5.0,5.090163934426229,0.0,64.0,48.0,7.0,5.0,4.153846153846154,0.0,59.0,64.0,0,35.0,23.0,7.4,11.2,0.735,0.752
823007,2026-09-15,R,San Francisco Giants,St. Louis Cardinals,10,3,0,Blade Tidwell,Andre Pallante,6.0,5.0,5.236363636363636,2.3333333333333335,75.0,66.0,6.0,4.0,3.176470588235294,3.6666666666666665,66.0,74.0,1,15.5,12.8,8.7,12.8,0.692,0.722
823333,2026-09-15,R,Milwaukee Brewers,Pittsburgh Pirates,5,1,0,Jacob Misiorowski,Lake Bachar,6.0,1.6666666666666667,4.89261744966443,0.0,49.0,49.0,7.0,6.333333333333333,4.993150684931507,0.0,92.0,60.0,0,25.3,32.0,10.1,11.0,0.662,0.737
823574,2026-09-15,R,Baltimore Orioles,New York Mets,7,5,0,Shane Baz,Sean Manaea,7.0,5.0,5.2734375,3.0,79.0,62.0,6.0,5.666666666666667,3.9416058394160585,4.0,46.0,63.0,0,28.5,24.8,4.6,9.0,0.777,0.661
823654,2026-09-15,R,New York Yankees,Minnesota Twins,8,1,0,Max Fried,Bailey Ober,9.0,4.333333333333333,5.692771084337349,3.3333333333333335,49.0,70.0,5.0,3.3333333333333335,3.4913793103448274,3.3333333333333335,62.0,40.0,0,19.2,23.6,5.0,6.4,0.706,0.783
823980,2026-09-15,R,Seattle Mariners,Los Angeles Angels,1,2,1,Logan Gilbert,Ryan Johnson,6.0,6.0,5.029411764705882,3.0,45.0,46.0,5.0,7.0,5.571428571428571,3.6666666666666665,78.0,65.0,1,22.2,32.3,6.9,5.8,0.693,0.747
824143,2026-09-15,R,Kansas City Royals,Houston Astros,2,4,1,Michael Wacha,Hunter Brown,6.0,5.0,4.8,0.0,39.0,52.0,7.0,6.0,4.039370078740157,0.0,44.0,55.0,0,28.3,17.6,7.8,6.3,0.706,0.721
824307,2026-09-15,R,San Diego Padres,Colorado Rockies,3,9,1,Walker Buehler,Kyle Freeland,27.0,3.6666666666666665,7.659574468085107,4.0,58.0,85.0,6.0,2.3333333333333335,3.5294117647058822,4.0,59.0,51.0,0,17.5,16.3,5.4,10.6,0.679,0.691
824384,2026-09-15,R,Chicago White Sox,Cleveland Guardians,6,7,1,Chris Murphy,Foster Griffin,6.0,2.3333333333333335,2.386740331491713,4.0,61.0,70.0,72.0,0.6666666666666666,2.849246231155779,8.0,47.0,50.0,0,,20.3,,13.5,0.647,0.699
824466,2026-09-15,R,Los Angeles Dodgers,Cincinnati Reds,4,0,0,Yoshinobu Yamamoto,Rhett Lowder,6.0,3.3333333333333335,6.096774193548387,2.0,55.0,90.0,6.0,7.0,4.640625,2.0,75.0,55.0,0,,29.4,,8.6,0.723,0.77
824627,2026-09-15,R,Atlanta Braves,Chicago Cubs,6,3,0,Martín Pérez,Kevin Gausman,6.0,4.0,3.6,3.0,64.0,63.0,5.0,7.0,3.576158940397351,5.0,57.0,58.0,1,24.4,19.3,6.5,9.6,0.751,0.721
825030,2026-09-15,R,Miami Marlins,Arizona Diamondbacks,4,2,0,Janson Junk,Michael Soroka,24.0,3.3333333333333335,2.586826347305389,4.333333333333333,47.0,48.0,6.0,3.0,5.166666666666667,3.3333333333333335,76.0,83.0,1,25.1,17.2,7.7,2.9,0.764,0.729
822680,2026-09-16,R,Philadelphia Phillies,Washington Nationals,3,0,0,Zack Wheeler,Jared Simpson,,,7.625954198473282,4.0,43.0,60.0,6.0,7.0,6.2727272727272725,1.6666666666666667,47.0,56.0,1,,33.3,,5.6,0.715,0.747
822763,2026-09-16,R,Detroit Tigers,Toronto Blue Jays,1,5,1,Keider Montero,Max Scherzer,5.0,5.0,2.593220338983051,7.666666666666667,65.0,51.0,7.0,4.0,2.3773584905660377,4.0,83.0,45.0,0,22.9,18.5,6.4,8.0,0.763,0.712
822846,2026-09-16,R,Boston Red Sox,Texas Rangers,3,7,1,Jake Bennett,MacKenzie Gore,5.0,4.0,5.22,4.0,58.0,59.0,7.0,5.333333333333333,2.5384615384615383,5.333333333333333,41.0,37.0,1,27.2,,9.3,,0.653,0.743
822926,2026-09-16,R,Athletics,Tampa Bay Rays,3,4,1,Brady Basso,Nick Martinez,6.0,6.333333333333333,4.968,4.0,60.0,47.0,7.0,4.0,3.6346153846153846,1.3333333333333333,55.0,58.0,1,17.0,14.3,6.1,16.1,0.667,0.752
823004,2026-09-16,R,San Francisco Giants,St. Louis Cardinals,6,5,0,Anthony Molina,Matthew Liberatore,5.0,4.333333333333333,5.236363636363636,4.0,65.0,68.0,5.0,3.0,3.0955414012738856,2.3333333333333335,64.0,64.0,1,18.8,15.0,6.2,3.8,0.692,0.631
823332,2026-09-16,R,Milwaukee Brewers,Pittsburgh Pirates,5,4,0,Logan Henderson,Jared Jones,6.0,7.0,4.127388535031847,7.0,37.0,42.0,7.0,5.0,5.0625,4.0,88.0,57.0,0,,33.3,,8.1,0.662,0.737
823576,2026-09-16,R,Baltimore Orioles,New York Mets,7,1,0,Chris Bassitt,Xzavion Curry,,,5.282608695652174,5.666666666666667,82.0,63.0,5.0,5.0,3.442953020134228,7.0,51.0,64.0,0,6.3,22.6,18.8,7.1,0.777,0.713
823655,2026-09-16,R,New York Yankees,Minnesota Twins,4,5,1,Carlos Rodón,Zebby Matthews,7.0,2.3333333333333335,6.176470588235294,3.6666666666666665,35.0,76.0,5.0,6.333333333333333,3.6486486486486487,2.0,63.0,38.0,0,24.9,25.7,6.8,9.3,0.706,0.783
823979,2026-09-16,R,Seattle Mariners,Los Angeles Angels,7,2,0,George Kirby,Yusei Kikuchi,5.0,4.0,4.235294117647059,3.0,44.0,40.0,5.0,6.0,4.829268292682927,2.0,70.0,61.0,1,22.5,26.1,9.6,5.5,0.693,0.727
824140,2026-09-16,R,Kansas City Royals,Houston Astros,5,2,0,Daniel Lynch IV,Cristian Javier,6.0,6.0,4.090909090909091,4.0,42.0,49.0,7.0,5.0,4.137096774193548,2.0,43.0,53.0,1,21.7,15.6,9.6,9.0,0.74,0.721
824306,2026-09-16,R,San Diego Padres,Colorado Rockies,9,3,0,Robbie Ray,Mason Adams,5.0,5.0,7.363636363636363,5.0,63.0,86.0,5.0,5.0,4.411764705882353,3.3333333333333335,59.0,56.0,0,,24.6,,9.7,0.679,0.72
824382,2026-09-16,R,Chicago White Sox,Cleveland Guardians,3,6,1,Anthony Kay,Parker Messick,5.0,5.333333333333333,2.8421052631578947,5.0,62.0,75.0,5.0,4.0,2.915492957746479,8.0,48.0,56.0,0,23.0,,3.6,,0.647,0.699
824467,2026-09-16,R,Los Angeles Dodgers,Cincinnati Reds,2,6,1,Blake Snell,Andrew Abbott,5.0,2.0,5.981012658227848,4.0,51.0,91.0,5.0,5.666666666666667,3.956896551724138,2.0,71.0,42.0,0,21.8,28.3,6.3,10.2,0.653,0.765
824626,2026-09-16,R,Atlanta Braves,Chicago Cubs,4,8,1,JR Ritchie,Shota Imanaga,5.0,6.0,3.2238805970149254,3.3333333333333335,63.0,60.0,45.0,4.0,3.1013513513513513,3.0,58.0,52.0,1,20.6,,4.6,,0.751,0.716
825031,2026-09-16,R,Miami Marlins,Arizona Diamondbacks,4,3,0,Ryan Gusto,Merrill Kelly,5.0,4.333333333333333,2.184971098265896,6.0,48.0,45.0,5.0,6.0,4.344827586206897,8.0,74.0,82.0,1,22.3,21.4,6.4,7.9,0.764,0.729
822845,2026-09-17,R,Boston Red Sox,Texas Rangers,4,3,0,Sonny Gray,Tyler Alexander,57.0,2.0,4.5,5.0,63.0,53.0,6.0,6.0,2.4107142857142856,3.3333333333333335,41.0,36.0,1,19.4,26.7,7.1,5.0,0.695,0.743
822924,2026-09-17,R,Athletics,Tampa Bay Rays,1,10,1,Jeffrey Springs,Drew Rasmussen,6.0,7.0,4.576271186440678,4.0,60.0,40.0,6.0,5.0,3.478527607361963,5.333333333333333,49.0,60.0,1,21.7,19.4,6.3,7.6,0.667,0.752
823334,2026-09-17,R,Milwaukee Brewers,Pittsburgh Pirates,4,7,1,Kyle Harrison,Wilber Dotel,6.0,2.0,4.383116883116883,4.0,37.0,42.0,11.0,3.6666666666666665,5.361702127659575,4.0,84.0,56.0,0,,24.4,,9.0,0.635,0.737
823573,2026-09-17,R,Philadelphia Phillies,New York Mets,3,0,0,Aaron Nola,Nolan McLean,6.0,5.0,4.891304347826087,6.0,73.0,66.0,6.0,6.333333333333333,5.823529411764706,2.0,50.0,55.0,0,30.3,24.0,8.5,6.9,0.777,0.764
823978,2026-09-17,R,Minnesota Twins,Los Angeles Angels,4,5,1,Taj Bradley,Walbert Ureña,5.0,6.0,3.532710280373832,4.666666666666667,43.0,41.0,6.0,6.0,5.76,7.0,34.0,69.0,0,,21.0,,9.3,0.693,0.708
824141,2026-09-17,R,Kansas City Royals,Houston Astros,2,6,1,Seth Lugo,Miguel Ullola,6.0,1.0,4.335766423357664,3.6666666666666665,42.0,54.0,6.0,5.0,3.7016129032258065,4.0,42.0,46.0,1,,20.5,,9.0,0.706,0.721
824305,2026-09-17,R,San Diego Padres,Colorado Rockies,9,2,0,Michael King,Tanner Gordon,5.0,4.0,7.795774647887324,4.666666666666667,60.0,90.0,5.0,7.0,3.96,3.0,65.0,52.0,0,18.4,24.7,5.0,8.4,0.679,0.72
824464,2026-09-17,R,Los Angeles Dodgers,Cincinnati Reds,8,2,0,Justin Wrobleski,Brady Singer,5.0,4.0,6.075,4.333333333333333,50.0,90.0,11.0,3.0,4.21875,7.0,67.0,40.0,0,22.8,27.1,8.4,6.1,0.653,0.77
824548,2026-09-17,R,Detroit Tigers,Chicago White Sox,1,3,1,Framber Valdez,Erick Fedde,13.0,5.0,3.096330275229358,4.0,51.0,60.0,6.0,6.0,2.1315789473684212,4.0,73.0,44.0,0,13.3,23.3,10.8,8.5,0.699,0.712
822847,2026-09-18,R,Toronto Blue Jays,Texas Rangers,1,7,1,Dylan Cease,Kumar Rocker,6.0,4.0,4.660714285714286,8.0,60.0,57.0,5.0,5.0,2.748502994011976,0.0,53.0,49.0,0,19.5,29.8,8.0,9.8,0.695,0.763
822923,2026-09-18,R,Boston Red Sox,Tampa Bay Rays,4,2,0,Ranger Suarez,Ian Seymour,6.0,6.0,4.239669421487603,4.0,70.0,35.0,6.0,7.0,1.945945945945946,2.6666666666666665,39.0,34.0,0,26.4,23.2,7.9,5.8,0.667,0.743
823005,2026-09-18,R,Washington Nationals,St. Louis Cardinals,9,1,0,Cade Cavalli,Kyle Leahy,6.0,3.0,5.785714285714286,0.0,60.0,65.0,7.0,6.0,5.5928571428571425,0.0,43.0,54.0,0,22.0,18.3,7.7,6.8,0.692,0.715
823252,2026-09-18,R,Miami Marlins,San Diego Padres,2,8,1,Tyler Phillips,Nick Pivetta,5.0,4.0,3.7358490566037736,3.0,74.0,54.0,6.0,3.6666666666666665,4.153846153846154,0.0,66.0,72.0,0,26.4,16.6,6.9,7.7,0.72,0.729
823331,2026-09-18,R,Kansas City Royals,Pittsburgh Pirates,5,8,1,Randy Dobnak,Paul Skenes,6.0,7.0,4.529032258064516,7.0,39.0,44.0,6.0,5.666666666666667,4.137096774193548,3.0,37.0,49.0,0,29.5,5.3,5.7,10.5,0.662,0.721
823572,2026-09-18,R,Philadelphia Phillies,New York Mets,3,6,1,Tim Mayza,Zac Thornton,6.0,7.0,4.775510204081633,3.0,73.0,69.0,6.0,3.0,5.5,2.0,53.0,55.0,0,,20.3,,6.8,0.696,0.747
823898,2026-09-18,R,San Francisco Giants,Los Angeles Dodgers,2,8,1,Cesar Perdomo,Tyler Glasnow,6.0,4.0,4.367647058823529,6.0,72.0,40.0,6.0,4.666666666666667,2.958904109589041,0.0,63.0,60.0,0,29.0,,11.7,,0.765,0.722
823977,2026-09-18,R,Minnesota Twins,Los Angeles Angels,3,0,0,Connor Prielipp,Grayson Rodriguez,5.0,5.333333333333333,3.956896551724138,3.0,48.0,45.0,6.0,5.333333333333333,5.67515923566879,2.3333333333333335,38.0,74.0,1,,,,,0.701,0.708
824138,2026-09-18,R,Atlanta Braves,Houston Astros,6,2,0,Tyler Mahle,Peter Lambert,6.0,6.0,4.0588235294117645,8.333333333333334,42.0,54.0,6.0,7.0,3.664285714285714,0.0,53.0,60.0,0,,19.1,,8.4,0.706,0.721
824303,2026-09-18,R,Seattle Mariners,Colorado Rockies,5,4,0,Bryan Woo,Gabriel Hughes,5.0,2.0,7.25625,6.0,62.0,99.0,6.0,6.0,4.098214285714286,0.0,65.0,53.0,0,,27.1,,4.9,0.679,0.747
824383,2026-09-18,R,Athletics,Cleveland Guardians,3,5,1,Mason Barnett,Daniel Espino,6.0,2.0,2.653179190751445,0.0,65.0,61.0,32.0,2.6666666666666665,3.7358490566037736,4.666666666666667,43.0,66.0,0,,17.3,,10.6,0.679,0.752
824463,2026-09-18,R,Chicago Cubs,Cincinnati Reds,4,6,1,Clay Holmes,Chase Burns,5.0,3.0,5.6440677966101696,5.666666666666667,52.0,98.0,6.0,5.666666666666667,3.5702479338842976,0.0,64.0,54.0,0,35.6,18.2,8.5,9.3,0.723,0.751
824547,2026-09-18,R,Detroit Tigers,Chicago White Sox,11,8,0,Andrew Sears,David Sandlin,5.0,5.666666666666667,3.0821917808219177,4.333333333333333,52.0,55.0,6.0,4.333333333333333,2.012422360248447,3.0,74.0,47.0,1,,,,,0.699,0.712
824790,2026-09-18,R,Milwaukee Brewers,Baltimore Orioles,6,5,0,Dustin May,Cade Povich,18.0,5.0,2.562043795620438,0.0,48.0,53.0,7.0,6.0,5.159235668789809,6.333333333333333,87.0,61.0,0,24.2,21.1,8.8,9.6,0.713,0.734
825032,2026-09-18,R,New York Yankees,Arizona Diamondbacks,9,2,0,Gerrit Cole,Eduardo Rodriguez,5.0,5.333333333333333,2.3048780487804876,0.0,50.0,49.0,6.0,4.333333333333333,3.073170731707317,0.0,61.0,40.0,0,20.6,,8.6,,0.764,0.797
822843,2026-09-19,R,Toronto Blue Jays,Texas Rangers,2,6,1,José Soriano,Cal Quantrill,6.0,6.0,3.930379746835443,4.666666666666667,61.0,51.0,5.0,6.333333333333333,2.8333333333333335,5.333333333333333,45.0,54.0,1,16.6,21.0,6.8,10.8,0.695,0.763
822921,2026-09-19,R,Boston Red Sox,Tampa Bay Rays,1,2,1,Brayan Bello,Freddy Peralta,6.0,5.0,3.456,4.0,65.0,33.0,12.0,5.0,2.1130434782608694,3.3333333333333335,42.0,36.0,0,28.2,17.7,9.1,8.4,0.735,0.745
823003,2026-09-19,R,Washington Nationals,St. Louis Cardinals,8,5,0,Andrew Alvarez,Michael McGreevy,6.0,6.0,4.993150684931507,6.0,54.0,68.0,7.0,7.0,5.475524475524476,4.0,49.0,50.0,0,14.5,20.4,5.0,10.2,0.695,0.715
823249,2026-09-19,R,Miami Marlins,San Diego Padres,6,7,1,Eury Pérez,Casey Mize,5.0,5.0,3.980769230769231,4.0,79.0,54.0,6.0,5.0,4.605882352941176,4.333333333333333,67.0,74.0,1,22.2,27.3,5.7,8.3,0.72,0.729
823330,2026-09-19,R,Kansas City Royals,Pittsburgh Pirates,5,6,1,Noah Cameron,Bubba Chandler,6.0,5.333333333333333,4.529032258064516,3.0,46.0,49.0,6.0,6.0,4.104,4.333333333333333,40.0,48.0,1,25.0,20.5,3.2,7.7,0.635,0.721
823571,2026-09-19,R,Philadelphia Phillies,New York Mets,3,10,1,Andrew Painter,Christian Scott,6.0,6.0,4.224489795918367,3.0,69.0,66.0,6.0,5.0,5.090163934426229,7.666666666666667,54.0,56.0,0,,,,,0.777,0.764
823899,2026-09-19,R,San Francisco Giants,Los Angeles Dodgers,4,10,1,Yunior Marte,Tarik Skubal,5.0,7.0,3.7720588235294117,3.0,75.0,39.0,21.0,4.666666666666667,3.6382978723404253,3.3333333333333335,59.0,58.0,1,32.2,,4.4,,0.77,0.631
823976,2026-09-19,R,Minnesota Twins,Los Angeles Angels,5,6,1,Joe Ryan,Reid Detmers,5.0,6.0,3.923076923076923,2.3333333333333335,48.0,47.0,6.0,4.0,5.785714285714286,2.0,40.0,70.0,1,30.1,28.2,9.4,5.7,0.693,0.706
824137,2026-09-19,R,Atlanta Braves,Houston Astros,6,3,0,Grant Holmes,Hayden Wesneski,6.0,3.0,4.796052631578948,3.6666666666666665,41.0,59.0,6.0,4.0,3.857142857142857,3.0,54.0,60.0,0,22.1,25.0,4.6,11.0,0.706,0.721
824304,2026-09-19,R,Seattle Mariners,Colorado Rockies,3,5,1,Bryce Miller,Jose Quintana,118.0,1.3333333333333333,7.211180124223603,4.333333333333333,60.0,97.0,6.0,5.0,4.418181818181818,3.6666666666666665,64.0,50.0,0,16.0,18.9,9.0,8.7,0.679,0.727
824380,2026-09-19,R,Athletics,Cleveland Guardians,6,12,1,Jacob Lopez,Tanner Bibee,6.0,6.666666666666667,2.618181818181818,8.0,59.0,55.0,6.0,3.6666666666666665,4.032467532467533,4.666666666666667,39.0,65.0,1,21.3,28.3,7.1,9.3,0.647,0.752
824461,2026-09-19,R,Chicago Cubs,Cincinnati Reds,5,2,0,Matthew Boyd,Nick Lodolo,5.0,7.0,5.4,6.0,51.0,92.0,6.0,5.333333333333333,3.6,2.6666666666666665,62.0,59.0,1,24.3,21.4,4.8,5.8,0.653,0.751
824545,2026-09-19,R,Detroit Tigers,Chicago White Sox,1,3,1,Jackson Jobe,Sean Burke,11.0,1.3333333333333333,3.6486486486486487,5.0,56.0,65.0,6.0,6.333333333333333,1.8333333333333333,8.333333333333334,76.0,44.0,1,22.3,17.9,10.6,12.4,0.666,0.712
824788,2026-09-19,R,Milwaukee Brewers,Baltimore Orioles,1,0,0,Robert Gasser,Trevor Rogers,6.0,6.0,2.7364864864864864,6.333333333333333,53.0,58.0,6.0,5.0,5.072727272727272,7.666666666666667,83.0,59.0,0,24.3,17.2,6.9,13.8,0.661,0.734
825029,2026-09-19,R,New York Yankees,Arizona Diamondbacks,3,5,1,Cam Schlittler,Brandon Pfaadt,7.0,6.666666666666667,2.396449704142012,3.6666666666666665,51.0,55.0,6.0,6.0,2.9008264462809916,3.0,68.0,39.0,0,19.2,27.6,4.8,10.2,0.764,0.783
822844,2026-09-20,R,Toronto Blue Jays,Texas Rangers,7,2,0,Spencer Miles,Jacob deGrom,5.0,5.0,3.514792899408284,7.666666666666667,64.0,47.0,8.0,2.0,2.8509316770186337,3.0,43.0,57.0,1,27.7,,5.5,,0.695,0.763
822922,2026-09-20,R,Boston Red Sox,Tampa Bay Rays,1,5,1,Patrick Sandoval,Griffin Jax,5.0,5.0,3.0,3.3333333333333335,61.0,31.0,5.0,2.6666666666666665,2.189189189189189,0.6666666666666666,38.0,38.0,0,35.0,,7.4,,0.667,0.745
823001,2026-09-20,R,Washington Nationals,St. Louis Cardinals,3,5,1,Jake Irvin,Quinn Mathews,6.0,6.666666666666667,4.153846153846154,7.0,52.0,66.0,13.0,5.666666666666667,4.618421052631579,5.0,52.0,49.0,0,,15.8,,7.9,0.692,0.639
823247,2026-09-20,R,Miami Marlins,San Diego Padres,3,7,1,Sandy Alcantara,Walker Buehler,5.0,4.666666666666667,4.127388535031847,7.0,85.0,55.0,6.0,5.0,4.578947368421052,4.666666666666667,68.0,75.0,1,16.3,19.1,10.6,7.7,0.72,0.729
823329,2026-09-20,R,Kansas City Royals,Pittsburgh Pirates,3,4,1,Michael Wacha,Lake Bachar,5.0,2.0,4.272151898734177,5.0,51.0,48.0,5.0,6.0,4.764705882352941,2.0,42.0,50.0,1,25.3,17.6,10.1,6.3,0.662,0.721
823570,2026-09-20,R,Philadelphia Phillies,New York Mets,7,2,0,Cristopher Sánchez,Jonah Tong,6.0,6.0,3.6486486486486487,4.333333333333333,74.0,60.0,5.0,6.333333333333333,6.24793388429752,2.6666666666666665,53.0,64.0,0,25.3,26.3,10.3,5.5,0.696,0.764
823896,2026-09-20,R,San Francisco Giants,Los Angeles Dodgers,1,3,1,Matt Wilkinson,Jack Dreyer,81.0,1.0,3.6906474820143886,4.0,79.0,38.0,16.0,3.0,3.302158273381295,3.3333333333333335,54.0,63.0,1,24.1,,7.8,,0.765,0.631
823975,2026-09-20,R,Minnesota Twins,Los Angeles Angels,8,0,0,Dean Kremer,Ryan Johnson,5.0,6.0,3.642857142857143,6.0,48.0,51.0,6.0,5.666666666666667,6.113207547169812,5.666666666666667,39.0,72.0,1,22.2,20.1,6.9,6.4,0.693,0.708
824139,2026-09-20,R,Atlanta Braves,Houston Astros,4,2,0,Martín Pérez,Hunter Brown,5.0,5.0,5.5479452054794525,3.6666666666666665,41.0,61.0,5.0,6.0,4.169117647058823,3.0,58.0,59.0,0,28.3,19.3,7.8,9.6,0.74,0.721
824300,2026-09-20,R,Seattle Mariners,Colorado Rockies,2,1,0,Kade Anderson,Tomoyuki Sugano,6.0,5.0,6.460122699386503,5.0,55.0,93.0,6.0,4.333333333333333,4.864864864864865,2.6666666666666665,65.0,49.0,0,15.7,,5.3,,0.679,0.747
824381,2026-09-20,R,Athletics,Cleveland Guardians,0,1,1,Jack Perkins,Gavin Williams,6.0,5.0,2.076923076923077,4.333333333333333,71.0,55.0,5.0,6.666666666666667,3.7865853658536586,5.333333333333333,39.0,75.0,1,24.6,23.0,11.8,11.2,0.679,0.752
824462,2026-09-20,R,Chicago Cubs,Cincinnati Reds,9,1,0,David Peterson,Rhett Lowder,5.0,5.0,5.842105263157895,2.0,48.0,94.0,6.0,6.0,3.176470588235294,4.0,61.0,56.0,1,,20.7,,9.0,0.653,0.751
824546,2026-09-20,R,Detroit Tigers,Chicago White Sox,1,8,1,Troy Melton,Davis Martin,11.0,5.0,3.608294930875576,3.0,55.0,60.0,6.0,2.6666666666666665,1.8333333333333333,2.0,71.0,47.0,1,17.3,20.0,8.0,8.3,0.666,0.712
824789,2026-09-20,R,Milwaukee Brewers,Baltimore Orioles,3,0,0,Jacob Misiorowski,Brandon Young,6.0,5.0,2.4893617021276597,1.0,53.0,54.0,5.0,5.0,4.784810126582278,2.0,81.0,54.0,0,18.4,32.0,8.6,11.0,0.713,0.737
825028,2026-09-20,R,New York Yankees,Arizona Diamondbacks,4,8,1,Will Warren,Corbin Burnes,6.0,4.666666666666667,2.6686046511627906,4.666666666666667,52.0,55.0,6.0,5.666666666666667,3.4913793103448274,2.3333333333333335,66.0,43.0,0,23.8,24.1,9.8,9.1,0.764,0.783
823169,2026-09-21,R,Minnesota Twins,San Francisco Giants,2,5,1,Zebby Matthews,Blade Tidwell,6.0,6.666666666666667,3.0422535211267605,3.0,53.0,62.0,5.0,6.0,4.643312101910828,3.0,46.0,62.0,0,12.8,24.9,12.8,6.8,0.722,0.708
824221,2026-09-21,R,Washington Nationals,Detroit Tigers,2,9,1,DJ Herz,River Ryan,,,2.4846625766871164,4.333333333333333,70.0,52.0,,,4.530201342281879,2.6666666666666665,50.0,47.0,0,,,,,0.774,0.715
824787,2026-09-21,R,Toronto Blue Jays,Baltimore Orioles,3,4,1,Trey Yesavage,Shane Baz,6.0,4.0,2.8,3.0,52.0,54.0,48.0,2.0,3.035502958579882,6.0,49.0,53.0,0,24.8,25.8,9.0,11.3,0.713,0.763
822840,2026-09-22,R,New York Mets,Texas Rangers,6,3,0,Sean Manaea,MacKenzie Gore,6.0,4.0,4.090909090909091,0.0,58.0,48.0,7.0,5.333333333333333,4.5661764705882355,0.0,63.0,61.0,0,27.2,28.5,9.3,4.6,0.653,0.696
823089,2026-09-22,R,Houston Astros,Seattle Mariners,7,0,0,Cristian Javier,Logan Gilbert,7.0,6.0,4.973684210526316,0.0,65.0,50.0,6.0,5.333333333333333,6.0394736842105265,0.0,41.0,62.0,0,32.3,21.7,5.8,9.6,0.747,0.706
823166,2026-09-22,R,Minnesota Twins,San Francisco Giants,3,2,0,Taj Bradley,Anthony Molina,6.0,5.666666666666667,3.0,5.666666666666667,53.0,60.0,5.0,7.0,4.383116883116883,3.0,44.0,62.0,1,15.0,21.0,3.8,9.3,0.722,0.708
823328,2026-09-22,R,St. Louis Cardinals,Pittsburgh Pirates,0,2,1,Andre Pallante,Jared Jones,6.0,5.0,4.2631578947368425,0.0,54.0,51.0,7.0,5.0,4.295454545454546,0.0,43.0,56.0,0,,15.5,,8.7,0.662,0.692
823412,2026-09-22,R,Milwaukee Brewers,Philadelphia Phillies,4,6,1,Dustin May,Zack Wheeler,6.0,7.0,5.2682926829268295,0.0,55.0,61.0,4.0,2.3333333333333335,3.6,0.0,72.0,39.0,0,33.3,21.1,5.6,9.6,0.764,0.737
823543,2026-09-22,R,Tampa Bay Rays,New York Yankees,0,2,1,Nick Martinez,Carlos Rodón,6.0,6.0,4.137096774193548,0.0,67.0,47.0,6.0,5.0,2.6341463414634148,0.0,60.0,24.0,0,25.7,17.0,9.3,6.1,0.783,0.667
823897,2026-09-22,R,San Diego Padres,Los Angeles Dodgers,0,7,1,Michael King,Brock Stewart,,,3.2,0.0,69.0,31.0,5.0,6.0,3.7762237762237763,0.0,85.0,53.0,0,27.7,24.7,8.2,8.4,0.77,0.72
824061,2026-09-22,R,Chicago White Sox,Kansas City Royals,14,11,0,Anthony Kay,Daniel Lynch IV,6.0,5.0,4.885714285714286,0.0,35.0,48.0,6.0,4.0,3.7464114832535884,0.0,53.0,60.0,0,15.6,,9.0,,0.659,0.699
824222,2026-09-22,R,Washington Nationals,Detroit Tigers,3,1,0,Riley Cornelio,Drew Anderson,7.0,5.0,2.6842105263157894,6.0,74.0,50.0,9.0,2.0,5.259740259740259,4.0,50.0,53.0,1,,,,,0.712,0.715
824302,2026-09-22,R,Arizona Diamondbacks,Colorado Rockies,7,2,0,Michael Soroka,Kyle Freeland,7.0,4.0,5.833333333333333,0.0,48.0,85.0,7.0,5.0,2.221518987341772,0.0,52.0,53.0,0,17.5,25.1,5.4,7.7,0.679,0.742
824624,2026-09-22,R,Miami Marlins,Chicago Cubs,8,2,0,Janson Junk,Shota Imanaga,6.0,6.0,2.6052631578947367,0.0,64.0,43.0,7.0,3.0,5.4,0.0,57.0,70.0,0,20.6,17.2,4.6,2.9,0.751,0.656
824709,2026-09-22,R,Cleveland Guardians,Boston Red Sox,3,2,0,Parker Messick,Payton Tolle,9.0,6.0,2.032258064516129,0.0,31.0,40.0,6.0,6.0,2.0342465753424657,0.0,65.0,47.0,0,25.7,23.0,10.8,3.6,0.743,0.647
824867,2026-09-22,R,Cincinnati Reds,Atlanta Braves,4,0,0,Brandon Williamson,JR Ritchie,6.0,4.666666666666667,3.8,0.0,57.0,56.0,20.0,5.333333333333333,6.0,0.0,34.0,89.0,0,,,,,0.716,0.723
824953,2026-09-22,R,Los Angeles Angels,Athletics,7,9,1,Yusei Kikuchi,Brady Basso,6.0,2.6666666666666665,3.9865771812080535,0.0,33.0,69.0,6.0,4.333333333333333,4.464566929133858,0.0,46.0,53.0,0,14.3,22.5,16.1,9.6,0.74,0.701
823494,2026-09-22,R,Tampa Bay Rays,New York Yankees,6,1,0,Drew Rasmussen,Max Fried,7.0,7.0,4.039370078740157,0.0,69.0,47.0,5.0,5.0,2.511627906976744,0.0,60.0,26.0,1,23.6,21.7,6.4,6.3,0.783,0.667
822841,2026-09-23,R,New York Mets,Texas Rangers,7,2,0,Nolan McLean,Cody Bradford,14.0,4.0,4.5,4.0,51.0,49.0,6.0,6.0,4.466165413533835,3.0,62.0,59.0,0,,30.3,,8.5,0.695,0.696
823086,2026-09-23,R,Houston Astros,Seattle Mariners,5,6,1,Ethan Pecko,George Kirby,7.0,4.333333333333333,4.300884955752212,5.0,60.0,47.0,18.0,4.333333333333333,5.2682926829268295,7.0,42.0,57.0,0,26.1,,5.5,,0.747,0.706
823168,2026-09-23,R,Minnesota Twins,San Francisco Giants,4,2,0,Connor Prielipp,Cesar Perdomo,5.0,4.666666666666667,3.0,3.0,53.0,62.0,5.0,7.0,4.6490066225165565,3.0,44.0,62.0,1,,,,,0.631,0.706
823327,2026-09-23,R,St. Louis Cardinals,Pittsburgh Pirates,5,1,0,Matthew Liberatore,Lake Bachar,3.0,1.0,4.178571428571429,2.0,47.0,48.0,7.0,6.0,4.5,2.0,42.0,56.0,1,25.3,18.8,10.1,6.2,0.635,0.692
823410,2026-09-23,R,Milwaukee Brewers,Philadelphia Phillies,4,1,0,Logan Henderson,Aaron Nola,6.0,7.0,5.355371900826446,3.3333333333333335,56.0,59.0,7.0,5.0,3.611464968152866,6.0,72.0,42.0,1,24.0,33.3,6.9,8.1,0.764,0.737
823492,2026-09-23,R,Tampa Bay Rays,New York Yankees,2,9,1,Mason Englert,Gerrit Cole,5.0,6.0,4.0078125,3.3333333333333335,65.0,50.0,68.0,5.0,2.5511811023622046,4.333333333333333,59.0,26.0,1,,23.8,,5.9,0.783,0.735
823894,2026-09-23,R,San Diego Padres,Los Angeles Dodgers,5,1,0,Robbie Ray,Yoshinobu Yamamoto,8.0,7.0,2.8051948051948052,8.0,73.0,29.0,7.0,6.0,3.910344827586207,4.0,80.0,56.0,1,29.4,24.6,8.6,9.7,0.765,0.72
824060,2026-09-23,R,Chicago White Sox,Kansas City Royals,4,5,1,Bryan Hudson,Seth Lugo,6.0,5.0,5.6571428571428575,5.0,43.0,57.0,17.0,1.6666666666666667,4.567164179104478,5.0,64.0,62.0,0,20.5,25.3,9.0,17.3,0.659,0.666
824223,2026-09-23,R,Washington Nationals,Detroit Tigers,4,2,0,Richard Lovelady,Framber Valdez,6.0,5.0,2.7159763313609466,3.0,73.0,50.0,107.0,1.0,4.443037974683544,6.333333333333333,49.0,49.0,1,23.3,21.1,8.5,10.5,0.774,0.639
824301,2026-09-23,R,Arizona Diamondbacks,Colorado Rockies,5,3,0,Merrill Kelly,Mason Adams,7.0,4.333333333333333,5.368421052631579,6.0,47.0,87.0,7.0,4.666666666666667,2.1214285714285714,2.0,54.0,52.0,0,,22.3,,6.4,0.679,0.764
824625,2026-09-23,R,Miami Marlins,Chicago Cubs,3,2,0,Ryan Gusto,Kevin Gausman,8.0,5.666666666666667,3.375,7.0,63.0,47.0,7.0,4.333333333333333,5.3312101910828025,7.0,60.0,65.0,0,24.4,21.4,6.5,7.9,0.751,0.729
824710,2026-09-23,R,Cleveland Guardians,Boston Red Sox,0,1,1,Foster Griffin,Sonny Gray,6.0,6.333333333333333,1.7234042553191489,3.3333333333333335,32.0,37.0,8.0,4.0,2.25,4.0,59.0,44.0,0,26.7,,5.0,,0.743,0.679
824785,2026-09-23,R,Toronto Blue Jays,Baltimore Orioles,2,4,1,Max Scherzer,Chris Bassitt,7.0,6.666666666666667,2.4545454545454546,0.0,45.0,44.0,7.0,5.0,3.335294117647059,0.0,43.0,49.0,1,22.6,22.9,7.1,6.4,0.713,0.763
824868,2026-09-23,R,Cincinnati Reds,Atlanta Braves,2,3,1,Andrew Abbott,Chris Sale,12.0,7.0,4.153846153846154,4.0,56.0,53.0,7.0,4.666666666666667,6.037267080745342,3.0,36.0,86.0,0,32.4,21.8,6.3,6.3,0.716,0.653
824951,2026-09-23,R,Los Angeles Angels,Athletics,3,7,1,Walbert Ureña,Jeffrey Springs,6.0,3.3333333333333335,4.10126582278481,7.0,40.0,72.0,6.0,7.0,5.785714285714286,2.6666666666666665,47.0,61.0,1,19.4,,7.6,,0.752,0.701
824784,2026-09-23,R,Toronto Blue Jays,Baltimore Orioles,2,4,1,CJ Van Eyk,Trey Gibson,85.0,2.6666666666666665,2.2330827067669174,0.0,49.0,46.0,,,3.1675977653631286,0.0,45.0,53.0,1,,,,,0.713,0.763
822842,2026-09-24,R,New York Mets,Texas Rangers,1,3,1,Zac Thornton,Kumar Rocker,6.0,4.333333333333333,5.241176470588235,4.666666666666667,51.0,53.0,6.0,6.0,2.3951612903225805,2.0,54.0,47.0,0,19.5,,8.0,,0.653,0.777
823087,2026-09-24,R,Los Angeles Angels,Seattle Mariners,6,4,0,Grayson Rodriguez,Bryan Woo,6.0,5.333333333333333,3.857142857142857,5.0,63.0,50.0,6.0,6.666666666666667,5.8604651162790695,4.0,44.0,64.0,0,27.1,,4.9,,0.747,0.693
823326,2026-09-24,R,St. Louis Cardinals,Pittsburgh Pirates,1,2,1,Kyle Leahy,Paul Skenes,6.0,6.0,4.660714285714286,7.333333333333333,44.0,51.0,6.0,3.0,3.2481203007518795,3.3333333333333335,41.0,50.0,1,29.5,22.0,5.7,7.7,0.662,0.692
823411,2026-09-24,R,Milwaukee Brewers,Philadelphia Phillies,5,1,0,Shane Drohan,Andrew Painter,5.0,5.333333333333333,5.132231404958677,3.0,46.0,56.0,12.0,3.6666666666666665,2.751592356687898,4.0,68.0,37.0,1,,,,,0.747,0.737
823493,2026-09-24,R,Tampa Bay Rays,New York Yankees,4,6,1,Ian Seymour,Cam Schlittler,5.0,6.0,3.9767441860465116,3.3333333333333335,68.0,51.0,6.0,5.0,2.53125,4.333333333333333,54.0,33.0,1,27.6,26.4,10.2,7.9,0.797,0.735
823895,2026-09-24,R,San Diego Padres,Los Angeles Dodgers,4,2,0,Nick Pivetta,Tyler Glasnow,6.0,6.0,2.9235668789808917,3.0,60.0,33.0,6.0,5.0,3.992957746478873,5.666666666666667,76.0,55.0,1,29.0,26.4,11.7,6.9,0.77,0.72
824059,2026-09-24,R,Chicago White Sox,Kansas City Royals,9,1,0,David Sandlin,Randy Dobnak,6.0,3.6666666666666665,5.4,5.666666666666667,43.0,59.0,6.0,4.0,4.0754716981132075,7.666666666666667,66.0,63.0,0,5.3,,10.5,,0.721,0.666
824298,2026-09-24,R,Arizona Diamondbacks,Colorado Rockies,12,8,0,Eduardo Rodriguez,Tanner Gordon,7.0,3.0,5.275862068965517,3.0,49.0,86.0,6.0,5.333333333333333,1.7737226277372262,3.6666666666666665,57.0,50.0,0,18.4,20.6,5.0,8.6,0.679,0.764
824623,2026-09-24,R,Miami Marlins,Chicago Cubs,1,2,1,Tyler Phillips,Matthew Boyd,5.0,5.0,3.6610169491525424,3.3333333333333335,59.0,42.0,6.0,3.6666666666666665,4.32,3.6666666666666665,49.0,52.0,0,21.4,16.6,5.8,7.7,0.751,0.656
824707,2026-09-24,R,Cleveland Guardians,Boston Red Sox,1,0,0,Daniel Espino,Ranger Suarez,6.0,5.666666666666667,1.7608695652173914,3.0,29.0,31.0,6.0,1.0,2.43609022556391,2.0,54.0,36.0,0,23.2,,5.8,,0.745,0.647
824866,2026-09-24,R,Cincinnati Reds,Atlanta Braves,7,6,0,Brady Singer,Tyler Mahle,6.0,6.0,4.153846153846154,4.333333333333333,57.0,48.0,7.0,3.3333333333333335,5.084415584415584,2.3333333333333335,37.0,75.0,0,19.1,22.8,8.4,8.4,0.721,0.723
824950,2026-09-24,R,Houston Astros,Athletics,7,5,0,Peter Lambert,Mason Barnett,6.0,3.3333333333333335,4.127388535031847,4.666666666666667,45.0,75.0,6.0,5.333333333333333,4.474285714285714,6.666666666666667,40.0,52.0,0,17.3,,10.6,,0.752,0.706
822681,2026-09-25,R,New York Mets,Washington Nationals,6,7,1,Jefry Yan,Andrew Alvarez,6.0,6.0,3.9036144578313254,0.0,51.0,42.0,,,2.43609022556391,3.0,55.0,50.0,0,20.4,,10.2,,0.639,0.696
822760,2026-09-25,R,Cincinnati Reds,Toronto Blue Jays,5,6,1,Nick Lodolo,José Soriano,6.0,5.0,3.07185628742515,0.0,47.0,55.0,6.0,7.0,4.709302325581396,6.0,44.0,81.0,0,21.0,24.3,10.8,4.8,0.755,0.723
823085,2026-09-25,R,Los Angeles Angels,Seattle Mariners,7,5,0,Reid Detmers,Bryce Miller,6.0,5.333333333333333,3.9193548387096775,3.6666666666666665,63.0,53.0,6.0,5.0,5.361702127659575,4.0,50.0,68.0,0,18.9,30.1,8.7,9.4,0.727,0.693
823167,2026-09-25,R,Los Angeles Dodgers,San Francisco Giants,2,0,0,Tarik Skubal,Yunior Marte,6.0,4.666666666666667,3.4714285714285715,0.0,48.0,60.0,6.0,5.0,2.9454545454545453,2.6666666666666665,62.0,37.0,0,,32.2,,4.4,0.631,0.77
823248,2026-09-25,R,Arizona Diamondbacks,San Diego Padres,11,4,0,Brandon Pfaadt,Casey Mize,6.0,3.0,4.006451612903226,4.333333333333333,80.0,57.0,6.0,4.333333333333333,2.7739726027397262,3.0,69.0,58.0,0,22.2,19.2,5.7,4.8,0.72,0.764
823409,2026-09-25,R,Tampa Bay Rays,Philadelphia Phillies,2,0,0,Freddy Peralta,Cristopher Sánchez,5.0,6.333333333333333,5.661290322580645,3.0,46.0,59.0,6.0,5.666666666666667,3.0681818181818183,3.0,57.0,36.0,0,26.3,28.2,5.5,9.1,0.764,0.667
823491,2026-09-25,R,Baltimore Orioles,New York Yankees,10,2,0,Trevor Rogers,Brendan Beck,83.0,3.6666666666666665,3.9461538461538463,6.0,64.0,52.0,6.0,8.0,2.7,0.0,44.0,43.0,0,,24.3,,6.9,0.797,0.713
823652,2026-09-25,R,Texas Rangers,Minnesota Twins,2,10,1,Jacob deGrom,Joe Ryan,6.0,5.0,4.468965517241379,0.0,46.0,57.0,5.0,4.333333333333333,4.448863636363637,4.0,51.0,50.0,0,28.2,27.7,5.7,5.5,0.708,0.695
823735,2026-09-25,R,St. Louis Cardinals,Milwaukee Brewers,4,8,1,Michael McGreevy,Robert Gasser,6.0,7.0,2.4545454545454546,6.333333333333333,73.0,38.0,6.0,4.0,2.8609271523178808,6.0,42.0,52.0,0,17.2,14.5,13.8,5.0,0.737,0.695
823816,2026-09-25,R,Atlanta Braves,Miami Marlins,0,3,1,Ray Kerr,Eury Pérez,6.0,4.666666666666667,4.333333333333333,4.0,50.0,54.0,,,4.169117647058823,4.0,60.0,54.0,0,27.3,,8.3,,0.656,0.721
824058,2026-09-25,R,Cleveland Guardians,Kansas City Royals,12,9,0,Gavin Williams,Noah Cameron,6.0,6.0,5.075187969924812,7.666666666666667,44.0,68.0,5.0,7.0,2.0636942675159236,8.0,55.0,36.0,0,20.5,24.6,7.7,11.8,0.721,0.647
824220,2026-09-25,R,Pittsburgh Pirates,Detroit Tigers,7,8,1,Bubba Chandler,Jackson Jobe,6.0,6.0,3.109090909090909,0.0,68.0,52.0,6.0,4.0,4.605882352941176,2.6666666666666665,44.0,52.0,0,17.9,25.0,12.4,3.2,0.712,0.662
824544,2026-09-25,R,Colorado Rockies,Chicago White Sox,1,6,1,Tomoyuki Sugano,Sean Burke,6.0,6.0,4.05,3.0,75.0,62.0,5.0,5.0,4.450549450549451,5.666666666666667,54.0,88.0,0,22.3,15.7,10.6,5.3,0.666,0.679
824703,2026-09-25,R,Chicago Cubs,Boston Red Sox,3,4,1,Clay Holmes,Alec Gamboa,27.0,1.3333333333333333,1.5576923076923077,4.0,29.0,32.0,7.0,5.333333333333333,3.4838709677419355,2.0,61.0,43.0,0,,18.2,,9.3,0.745,0.751
824947,2026-09-25,R,Houston Astros,Athletics,5,6,1,Hunter Brown,Jacob Lopez,6.0,2.6666666666666665,4.391566265060241,3.0,50.0,82.0,5.0,5.0,4.378378378378378,6.333333333333333,45.0,56.0,0,28.3,28.3,9.3,7.8,0.752,0.74
823489,2026-09-25,R,Baltimore Orioles,New York Yankees,3,6,1,Brandon Young,Ryan Yarbrough,68.0,2.6666666666666665,4.183098591549296,6.0,66.0,62.0,5.0,6.0,2.606896551724138,0.0,54.0,45.0,0,20.8,18.4,7.2,8.6,0.783,0.661
824706,2026-09-25,R,Chicago Cubs,Boston Red Sox,0,2,1,David Peterson,Brayan Bello,6.0,8.0,1.296,4.0,33.0,35.0,5.0,6.0,3.4,2.0,64.0,47.0,1,17.7,20.7,8.4,9.0,0.743,0.751
822678,2026-09-26,R,New York Mets,Washington Nationals,7,1,0,Jonah Tong,Connelly Early,88.0,4.0,3.8117647058823527,4.333333333333333,54.0,45.0,6.0,4.666666666666667,3.020979020979021,6.333333333333333,57.0,51.0,1,36.7,25.3,5.1,10.3,0.715,0.696
822759,2026-09-26,R,Cincinnati Reds,Toronto Blue Jays,5,1,0,Rhett Lowder,Trey Yesavage,5.0,2.0,2.8092485549132946,6.0,49.0,53.0,6.0,3.0,3.478527607361963,3.0,49.0,67.0,1,25.8,,11.3,,0.763,0.723
823083,2026-09-26,R,Los Angeles Angels,Seattle Mariners,4,8,1,Ryan Johnson,Kade Anderson,6.0,7.0,4.137096774193548,3.0,63.0,54.0,6.0,4.666666666666667,5.869565217391305,3.0,54.0,69.0,0,,22.2,,6.9,0.747,0.701
823165,2026-09-26,R,Los Angeles Dodgers,San Francisco Giants,4,3,0,Blake Snell,Matt Wilkinson,6.0,5.0,3.626865671641791,4.0,43.0,55.0,10.0,1.0,2.8509316770186337,2.0,58.0,35.0,0,,28.3,,10.2,0.631,0.765
823245,2026-09-26,R,Arizona Diamondbacks,San Diego Padres,7,10,1,Taylor Clarke,Walker Buehler,6.0,6.666666666666667,4.613924050632911,5.0,77.0,63.0,24.0,1.6666666666666667,2.9779411764705883,1.3333333333333333,71.0,61.0,0,16.3,21.4,10.6,4.4,0.72,0.764
823407,2026-09-26,R,Tampa Bay Rays,Philadelphia Phillies,12,1,0,Griffin Jax,Aaron Nola,3.0,6.0,5.538461538461538,2.0,41.0,55.0,6.0,5.0,2.9562043795620436,3.6666666666666665,56.0,35.0,0,24.0,35.0,6.9,7.4,0.764,0.735
823653,2026-09-26,R,Texas Rangers,Minnesota Twins,6,2,0,Nathan Eovaldi,Bailey Ober,11.0,5.333333333333333,3.537931034482759,3.0,54.0,54.0,50.0,5.333333333333333,3.9886363636363638,4.0,52.0,51.0,1,19.2,26.0,5.0,4.2,0.708,0.695
823733,2026-09-26,R,St. Louis Cardinals,Milwaukee Brewers,2,3,1,Quinn Mathews,Dustin May,4.0,2.0,2.914772727272727,3.0,61.0,42.0,6.0,7.0,3.122448979591837,3.3333333333333335,39.0,57.0,1,21.1,,9.6,,0.734,0.692
823813,2026-09-26,R,Atlanta Braves,Miami Marlins,8,3,0,Brent Suter,Jack Ralston,,,3.8823529411764706,0.0,51.0,48.0,56.0,2.0,4.661870503597123,5.0,54.0,52.0,1,,18.2,,6.2,0.656,0.721
824057,2026-09-26,R,Cleveland Guardians,Kansas City Royals,11,5,0,Tanner Bibee,Michael Wacha,6.0,5.666666666666667,6.090225563909774,4.0,50.0,78.0,7.0,4.666666666666667,2.6503067484662575,5.666666666666667,62.0,43.0,0,17.6,21.3,6.3,7.1,0.721,0.679
824219,2026-09-26,R,Pittsburgh Pirates,Detroit Tigers,3,4,1,Kirby Yates,Justin Verlander,180.0,3.6666666666666665,3.718562874251497,3.6666666666666665,70.0,57.0,,,3.375,5.333333333333333,49.0,48.0,1,20.7,29.1,7.9,10.1,0.712,0.662
824543,2026-09-26,R,Colorado Rockies,Chicago White Sox,9,6,0,Jose Quintana,Davis Martin,6.0,4.333333333333333,3.527638190954774,3.6666666666666665,78.0,56.0,7.0,4.0,4.11864406779661,1.3333333333333333,53.0,88.0,1,17.3,16.0,8.0,9.0,0.699,0.679
824949,2026-09-26,R,Houston Astros,Athletics,13,2,0,Hayden Wesneski,Jack Perkins,6.0,6.0,5.0625,3.0,50.0,82.0,7.0,5.333333333333333,4.7368421052631575,2.6666666666666665,49.0,59.0,0,23.0,22.1,11.2,4.6,0.752,0.706
822679,2026-09-27,R,New York Mets,Washington Nationals,4,6,1,Sean Manaea,DJ Herz,6.0,4.0,3.7709497206703912,6.0,49.0,47.0,5.0,6.0,2.8993288590604025,4.0,52.0,50.0,1,,28.5,,4.6,0.639,0.696
822761,2026-09-27,R,Cincinnati Reds,Toronto Blue Jays,1,5,1,Brandon Williamson,Max Scherzer,4.0,5.0,2.653179190751445,7.0,43.0,55.0,5.0,6.0,2.86875,3.0,45.0,55.0,1,22.9,,6.4,,0.755,0.723
823084,2026-09-27,R,Los Angeles Angels,Seattle Mariners,3,7,1,Yusei Kikuchi,Logan Gilbert,5.0,4.0,4.295454545454546,5.666666666666667,52.0,57.0,5.0,5.333333333333333,6.5036496350364965,3.0,53.0,71.0,0,32.3,22.5,5.8,9.6,0.727,0.693
823164,2026-09-27,R,Los Angeles Dodgers,San Francisco Giants,5,1,0,Jack Dreyer,Carson Seymour,382.0,1.3333333333333333,3.884892086330935,6.0,40.0,52.0,7.0,1.0,3.1280487804878048,5.0,59.0,34.0,0,16.7,24.1,8.3,7.8,0.631,0.77
823246,2026-09-27,R,Arizona Diamondbacks,San Diego Padres,4,9,1,Michael Soroka,Randy Vásquez,26.0,4.666666666666667,4.339285714285714,5.333333333333333,80.0,64.0,5.0,7.0,4.291390728476821,7.333333333333333,76.0,65.0,0,13.7,25.1,9.1,7.7,0.72,0.764
823408,2026-09-27,R,Tampa Bay Rays,Philadelphia Phillies,3,7,1,Nick Martinez,Zack Wheeler,5.0,5.666666666666667,5.785714285714286,8.0,40.0,55.0,5.0,6.0,2.7739726027397262,6.0,65.0,34.0,0,33.3,17.0,5.6,6.1,0.764,0.735
823650,2026-09-27,R,Texas Rangers,Minnesota Twins,4,6,1,MacKenzie Gore,Dean Kremer,7.0,6.0,3.5136986301369864,4.0,52.0,57.0,5.0,5.0,4.011428571428572,4.666666666666667,52.0,51.0,1,20.1,27.2,6.4,9.3,0.706,0.695
823731,2026-09-27,R,St. Louis Cardinals,Milwaukee Brewers,4,6,1,Andre Pallante,Jacob Misiorowski,7.0,3.0,2.2752808988764044,6.0,51.0,35.0,5.0,6.0,2.152173913043478,3.0,36.0,54.0,1,32.0,15.5,11.0,8.7,0.737,0.692
823814,2026-09-27,R,Atlanta Braves,Miami Marlins,3,5,1,JR Ritchie,Janson Junk,5.0,5.0,4.21875,7.666666666666667,50.0,53.0,5.0,5.0,4.6490066225165565,6.0,50.0,53.0,1,17.2,,2.9,,0.729,0.721
824055,2026-09-27,R,Cleveland Guardians,Kansas City Royals,2,3,1,Parker Messick,Daniel Lynch IV,5.0,4.0,6.649253731343284,2.6666666666666665,54.0,84.0,5.0,5.0,2.4545454545454546,3.0,70.0,44.0,0,15.6,23.0,9.0,3.6,0.659,0.647
824217,2026-09-27,R,Pittsburgh Pirates,Detroit Tigers,4,2,0,Jared Jones,River Ryan,6.0,3.0,3.457317073170732,3.6666666666666665,63.0,53.0,5.0,7.0,3.338709677419355,7.0,49.0,48.0,1,,,,,0.712,0.662
824542,2026-09-27,R,Colorado Rockies,Chicago White Sox,2,4,1,Kyle Freeland,Anthony Kay,5.0,4.0,3.7611940298507465,8.333333333333334,78.0,60.0,5.0,3.0,3.3934426229508197,6.0,55.0,83.0,1,,17.5,,5.4,0.699,0.679
824705,2026-09-27,R,Chicago Cubs,Boston Red Sox,6,2,0,Shota Imanaga,Tanner Houck,503.0,2.3333333333333335,1.296,0.0,28.0,31.0,5.0,5.0,4.104,0.0,48.0,44.0,1,15.8,20.6,8.4,4.6,0.743,0.751
824948,2026-09-27,R,Houston Astros,Athletics,9,0,0,Peter Lambert,Seth Johnson,,,4.470198675496689,4.0,51.0,76.0,3.0,2.6666666666666665,4.7368421052631575,2.0,60.0,58.0,0,31.5,,7.4,,0.752,0.706
849843,2026-09-29,F,Chicago Cubs,San Diego Padres,0,8,1,Matthew Boyd,Michael King,7.0,4.0,4.14,0.0,75.0,57.0,5.0,7.0,3.7674418604651163,0.0,44.0,39.0,0,24.7,21.4,8.4,5.8,0.691,0.751
849845,2026-09-29,F,Philadelphia Phillies,Atlanta Braves,3,5,1,Jesús Luzardo,Chris Sale,6.0,5.666666666666667,3.796875,0.0,46.0,42.0,22.0,9.0,5.7073170731707314,0.0,38.0,54.0,0,32.4,28.5,6.3,7.5,0.716,0.747
849849,2026-09-29,F,Chicago White Sox,Houston Astros,6,3,0,Hagen Smith,AJ Blubaugh,367.0,4.0,3.5084745762711864,0.0,65.0,44.0,19.0,2.0,4.302197802197802,0.0,74.0,56.0,0,28.0,,9.6,,0.74,0.666
849851,2026-09-29,F,Boston Red Sox,New York Yankees,0,9,1,Payton Tolle,Cam Schlittler,5.0,3.0,3.347107438016529,0.0,54.0,46.0,7.0,5.666666666666667,1.6119402985074627,0.0,26.0,36.0,0,27.6,25.7,10.2,10.8,0.797,0.745
849841,2026-09-30,F,Philadelphia Phillies,Atlanta Braves,4,3,0,Cristopher Sánchez,Tyler Mahle,6.0,5.0,3.826771653543307,2.6666666666666665,45.0,42.0,5.0,7.0,6.165354330708661,3.0,38.0,53.0,1,19.1,26.3,8.4,5.5,0.716,0.764
